Source,Company Name,"If in HubSpot, tagged as what sub industry?",Added to Hubspot? (Yes/No),Linkedin stated employee size,Linkedin actual employee size,Website Link
https://financialadvisers.co.uk/financial-planning/taunton/?pl_p=1&pl_m=40,Nathan  Bater,,,,,
https://financialadvisers.co.uk/financial-planning/taunton/?pl_p=1&pl_m=40,Stephen Hubbuck,,,,,
https://financialadvisers.co.uk/financial-planning/taunton/?pl_p=1&pl_m=40,Charlene Coulbeck,,,,,
https://financialadvisers.co.uk/financial-planning/taunton/?pl_p=1&pl_m=40,Stuart Lane,,,,,
https://financialadvisers.co.uk/financial-planning/taunton/?pl_p=1&pl_m=40,Daniel Lowdon,,,,,
https://financialadvisers.co.uk/financial-planning/taunton/?pl_p=1&pl_m=40,Quantock Financial Services Ltd,I - IFA,No,1-10,4,quantockfinancial.co.uk
https://financialadvisers.co.uk/financial-planning/taunton/?pl_p=1&pl_m=40,121-Advice Ltd,I - IFA,No,,1,121-advice.com
https://financialadvisers.co.uk/financial-planning/taunton/?pl_p=1&pl_m=40,W&T Limited,I - IFA,No,1-10,7,blackdownfinancial.co.uk
https://financialadvisers.co.uk/financial-planning/taunton/?pl_p=1&pl_m=40,Beaufort Financial Planning (South West) Limited,I - IFA,No,,,beaufortplanningsw.co.uk
https://financialadvisers.co.uk/financial-planning/taunton/?pl_p=1&pl_m=40,Invest Southwest Ltd,I - IFA,No,11-50,37,investsouthwest.co.uk
https://financialadvisers.co.uk/financial-planning/taunton/?pl_p=1&pl_m=40,Govier Financial Planning Limited,I - IFA,No,"1,001-5,000",3514,partnership.sjp.co.uk/partner/govierfinancialplanningltd
https://financialadvisers.co.uk/financial-planning/taunton/?pl_p=1&pl_m=40,Cooper Associates Wealth Management Ltd,I - IFA,No,51-200,77,thecooperway.com/wealth-management
https://financialadvisers.co.uk/financial-planning/taunton/?pl_p=1&pl_m=40,Keyte Limited,I - IFA,No,1-10,7,keyte.co
https://financialadvisers.co.uk/financial-planning/taunton/?pl_p=1&pl_m=40,Quantock Analytical Ltd,I - IFA,No,1-10,4,quantockanalytical.co.uk
https://financialadvisers.co.uk/financial-planning/taunton/?pl_p=1&pl_m=40,Cole Wealth Management Ltd,I - IFA,No,"1,001-5,000",3514,colewealthmanagement.co.uk
https://financialadvisers.co.uk/financial-planning/taunton/?pl_p=2&pl_m=40,Lloyd and Whyte (Financial Services) Limited,I - IFA,No,201-500,144,lloydwhyte.com
https://financialadvisers.co.uk/financial-planning/taunton/?pl_p=2&pl_m=40,Kenyon Clarke Financial Services Ltd,I - IFA,No,1-10,2,kenyonclarke.co.uk
https://financialadvisers.co.uk/financial-planning/taunton/?pl_p=2&pl_m=40,Plumptree Kilby,I - IFA,No,,,pkifa.co.uk
https://financialadvisers.co.uk/financial-planning/taunton/?pl_p=2&pl_m=40,Oyster Financial Services Ltd,,,,,
https://financialadvisers.co.uk/financial-planning/taunton/?pl_p=2&pl_m=40,KME Financial Planning Limited,I - IFA,No,"5,001-10,000",2710,mandgwealth.com/kmefinancialplanning
https://financialadvisers.co.uk/financial-planning/taunton/?pl_p=2&pl_m=40,Heritage Independent Financial Consultancy Ltd,I - IFA,No,,,heritage-ifc.com
https://financialadvisers.co.uk/financial-planning/taunton/?pl_p=2&pl_m=40,A M Ruthven & Associates Ltd,I - IFA,No,1-10,1,ruthvenassociates.co.uk
https://financialadvisers.co.uk/financial-planning/taunton/?pl_p=2&pl_m=40,STEVEN SIDHU WEALTH MANAGEMENT LTD,I - DFM without Centralised Research; I - IFA,No,1,60,visionifp.co.uk
https://financialadvisers.co.uk/financial-planning/taunton/?pl_p=2&pl_m=40,Western Financial Planning Ltd,I - IFA,No,,1,westernfinancialplanning.co.uk
https://financialadvisers.co.uk/financial-planning/taunton/?pl_p=2&pl_m=40,Liberate Wealth (Taunton) Limited,I - IFA,No,,,staffordhouseinvestments.co.uk
https://financialadvisers.co.uk/financial-planning/taunton/?pl_p=2&pl_m=40,Albert Goodman Financial Planning Limited,I - IFA,No,201-500,284,albertgoodman.co.uk
https://financialadvisers.co.uk/financial-planning/taunton/?pl_p=2&pl_m=40,Brett Andrews,I - IFA,No,,,bafinancialservices.co.uk
https://financialadvisers.co.uk/financial-planning/taunton/?pl_p=2&pl_m=40,Financial Planning For Professionals Limited,I - IFA,No,,,mlifa.co.uk
https://financialadvisers.co.uk/financial-planning/taunton/?pl_p=2&pl_m=40,Milsted Langdon Financial Services Limited,I - IFA,No,,,mlifa.co.uk
https://financialadvisers.co.uk/financial-planning/taunton/?pl_p=2&pl_m=40,Nigel Cousins,,,,,
https://financialadvisers.co.uk/financial-planning/taunton/?pl_p=3&pl_m=40,Ross Harrison,I - IFA,No,,,mainsailfp.co.uk
https://financialadvisers.co.uk/financial-planning/taunton/?pl_p=3&pl_m=40,Jade Burrell,I - IFA,No,"1,001-5,000",3514,partnership.sjp.co.uk/partner/burrellfinancialplanning
https://financialadvisers.co.uk/financial-planning/taunton/?pl_p=3&pl_m=40,Vision Financial Ltd,I - DFM without Centralised Research; I - IFA,No,1,60,visionifp.co.uk
https://financialadvisers.co.uk/financial-planning/taunton/?pl_p=3&pl_m=40,Sean Davey,I - DFM without Centralised Research; I - IFA,No,"1,001-5,000",3514,sjpp.co.uk/seandavey
https://financialadvisers.co.uk/financial-planning/taunton/?pl_p=3&pl_m=40,Ford Wealth Management LLP,I - IFA,No,,,darrenford.co.uk
https://financialadvisers.co.uk/financial-planning/taunton/?pl_p=3&pl_m=40,Premier Financial Planning Ltd,I - IFA,No,11-50,,pfp-ltd.com
https://financialadvisers.co.uk/financial-planning/taunton/?pl_p=3&pl_m=40,Chetwood Wealth Management Ltd,I - IFA,No,11-50,25,chetwoodwm.co.uk
https://financialadvisers.co.uk/financial-planning/taunton/?pl_p=3&pl_m=40,Chetwood Private Wealth Limited,I - IFA,No,,,CHETWOODPW.CO.UK
https://financialadvisers.co.uk/financial-planning/taunton/?pl_p=3&pl_m=40,Emericks Financial Services Limited,I - IFA,No,,,emericksfs.co.uk
https://financialadvisers.co.uk/financial-planning/taunton/?pl_p=3&pl_m=40,Lee Dunkley Wealth Management LTD,I - IFA,No,"5,001-10,000",2710,mandgwealth.com/leedunkleywealthmanagement
https://financialadvisers.co.uk/financial-planning/taunton/?pl_p=3&pl_m=40,Andy Stowell Financial Planning Limited,I - IFA,No,"5,001-10,000",2710,mandgwealth.com/andystowellfinancialplanning
https://financialadvisers.co.uk/financial-planning/taunton/?pl_p=3&pl_m=40,Nuttall Wealth Management Ltd,I - IFA,No,"1,001-5,000",3514,partnership.sjp.co.uk/partner/nuttallwm
https://financialadvisers.co.uk/financial-planning/taunton/?pl_p=3&pl_m=40,MJC Financial Planning Limited,I - IFA,No,,2,mjcfp.co.uk
https://financialadvisers.co.uk/financial-planning/taunton/?pl_p=3&pl_m=40,Thomas Penn Partnership Ltd,I - IFA,No,,,tpp-limited.com
https://financialadvisers.co.uk/financial-planning/taunton/?pl_p=3&pl_m=40,Andrew O'Connor,I - IFA,No,1-10,1,intouchinvestments.co.uk
https://financialadvisers.co.uk/financial-planning/taunton/?pl_p=4&pl_m=40,A Finance Limited,I - IFA,No,,,afinance.co.uk
https://financialadvisers.co.uk/financial-planning/taunton/?pl_p=4&pl_m=40,Generation Wealth Ltd,I - IFA,No,1-10,4,generationwealth.co.uk
https://financialadvisers.co.uk/financial-planning/taunton/?pl_p=4&pl_m=40,Carrington Bond Wealth Management,I - IFA,No,,,carringtonbond.co.uk
https://financialadvisers.co.uk/financial-planning/taunton/?pl_p=4&pl_m=40,Rossiter Wealth Management Ltd,,,,,
https://financialadvisers.co.uk/financial-planning/taunton/?pl_p=4&pl_m=40,Schaefer Financial Management Limited,I - IFA,No,,,schaeferfinancial.co.uk
https://financialadvisers.co.uk/financial-planning/taunton/?pl_p=4&pl_m=40,Manders Financial Services Limited,I - IFA,No,1-10,9,mandersfinancialservices.co.uk
https://financialadvisers.co.uk/financial-planning/taunton/?pl_p=4&pl_m=40,Nexus Financial Planning,I - IFA,No,11-50,16,nexusifa.co.uk
https://financialadvisers.co.uk/financial-planning/taunton/?pl_p=4&pl_m=40,Nexus IFA Limited,I - IFA,No,11-50,16,nexusifa.co.uk
https://financialadvisers.co.uk/financial-planning/taunton/?pl_p=4&pl_m=40,Fairwater Financial Services Ltd,,,,,
https://financialadvisers.co.uk/financial-planning/taunton/?pl_p=4&pl_m=40,Michael Milne Wealth Management Ltd,I - IFA,No,,,michaelmilne.co.uk
https://financialadvisers.co.uk/financial-planning/taunton/?pl_p=4&pl_m=40,Bluebell Financial Management Limited,I - IFA,No,1-10,2,bluebellfinancialmanagement.co.uk
https://financialadvisers.co.uk/financial-planning/taunton/?pl_p=4&pl_m=40,Milford and Dormor Financial Planning Limited,I - IFA,No,,,milfordanddormor.co.uk
https://financialadvisers.co.uk/financial-planning/taunton/?pl_p=4&pl_m=40,South Somerset Mortgages Ltd,,,,,
https://financialadvisers.co.uk/financial-planning/taunton/?pl_p=4&pl_m=40,Michael Raymond,I - IFA,No,,,brightfinancialplanning.co.uk
https://financialadvisers.co.uk/financial-planning/taunton/?pl_p=4&pl_m=40,Med-Ex Financial Advisory Services Limited,I - IFA,No,1-10,9,med-ex.co.uk
https://financialadvisers.co.uk/financial-planning/taunton/?pl_p=5&pl_m=40,First Affinity Limited,I - IFA,No,11-50,,firstaffinity.co.uk
https://financialadvisers.co.uk/financial-planning/taunton/?pl_p=5&pl_m=40,Westward Financial Management Limited,I - IFA,No,,,westward-fm.com
https://financialadvisers.co.uk/financial-planning/taunton/?pl_p=5&pl_m=40,David Travers Financial Services,I - IFA,No,,,eclipse.co.uk
https://financialadvisers.co.uk/financial-planning/taunton/?pl_p=5&pl_m=40,Royall Mortgage Services Limited,I - IFA,No,1-10,1,royallmortgageservices.com
https://financialadvisers.co.uk/financial-planning/taunton/?pl_p=5&pl_m=40,Personal Financial Planning Services Limited,I - IFA,No,,,btopenworld.com
https://financialadvisers.co.uk/financial-planning/taunton/?pl_p=5&pl_m=40,Hamdon Financial Services Ltd,I - IFA,No,,,btconnect.com
https://financialadvisers.co.uk/financial-planning/taunton/?pl_p=5&pl_m=40,Find Peace of Mind Ltd,I - IFA,No,1-10,3,findpeaceofmind.co.uk
https://financialadvisers.co.uk/financial-planning/taunton/?pl_p=5&pl_m=40,Robson Financial Limited,I - IFA,No,1-10,11,robsonifa.co.uk
https://financialadvisers.co.uk/financial-planning/taunton/?pl_p=5&pl_m=40,PlanIt Future Financial Limited,I - IFA,No,,,planitfuture.co.uk
https://financialadvisers.co.uk/financial-planning/taunton/?pl_p=5&pl_m=40,Tierney Financial Services Ltd,I - IFA,No,,,ifaadviser.co.uk
https://financialadvisers.co.uk/financial-planning/taunton/?pl_p=5&pl_m=40,Carter Dawes IFA Solutions Limited,I - IFA,No,11-50,25,carterdawes.com
https://financialadvisers.co.uk/financial-planning/taunton/?pl_p=5&pl_m=40,Citadel Financial Solutions Ltd,I - DFM without Centralised Research; I - IFA,No,1,60,visionifp.co.uk
https://financialadvisers.co.uk/financial-planning/taunton/?pl_p=5&pl_m=40,P J Watts Independent Financial Adviser Ltd,I - IFA,No,,,kwlwealth.com
https://financialadvisers.co.uk/financial-planning/taunton/?pl_p=5&pl_m=40,Rumwell Financial Services Ltd,I - IFA,No,,,rumwellfs.co.uk
https://financialadvisers.co.uk/financial-planning/taunton/?pl_p=5&pl_m=40,Simply Advice Ltd,I - IFA,No,1-10,5,simplyadvice.co.uk
https://financialadvisers.co.uk/financial-planning/taunton/?pl_p=6&pl_m=40,Mayfield Investment Management Limited,I - IFA,No,1-10,3,mayfieldim.co.uk
https://financialadvisers.co.uk/financial-planning/taunton/?pl_p=6&pl_m=40,Hestia Mortgages Ltd,I - IFA,No,1-10,2,hestiamortgages.co.uk
https://financialadvisers.co.uk/financial-planning/taunton/?pl_p=6&pl_m=40,Ballantine Wealth Management Limited,I - IFA,No,,6,ballantinewm.co.uk
https://financialadvisers.co.uk/financial-planning/taunton/?pl_p=6&pl_m=40,Positive Wealth Creation Ltd,I - IFA,No,1-10,4,pwcltd.co.uk
https://financialadvisers.co.uk/financial-planning/taunton/?pl_p=6&pl_m=40,Watermark Wealth Management Limited,I - IFA,No,11-50,11,wwm.ltd
https://financialadvisers.co.uk/financial-planning/taunton/?pl_p=6&pl_m=40,Morris Trice Associates Ltd,I - IFA,No,,,morristrice.co.uk
https://financialadvisers.co.uk/financial-planning/taunton/?pl_p=6&pl_m=40,Stepping Stones Financial Advisers Ltd,,,,,
https://financialadvisers.co.uk/financial-planning/taunton/?pl_p=6&pl_m=40,Hill Hannay Wealth Management Ltd,,,,,
https://financialadvisers.co.uk/financial-planning/taunton/?pl_p=6&pl_m=40,Stephen Elvin Independent Financial Advice Ltd,,,,,
https://financialadvisers.co.uk/financial-planning/taunton/?pl_p=6&pl_m=40,Paul David Streeter,I - IFA,No,201-500,172,first-financial.co.uk
https://financialadvisers.co.uk/financial-planning/taunton/?pl_p=6&pl_m=40,William Human,I - IFA,No,,,willhuman.co.uk
https://financialadvisers.co.uk/financial-planning/taunton/?pl_p=6&pl_m=40,Paul Forman-Cummings,I - IFA,No,,,paulformanfs.co.uk
https://financialadvisers.co.uk/financial-planning/taunton/?pl_p=6&pl_m=40,Forgeron Financial Planning Ltd,I - IFA,No,,,outlook.com
https://financialadvisers.co.uk/financial-planning/taunton/?pl_p=6&pl_m=40,Davey Wealth Management Ltd,I - IFA,No,,,daveywm.co.uk
https://financialadvisers.co.uk/financial-planning/taunton/?pl_p=6&pl_m=40,Paul Hipkiss,I - IFA,No,,1,paulhipkiss.co.uk
https://financialadvisers.co.uk/financial-planning/taunton/?pl_p=7&pl_m=40,Hugh Thompson,I - IFA,No,,7,thompsonfinancialplanning.co.uk
https://financialadvisers.co.uk/financial-planning/taunton/?pl_p=7&pl_m=40,Hamilton Wealth Planning Limited,I - IFA,No,,,hamiltonwealthplanning.co.uk
https://financialadvisers.co.uk/financial-planning/taunton/?pl_p=7&pl_m=40,Bright Future Financial Ltd,I - IFA,No,1-10,2,brightfuturefinancial.co.uk
https://financialadvisers.co.uk/financial-planning/taunton/?pl_p=7&pl_m=40,Northseam Limited,,,,,
https://financialadvisers.co.uk/financial-planning/taunton/?pl_p=7&pl_m=40,Ogilvie Thorne Limited,,,,,
https://financialadvisers.co.uk/financial-planning/taunton/?pl_p=7&pl_m=40,Medical and General Independent Financial Advisers Ltd,I - IFA,No,11-50,10,medicalandgeneral.co.uk
https://financialadvisers.co.uk/financial-planning/taunton/?pl_p=7&pl_m=40,Blue Fox Wealth Management Limited,I - IFA,No,1-10,1,bluefoxwealth.co.uk
https://financialadvisers.co.uk/financial-planning/taunton/?pl_p=7&pl_m=40,Ian Rennard Financial Planning,I - IFA,No,,,ianrennardfp.co.uk
https://financialadvisers.co.uk/financial-planning/taunton/?pl_p=7&pl_m=40,Otter Financial Services Limited,I - IFA,No,1-10,,otterfinancial.co.uk
https://financialadvisers.co.uk/financial-planning/taunton/?pl_p=7&pl_m=40,Chalice Financial Planning Limited,I - IFA,No,,,chalicefinancialplanning.co.uk
https://financialadvisers.co.uk/financial-planning/taunton/?pl_p=7&pl_m=40,Bob Farrington Ltd,I - IFA,No,,,bobfarrington.ifa-web.co.uk
https://financialadvisers.co.uk/financial-planning/taunton/?pl_p=7&pl_m=40,Buxton Beresford Financial Planning Ltd,I - IFA,No,1,,buxtonberesford.co.uk
https://financialadvisers.co.uk/financial-planning/taunton/?pl_p=7&pl_m=40,Samantha Thorpe,I - IFA,No,"1,001-5,000",3514,partnership.sjp.co.uk/samthorpe
https://financialadvisers.co.uk/financial-planning/taunton/?pl_p=7&pl_m=40,James & Associates Financial Services Ltd,I - IFA,No,,,jamesandassociates.co.uk
https://financialadvisers.co.uk/financial-planning/taunton/?pl_p=7&pl_m=40,Simon Turner Financial Consultants,I - IFA,No,,,simonturnerfc.co.uk
https://financialadvisers.co.uk/financial-planning/taunton/?pl_p=8&pl_m=40,Simply IFA Limited,I - IFA,No,,,simplyifa.com
https://financialadvisers.co.uk/financial-planning/taunton/?pl_p=8&pl_m=40,Adanac Financial Services Ltd,I - IFA,No,1-10,8,adanac.biz
https://financialadvisers.co.uk/financial-planning/taunton/?pl_p=8&pl_m=40,Old Mill Financial Planning Limited,I - IFA,No,201-500,354,om.uk
https://financialadvisers.co.uk/financial-planning/taunton/?pl_p=8&pl_m=40,Quro Financial Solutions Ltd,I - IFA,No,,,qurofs.uk
https://financialadvisers.co.uk/financial-planning/taunton/?pl_p=8&pl_m=40,John Hall Financial Services Ltd,,,,,
https://financialadvisers.co.uk/financial-planning/taunton/?pl_p=8&pl_m=40,Jasmine Financial Services Limited,,,,,
https://financialadvisers.co.uk/financial-planning/taunton/?pl_p=8&pl_m=40,Celia Johnson,I - IFA,No,"1,001-5,000",3514,celiajohnsonwm.co.uk
https://financialadvisers.co.uk/financial-planning/taunton/?pl_p=8&pl_m=40,Maidenhead Independent Limited,,,,,
https://financialadvisers.co.uk/financial-planning/taunton/?pl_p=8&pl_m=40,Wynford Davies & Co,,,,,
https://financialadvisers.co.uk/financial-planning/taunton/?pl_p=8&pl_m=40,Eastgate Financial Services (Exeter) Limited,I - IFA,No,,,eastgatefs.co.uk
https://financialadvisers.co.uk/financial-planning/taunton/?pl_p=8&pl_m=40,Mortgage Mind Financial Solutions Ltd,,,,,
https://financialadvisers.co.uk/financial-planning/taunton/?pl_p=8&pl_m=40,Investment & Financial Solutions Partnership LLP,I - IFA,No,,,ifsp-llp.co.uk
https://financialadvisers.co.uk/financial-planning/taunton/?pl_p=8&pl_m=40,Probert Financial Ltd,I - IFA,No,201-500,323,2plan.com
https://financialadvisers.co.uk/financial-planning/taunton/?pl_p=8&pl_m=40,QED Wealth Management Ltd,I - IFA,No,1-10,1,qedwm.com
https://financialadvisers.co.uk/financial-planning/taunton/?pl_p=8&pl_m=40,Meldon & Co Ltd,I - IFA,No,,,meldonandco.uk
https://financialadvisers.co.uk/financial-planning/taunton/?pl_p=9&pl_m=40,Seventy Six Financial Planning Ltd,I - IFA,No,,,seventysixfp.co.uk
https://financialadvisers.co.uk/financial-planning/taunton/?pl_p=9&pl_m=40,Sage Independent Advisers Ltd,I - IFA,No,,,sageindadvisers.co.uk
https://financialadvisers.co.uk/financial-planning/taunton/?pl_p=9&pl_m=40,Beechcroft Wealth Management,I - IFA,No,,,beechcroftwm.co.uk
https://financialadvisers.co.uk/financial-planning/taunton/?pl_p=9&pl_m=40,Laver Wealth Management Limited,I - IFA,No,1-10,5,laverwealth.co.uk
https://financialadvisers.co.uk/financial-planning/taunton/?pl_p=9&pl_m=40,RFC Financial Services Ltd,I - IFA,No,1-10,,rfcfinancial.co.uk
https://financialadvisers.co.uk/financial-planning/taunton/?pl_p=9&pl_m=40,Dean Scott,I - IFA,No,,,mendipwm.co.uk
https://financialadvisers.co.uk/financial-planning/taunton/?pl_p=9&pl_m=40,November March Limited,I - IFA,No,,,molyneuxfp.co.uk
https://financialadvisers.co.uk/financial-planning/taunton/?pl_p=9&pl_m=40,Lab Financial Planning Ltd,I - IFA,No,,,labfp.co.uk
https://financialadvisers.co.uk/financial-planning/taunton/?pl_p=9&pl_m=40,Joyce Oliver,I - IFA,No,,1,joyceoliver.co.uk
https://financialadvisers.co.uk/financial-planning/taunton/?pl_p=9&pl_m=40,Churchill Investments Plc,I - IFA,No,11-50,5,churchillinvestments.co.uk
https://financialadvisers.co.uk/financial-planning/taunton/?pl_p=9&pl_m=40,Mayfair Associates,I - IFA,No,,,mayfairproperties.net
https://financialadvisers.co.uk/financial-planning/taunton/?pl_p=9&pl_m=40,John Katsouris & Company,I - IFA,No,"501-1,000",753,openwork.uk.com
https://financialadvisers.co.uk/financial-planning/taunton/?pl_p=9&pl_m=40,Benjamin Warren,I - IFA,No,1-10,7,silveroakfs.co.uk
https://financialadvisers.co.uk/financial-planning/taunton/?pl_p=9&pl_m=40,Gardiner Page & Roe Personal & Corporate Financial Planning,I - IFA,No,"501-1,000",753,openwork.uk.com
https://financialadvisers.co.uk/financial-planning/taunton/?pl_p=9&pl_m=40,Jonathan West,I - IFA,No,"1,001-5,000",3514,partnership.sjp.co.uk/partner/jonathanwest
https://financialadvisers.co.uk/financial-planning/taunton/?pl_p=10&pl_m=40,Breed Elliott (S.W.) Limited,I - IFA,No,,,breedelliott.com
https://financialadvisers.co.uk/financial-planning/taunton/?pl_p=10&pl_m=40,Whichers IFA LIMITED,I - IFA,No,11-50,39,dmsluk.com
https://financialadvisers.co.uk/financial-planning/taunton/?pl_p=10&pl_m=40,Shipman Wealth Management Ltd,I - IFA,No,51-200,18,shipmanwm.co.uk
https://financialadvisers.co.uk/financial-planning/taunton/?pl_p=10&pl_m=40,Shipman Financial Planning Ltd,I - IFA,No,11-50,24,shipmanfp.co.uk
https://financialadvisers.co.uk/financial-planning/taunton/?pl_p=10&pl_m=40,Gillinghams Independent Financial Advisers Ltd,I - IFA,No,1-10,5,gillinghamsifa.co.uk
https://financialadvisers.co.uk/financial-planning/taunton/?pl_p=10&pl_m=40,Sandle Nash Limited,I - IFA,No,1-10,3,sandlenash.co.uk
https://financialadvisers.co.uk/financial-planning/taunton/?pl_p=10&pl_m=40,Quinn & Amanda McCarthy,I - IFA,No,"501-1,000",753,openwork.uk.com
https://financialadvisers.co.uk/financial-planning/taunton/?pl_p=10&pl_m=40,Explore Money Ltd,I - IFA,No,,2,mawbeyifa.co.uk
https://financialadvisers.co.uk/financial-planning/taunton/?pl_p=10&pl_m=40,Fiveways Financial Planning Limited,I - IFA,No,11-50,13,fivewaysfp.co.uk
https://financialadvisers.co.uk/financial-planning/taunton/?pl_p=10&pl_m=40,Littlewell Financial Management Limited,I - IFA,No,,,littlewell.co.uk
https://financialadvisers.co.uk/financial-planning/taunton/?pl_p=10&pl_m=40,Bespoke Financial Advice Limited,I - IFA,No,,1,bespokefinancial.co.uk
https://financialadvisers.co.uk/financial-planning/taunton/?pl_p=10&pl_m=40,Tracey Payne,I - IFA,No,"1,001-5,000",3514,partnership.sjp.co.uk/partner/traceypayne
https://financialadvisers.co.uk/financial-planning/taunton/?pl_p=10&pl_m=40,Fort Financial Planning Ltd,I - IFA,No,1-10,5,ffp.org.uk
https://financialadvisers.co.uk/financial-planning/taunton/?pl_p=10&pl_m=40,PBF Wealth Management Ltd,I - IFA,No,,,pbfwm.co.uk
https://financialadvisers.co.uk/financial-planning/taunton/?pl_p=10&pl_m=40,Neales Financial Management Limited,I - IFA,No,,,nealesfmgt.co.uk
https://financialadvisers.co.uk/financial-planning/taunton/?pl_p=11&pl_m=40,VISION WEST & WALES LIMITED,I - IFA,No,1-10,2,visionwestandwales.co.uk
https://financialadvisers.co.uk/financial-planning/taunton/?pl_p=11&pl_m=40,Rajen Chowtee,I - IFA,No,,,rajchowtee.co.uk
https://financialadvisers.co.uk/financial-planning/taunton/?pl_p=11&pl_m=40,WESTON MORTGAGES ONLINE LTD,I - IFA,No,,,swmortgages.com
https://financialadvisers.co.uk/financial-planning/taunton/?pl_p=11&pl_m=40,Aureus Wealth Management Ltd,I - DFM without Centralised Research; I - IFA,No,1,60,visionifp.co.uk
https://financialadvisers.co.uk/financial-planning/taunton/?pl_p=11&pl_m=40,Beewise FS Ltd,I - IFA,No,1-10,3,beewisefs.co.uk
https://financialadvisers.co.uk/financial-planning/taunton/?pl_p=11&pl_m=40,The Exeter Practice Limited,I - IFA,No,,,boulterbowen.co.uk
https://financialadvisers.co.uk/financial-planning/taunton/?pl_p=11&pl_m=40,Strawberry Invest Limited,I - IFA,No,1-10,4,strawberryinvest.com
https://financialadvisers.co.uk/financial-planning/taunton/?pl_p=11&pl_m=40,Francis Clark Financial Planning Ltd,I - IFA,No,51-200,53,fcfp.co.uk
https://financialadvisers.co.uk/financial-planning/taunton/?pl_p=11&pl_m=40,PAUL BARNFIELD FINANCIAL PLANNING LTD,I - DFM without Centralised Research; I - IFA,No,1,60,visionifp.co.uk
https://financialadvisers.co.uk/financial-planning/taunton/?pl_p=11&pl_m=40,Church House Investments Limited,I - Asset Manager with Multi-Asset; I - DFM without Centralised Research; I - IFA,No,11-50,28,ch-investments.co.uk
https://financialadvisers.co.uk/financial-planning/taunton/?pl_p=11&pl_m=40,Neligan Financial Limited,I - IFA,No,1,1,neliganfinancial.co.uk
https://financialadvisers.co.uk/financial-planning/taunton/?pl_p=11&pl_m=40,City Financial Planning (Exeter) Limited,I - IFA,No,,,cityfinancialplanningexeter.co.uk
https://financialadvisers.co.uk/financial-planning/taunton/?pl_p=11&pl_m=40,Westerwood Financial Planning LTD,I - IFA,No,"5,001-10,000",2710,mandgwealth.com/westerwoodfinancialplanning
https://financialadvisers.co.uk/financial-planning/taunton/?pl_p=11&pl_m=40,Aquila Financial Management Limited,I - IFA,No,11-50,15,aquilafm.co.uk
https://financialadvisers.co.uk/financial-planning/taunton/?pl_p=11&pl_m=40,Davies Wealth Management Ltd,I - IFA,No,1-10,3,kevindavieswm.co.uk
https://financialadvisers.co.uk/financial-planning/taunton/?pl_p=12&pl_m=40,Hawksmoor Investment Management Ltd,I - Asset Manager without Multi-Asset; I - DFM with Centralised Research; I - IFA,No,51-200,75,hawksmoorim.co.uk
https://financialadvisers.co.uk/financial-planning/taunton/?pl_p=12&pl_m=40,Yellowtail Financial Planning Ltd,I - IFA,No,1-10,7,yellowtail.co.uk
https://financialadvisers.co.uk/financial-planning/taunton/?pl_p=12&pl_m=40,Fowler Financial Planning Limited,I - IFA,No,1-10,8,fowlerfp.co.uk
https://financialadvisers.co.uk/financial-planning/taunton/?pl_p=12&pl_m=40,Safran (South West) Limited,I - IFA,No,,,randalls.co.uk
https://financialadvisers.co.uk/financial-planning/taunton/?pl_p=12&pl_m=40,Mark Bonning-Snook Ltd,I - IFA,No,"501-1,000",753,openwork.uk.com
https://financialadvisers.co.uk/financial-planning/taunton/?pl_p=12&pl_m=40,Beckworth Financial Services Ltd,I - IFA,No,1-10,6,beckworthifa.co.uk
https://financialadvisers.co.uk/financial-planning/taunton/?pl_p=12&pl_m=40,Westcotts Financial Management Limited,I - IFA,No,201-500,193,westcotts.uk
https://financialadvisers.co.uk/financial-planning/taunton/?pl_p=12&pl_m=40,Southernhay Financial Planning Limited,I - IFA,No,1-10,3,southernhayfinancialplanning.com
https://financialadvisers.co.uk/financial-planning/taunton/?pl_p=12&pl_m=40,J T Wealth Management Ltd,Invalid domain,No,,,partnership.sjp.co.ukpartnerjtwm
https://financialadvisers.co.uk/financial-planning/taunton/?pl_p=12&pl_m=40,PC Financial Planning Ltd,I - IFA,No,,,pcfinancialplanning.com
https://financialadvisers.co.uk/financial-planning/taunton/?pl_p=12&pl_m=40,Gilbert Stephens Financial Services Ltd,I - IFA,No,1-10,4,gilbertstephensfs.co.uk
https://financialadvisers.co.uk/financial-planning/taunton/?pl_p=12&pl_m=40,W & P Limited,I - IFA,No,,,wandpfs.co.uk
https://financialadvisers.co.uk/financial-planning/taunton/?pl_p=12&pl_m=40,Neil Gunn,I - IFA,No,"1,001-5,000",4281,uwclub.net
https://financialadvisers.co.uk/financial-planning/taunton/?pl_p=12&pl_m=40,Clearwater Financial Ltd,I - IFA,No,11-50,3,clearwaterfinancial.co.uk
https://financialadvisers.co.uk/financial-planning/taunton/?pl_p=12&pl_m=40,Foresight Financial Planning Limited,I - IFA,No,,,foresight-ltd.co.uk
https://financialadvisers.co.uk/financial-planning/taunton/?pl_p=13&pl_m=40,Estuary Financial Planning Ltd,I - IFA,No,"5,001-10,000",2710,mandgwealth.com/matthewcretneyfinancialplanning
https://financialadvisers.co.uk/financial-planning/taunton/?pl_p=13&pl_m=40,Chris Price Financial Consultancy Ltd,I - IFA,No,,,cpfc.org.uk
https://financialadvisers.co.uk/financial-planning/taunton/?pl_p=13&pl_m=40,Seabrook Clark Ltd,I - IFA,No,1-10,9,seabrookclark.co.uk
https://financialadvisers.co.uk/financial-planning/taunton/?pl_p=13&pl_m=40,Summit Financial Advisers And Wealth Management Ltd,I - Asset Manager with Multi-Asset; I - IFA,No,"5,001-10,000",2710,mandg.com
https://financialadvisers.co.uk/financial-planning/taunton/?pl_p=13&pl_m=40,Thompson Jenner Financial Services Limited,I - IFA,No,1-10,8,tjfs.co.uk
https://financialadvisers.co.uk/financial-planning/taunton/?pl_p=13&pl_m=40,Profecto Financial Services Ltd,I - IFA,No,1-10,2,profectofs.com
https://financialadvisers.co.uk/financial-planning/taunton/?pl_p=13&pl_m=40,Heaton Financial Independent Financial Advisers Limited,I - IFA,No,,,heatonfinancial.co.uk
https://financialadvisers.co.uk/financial-planning/taunton/?pl_p=13&pl_m=40,Rodney Spiller Wealth Management Ltd,I - IFA,No,1-10,8,rodneyspillerwm.co.uk
https://financialadvisers.co.uk/financial-planning/taunton/?pl_p=13&pl_m=40,Romilly Park Wealth Management Ltd,I - IFA,No,,,rpwm.co.uk
https://financialadvisers.co.uk/financial-planning/taunton/?pl_p=13&pl_m=40,Hawker and Palmer Wealth Management Limited,I - IFA,No,,,hawkerandpalmer.com
https://financialadvisers.co.uk/financial-planning/taunton/?pl_p=13&pl_m=40,Jon Houghton Limited,I - IFA,No,,,rubyfinancialmanagement.co.uk
https://financialadvisers.co.uk/financial-planning/taunton/?pl_p=13&pl_m=40,Vale Asset Management,I - IFA,No,1-10,1,valeam.co.uk
https://financialadvisers.co.uk/financial-planning/taunton/?pl_p=13&pl_m=40,Lionel David Eustace Thomas,I - IFA,No,,,thomas-crown.co.uk
https://financialadvisers.co.uk/financial-planning/taunton/?pl_p=13&pl_m=40,Howard Financial Services Limited,I - IFA,No,,,howardfinancialservices.co.uk
https://financialadvisers.co.uk/financial-planning/taunton/?pl_p=13&pl_m=40,Bespoke Financial Guidance Ltd,I - IFA,No,,1,bespokefinancial.co.uk
https://financialadvisers.co.uk/financial-planning/taunton/?pl_p=14&pl_m=40,Fortress Financial Services Limited,I - IFA,No,,,fortressfinancial.co.uk
https://financialadvisers.co.uk/financial-planning/taunton/?pl_p=14&pl_m=40,Holroyd Wealth Management Limited,,,,,
https://financialadvisers.co.uk/financial-planning/taunton/?pl_p=14&pl_m=40,T.M. Pullen,I - IFA,No,,,greendown.org.uk
https://financialadvisers.co.uk/financial-planning/taunton/?pl_p=14&pl_m=40,ANNA GIDMAN WEALTH MANAGEMENT LTD,,,,,
https://financialadvisers.co.uk/financial-planning/taunton/?pl_p=14&pl_m=40,BLANCHFORD FINANCIAL SERVICES LIMITED,I - Asset Manager with Multi-Asset; I - IFA,No,"5,001-10,000",2710,mandg.com
https://financialadvisers.co.uk/financial-planning/taunton/?pl_p=14&pl_m=40,Swan Wealth Management Ltd,I - IFA,No,,,swanwealthmanagement.co.uk
https://financialadvisers.co.uk/financial-planning/taunton/?pl_p=14&pl_m=40,Samantha Townsend,,,,,
https://financialadvisers.co.uk/financial-planning/taunton/?pl_p=14&pl_m=40,Michael Fox,I - IFA,No,,,foxfinancialmanagement.co.uk
https://financialadvisers.co.uk/financial-planning/taunton/?pl_p=14&pl_m=40,Franklin Davies (IFA) Ltd,I - IFA,No,,,franklindavies.com
https://financialadvisers.co.uk/financial-planning/taunton/?pl_p=14&pl_m=40,GM2 Ltd,I - IFA,No,1-10,6,gm2.co.uk
https://financialadvisers.co.uk/financial-planning/taunton/?pl_p=14&pl_m=40,Curo Advisers Limited,I - IFA,No,11-50,4,curoadvisers.com
https://financialadvisers.co.uk/financial-planning/taunton/?pl_p=14&pl_m=40,AC & J Financial Services Limited,,,,,
https://financialadvisers.co.uk/financial-planning/taunton/?pl_p=14&pl_m=40,Lime Wealth Limited,I - IFA,No,1-10,11,cadreadvisory.co.uk
https://financialadvisers.co.uk/financial-planning/taunton/?pl_p=14&pl_m=40,Martin Radford,,,,,
https://financialadvisers.co.uk/financial-planning/taunton/?pl_p=14&pl_m=40,Latham Independent Finance,I - IFA,No,,2,lathamindependentfinance.co.uk
https://financialadvisers.co.uk/financial-planning/taunton/?pl_p=15&pl_m=40,Three Wealth Management,I - IFA,No,,,threewealthmanagement.co.uk
https://financialadvisers.co.uk/financial-planning/taunton/?pl_p=15&pl_m=40,Romilly Associates IFA Limited,I - IFA,No,11-50,5,romillyifa.com
https://financialadvisers.co.uk/financial-planning/taunton/?pl_p=15&pl_m=40,Cardiff Financial Partnership LLP,I - IFA,No,,,cfp-llp.co.uk
https://financialadvisers.co.uk/financial-planning/taunton/?pl_p=15&pl_m=40,Voyager Financial Services Ltd,,,,,
https://financialadvisers.co.uk/financial-planning/taunton/?pl_p=15&pl_m=40,GRF Wealth Management Ltd,,,,,
https://financialadvisers.co.uk/financial-planning/taunton/?pl_p=15&pl_m=40,David Lyttleton Smith,I - IFA,No,51-200,20,pramworld.co.uk
https://financialadvisers.co.uk/financial-planning/taunton/?pl_p=15&pl_m=40,J. Edward Sellars & Partners Limited,I - IFA,No,11-50,6,jesellars.co.uk
https://financialadvisers.co.uk/financial-planning/taunton/?pl_p=15&pl_m=40,Meredith Morgan Taylor Ltd,,,,,
https://financialadvisers.co.uk/financial-planning/taunton/?pl_p=15&pl_m=40,Halen Wealth Limited,I - IFA,No,1,1,halenwealth.co.uk
https://financialadvisers.co.uk/financial-planning/taunton/?pl_p=15&pl_m=40,Avocet Wealth Partnership Ltd,I - IFA,No,1-10,7,avocetwealth.co.uk
https://financialadvisers.co.uk/financial-planning/taunton/?pl_p=15&pl_m=40,JBM Wealth Management Ltd,I - IFA,No,1-10,2,jbmwealth.co.uk
https://financialadvisers.co.uk/financial-planning/taunton/?pl_p=15&pl_m=40,ZC Financial Planning,I - IFA,No,"1,001-5,000",3514,partnership.sjp.co.uk/partner/zaccambourne
https://financialadvisers.co.uk/financial-planning/taunton/?pl_p=15&pl_m=40,Stewart Investment Planning Limited,I - IFA,No,,,stewartinvestmentplanning.co.uk
https://financialadvisers.co.uk/financial-planning/taunton/?pl_p=15&pl_m=40,William Highbourne Wealth Management Limited,I - IFA,No,11-50,6,williamhighbourne.com
https://financialadvisers.co.uk/financial-planning/taunton/?pl_p=15&pl_m=40,Fortuna Major Financial Planning Ltd,I - IFA,No,,5,fortunamajor.co.uk
https://financialadvisers.co.uk/financial-planning/taunton/?pl_p=16&pl_m=40,ST ANNE'S CAPITAL LIMITED,I - IFA,No,,,stannescapital.com
https://financialadvisers.co.uk/financial-planning/taunton/?pl_p=16&pl_m=40,Cameron Jones Financial Management Limited,I - IFA,No,1-10,8,cameronjonesfm.com
https://financialadvisers.co.uk/financial-planning/taunton/?pl_p=16&pl_m=40,Moneta Wealth Management Ltd,I - IFA,No,,,monetawealth.co.uk
https://financialadvisers.co.uk/financial-planning/taunton/?pl_p=16&pl_m=40,Douglas and Young Ltd,I - IFA,No,,,douglasandyoung.co.uk
https://financialadvisers.co.uk/financial-planning/taunton/?pl_p=16&pl_m=40,Britton Associates Wealth Management Ltd,I - IFA,No,1-10,2,brittonassociates.co.uk
https://financialadvisers.co.uk/financial-planning/taunton/?pl_p=16&pl_m=40,Huw Watts Independent Financial Planning Ltd,I - IFA,No,,,huwwatts-ifp.co.uk
https://financialadvisers.co.uk/financial-planning/taunton/?pl_p=16&pl_m=40,Spence Financial Ltd,I - IFA,No,,,spencefinancial.co.uk
https://financialadvisers.co.uk/financial-planning/taunton/?pl_p=16&pl_m=40,Andrew Pratt,I - IFA,No,,,andrewpratt.co.uk
https://financialadvisers.co.uk/financial-planning/taunton/?pl_p=16&pl_m=40,Somerset WM Limited,I - IFA,No,1-10,1,somersetwm.co.uk
https://financialadvisers.co.uk/financial-planning/taunton/?pl_p=16&pl_m=40,Centurion Wealth Management Limited,I - IFA,No,11-50,13,centurioncfp.co.uk
https://financialadvisers.co.uk/financial-planning/taunton/?pl_p=16&pl_m=40,Coleridge Wealth Management Limited,I - IFA,No,1-10,1,coleridgewm.co.uk
https://financialadvisers.co.uk/financial-planning/taunton/?pl_p=16&pl_m=40,Golden Valley Financial Planning Limited,I - IFA,No,"5,001-10,000",2710,mandgwealth.com/goldenvalleyfinancialplanning
https://financialadvisers.co.uk/financial-planning/taunton/?pl_p=16&pl_m=40,Jon Cowgill,I - IFA,No,,,cowgillwealthmanagement.co.uk
https://financialadvisers.co.uk/financial-planning/taunton/?pl_p=16&pl_m=40,Sanctuary Financial Ltd,I - IFA,No,1-10,6,sanfp.co.uk
https://financialadvisers.co.uk/financial-planning/taunton/?pl_p=16&pl_m=40,Thompson Tobin Financial Ltd,I - IFA,No,,,thompson-tobin.co.uk
https://financialadvisers.co.uk/financial-planning/taunton/?pl_p=17&pl_m=40,Bevan Charles Limited,I - IFA,No,,,bevancharles.co.uk
https://financialadvisers.co.uk/financial-planning/taunton/?pl_p=17&pl_m=40,PENGUIN WEALTH PLANNERS LIMITED,I - IFA,No,11-50,46,penguinwealth.com
https://financialadvisers.co.uk/financial-planning/taunton/?pl_p=17&pl_m=40,Wychwood Financial Services Limited,I - IFA,No,,,wychwoodfs.co.uk
https://financialadvisers.co.uk/financial-planning/taunton/?pl_p=17&pl_m=40,Heritage Financial Consultancy Limited,I - IFA,No,,,heritagefc.co.uk
https://financialadvisers.co.uk/financial-planning/taunton/?pl_p=17&pl_m=40,Hugh James Solicitors,I - IFA,No,"501-1,000",697,hughjames.com
https://financialadvisers.co.uk/financial-planning/taunton/?pl_p=17&pl_m=40,Mike Smith IFA Limited,I - IFA,No,1-10,2,mikesmithifa.co.uk
https://financialadvisers.co.uk/financial-planning/taunton/?pl_p=17&pl_m=40,Zensco Wealth Management Ltd,I - IFA,No,,,zenscowealth.com
https://financialadvisers.co.uk/financial-planning/taunton/?pl_p=17&pl_m=40,Dave Barry Wealth Management Limited,,,,,
https://financialadvisers.co.uk/financial-planning/taunton/?pl_p=17&pl_m=40,ValidPath Limited,I - IFA,No,51-200,44,validpath.co.uk
https://financialadvisers.co.uk/financial-planning/taunton/?pl_p=17&pl_m=40,ValidPath Financial Limited,I - IFA,No,51-200,21,rimbal.com
https://financialadvisers.co.uk/financial-planning/taunton/?pl_p=17&pl_m=40,Archytas Corporate Planning Ltd,I - IFA,No,1-10,1,archytas-strategic.com
https://financialadvisers.co.uk/financial-planning/taunton/?pl_p=17&pl_m=40,Six Q Financial Planning Limited,I - IFA,No,1-10,1,sixqfinancialplanning.co.uk
https://financialadvisers.co.uk/financial-planning/taunton/?pl_p=17&pl_m=40,Alma Vale Wealth Management Limited,I - IFA,No,,,almavalewealthmanagement.co.uk
https://financialadvisers.co.uk/financial-planning/taunton/?pl_p=17&pl_m=40,ROCKWEALTH CARDIFF LTD,I - IFA,No,,,cardiff-ifa.co.uk
https://financialadvisers.co.uk/financial-planning/taunton/?pl_p=17&pl_m=40,JLW Financial Solutions Ltd,I - IFA,No,,,jlwifa.co.uk
https://financialadvisers.co.uk/financial-planning/taunton/?pl_p=18&pl_m=40,Star House Financial Services Limited,I - IFA,No,1-10,8,star-house.co.uk
https://financialadvisers.co.uk/financial-planning/taunton/?pl_p=18&pl_m=40,Huw Williams,,,,,
https://financialadvisers.co.uk/financial-planning/taunton/?pl_p=18&pl_m=40,Hill & Co Financial Advisers Ltd,I - IFA,No,,,hillandcofa.co.uk
https://financialadvisers.co.uk/financial-planning/taunton/?pl_p=18&pl_m=40,Jolyon Roderick,I - IFA,No,,,jolyonroderickfp.co.uk
https://financialadvisers.co.uk/financial-planning/taunton/?pl_p=18&pl_m=40,GE Wealth Management Ltd,I - IFA,No,,,gewealthmanagement.co.uk
https://financialadvisers.co.uk/financial-planning/taunton/?pl_p=18&pl_m=40,Habitual Wealth Ltd,,,,,
https://financialadvisers.co.uk/financial-planning/taunton/?pl_p=18&pl_m=40,Richard John Owens,I - IFA,No,,,owenswealthmanagement.co.uk
https://financialadvisers.co.uk/financial-planning/taunton/?pl_p=18&pl_m=40,Joel Golding,I - IFA,No,"1,001-5,000",3514,partnership.sjp.co.uk/partner/goldingwealth
https://financialadvisers.co.uk/financial-planning/taunton/?pl_p=18&pl_m=40,Lauren Carless,I - IFA,No,"1,001-5,000",3514,partnership.sjp.co.uk/partner/lcfinancialplanning
https://financialadvisers.co.uk/financial-planning/taunton/?pl_p=18&pl_m=40,JP Private Clients LLP,I - IFA,No,,,jpprivateclients.co.uk
https://financialadvisers.co.uk/financial-planning/taunton/?pl_p=18&pl_m=40,Paul Jones,I - IFA,No,,,pjwealth.co.uk
https://financialadvisers.co.uk/financial-planning/taunton/?pl_p=18&pl_m=40,Jeremy Coltman,I - IFA,No,1,1,jeremycoltmanwm.co.uk
https://financialadvisers.co.uk/financial-planning/taunton/?pl_p=18&pl_m=40,Suzanne Ward,I - IFA,No,,,bloomfinancialplanning.co.uk
https://financialadvisers.co.uk/financial-planning/taunton/?pl_p=18&pl_m=40,Marion Small,,,,,
https://financialadvisers.co.uk/financial-planning/taunton/?pl_p=18&pl_m=40,Matthew Norman,I - IFA,No,,,hyderfinancial.co.uk
https://financialadvisers.co.uk/financial-planning/taunton/?pl_p=19&pl_m=40,Daniel Jones,Invalid domain,No,,,partnership.sjp.co.ukpartnerdanieljones
https://financialadvisers.co.uk/financial-planning/taunton/?pl_p=19&pl_m=40,Tom Sterling,I - IFA,No,"1,001-5,000",3514,partnership.sjp.co.uk/partner/tomsterling
https://financialadvisers.co.uk/financial-planning/taunton/?pl_p=19&pl_m=40,AOJV1 Limited,I - IFA,No,1-10,12,adv-accountancy.co.uk
https://financialadvisers.co.uk/financial-planning/taunton/?pl_p=19&pl_m=40,Nine Wealth Management LLP,I - IFA,No,1-10,9,ninewealth.co.uk
https://financialadvisers.co.uk/financial-planning/taunton/?pl_p=19&pl_m=40,Morris Paley Wealth Management Limited,I - IFA,No,1-10,2,morrispaleywealth.com
https://financialadvisers.co.uk/financial-planning/taunton/?pl_p=19&pl_m=40,Tudor House Financial Services Limited,I - IFA,No,1-10,3,tudorhousefs.co.uk
https://financialadvisers.co.uk/financial-planning/taunton/?pl_p=19&pl_m=40,Macsen Wealth Management Ltd,I - IFA,No,11-50,3,macsenwealth.com
https://financialadvisers.co.uk/financial-planning/taunton/?pl_p=19&pl_m=40,Dugdale Taylor Ltd,I - IFA,No,,6,dtandco.com
https://financialadvisers.co.uk/financial-planning/taunton/?pl_p=19&pl_m=40,Burley Fox Limited,I - IFA,No,1-10,9,burleyfox.com
https://financialadvisers.co.uk/financial-planning/taunton/?pl_p=19&pl_m=40,Washington Square Ltd,I - IFA,No,1-10,4,washington-square.co.uk
https://financialadvisers.co.uk/financial-planning/taunton/?pl_p=19&pl_m=40,Harry Robinson Wealth Management Limited,I - IFA,No,,,harryrobinsonwm.co.uk
https://financialadvisers.co.uk/financial-planning/taunton/?pl_p=19&pl_m=40,Andy Ingram,I - IFA,No,,2,ingramwealthmanagement.co.uk
https://financialadvisers.co.uk/financial-planning/taunton/?pl_p=19&pl_m=40,Robert Liam Ingram,I - IFA,No,1-10,,robingram.co.uk
https://financialadvisers.co.uk/financial-planning/taunton/?pl_p=19&pl_m=40,Nailsea Financial Services Limited,I - IFA,No,1-10,8,nailseafinancialservices.co.uk
https://financialadvisers.co.uk/financial-planning/taunton/?pl_p=19&pl_m=40,Richardson's Financial Ltd,,,,,
https://financialadvisers.co.uk/financial-planning/taunton/?pl_p=20&pl_m=40,Kevin Barnes,I - IFA,No,,,kevinbarnesfp.com
https://financialadvisers.co.uk/financial-planning/taunton/?pl_p=20&pl_m=40,Financial Planning (Wales) Ltd,I - IFA,No,,,financialplanningwales.co.uk
https://financialadvisers.co.uk/financial-planning/taunton/?pl_p=20&pl_m=40,Portland Wealth Management Ltd,I - IFA,No,1-10,1,portlandwm.com
https://financialadvisers.co.uk/financial-planning/taunton/?pl_p=20&pl_m=40,TD Financial Ltd,I - IFA,No,1-10,4,tdfinancial.co.uk
https://financialadvisers.co.uk/financial-planning/taunton/?pl_p=20&pl_m=40,Tower House Financial Management Limited,,,,,
https://financialadvisers.co.uk/financial-planning/taunton/?pl_p=20&pl_m=40,SLD Wealth Limited,,,,,
https://financialadvisers.co.uk/financial-planning/taunton/?pl_p=20&pl_m=40,PG Owen Limited,I - IFA,No,11-50,10,pgtax.co.uk
https://financialadvisers.co.uk/financial-planning/taunton/?pl_p=20&pl_m=40,Heron Wealth Management Limited,I - IFA,No,,,heronwm.co.uk
https://financialadvisers.co.uk/financial-planning/taunton/?pl_p=20&pl_m=40,JWA Financial Planning Ltd,I - IFA,No,,,jwafinance.com
https://financialadvisers.co.uk/financial-planning/taunton/?pl_p=20&pl_m=40,Waterhouse Financial Advisers Ltd,I - IFA,No,11-50,9,waterhousefa.co.uk
https://financialadvisers.co.uk/financial-planning/taunton/?pl_p=20&pl_m=40,Apollo Financial Planning Ltd,,,,,
https://financialadvisers.co.uk/financial-planning/taunton/?pl_p=20&pl_m=40,Adam Hughes Wealth Management Ltd,I - IFA,No,,,ahwm.co.uk
https://financialadvisers.co.uk/financial-planning/taunton/?pl_p=20&pl_m=40,Waverley Court Consulting Ltd,I - IFA,No,,,waverleycc.co.uk
https://financialadvisers.co.uk/financial-planning/taunton/?pl_p=20&pl_m=40,Carlson Wealth Management Ltd,I - IFA,No,1-10,4,carlsonwealthmanagement.co.uk
https://financialadvisers.co.uk/financial-planning/taunton/?pl_p=20&pl_m=40,Cathedral Financial Services LLP,I - IFA,No,,,cathedralfs.co.uk
https://financialadvisers.co.uk/financial-planning/taunton/?pl_p=21&pl_m=40,Bowmore Financial Planning Limited,I - IFA,No,,,bowmorefp.com
https://financialadvisers.co.uk/financial-planning/taunton/?pl_p=21&pl_m=40,Robert Edwin Keyte,,,,,
https://financialadvisers.co.uk/financial-planning/taunton/?pl_p=21&pl_m=40,Ben Stringer,I - IFA,No,"1,001-5,000",3514,queensclifffinancial.co.uk
https://financialadvisers.co.uk/financial-planning/taunton/?pl_p=21&pl_m=40,Bryan J Hollingsworth,,,,,
https://financialadvisers.co.uk/financial-planning/taunton/?pl_p=21&pl_m=40,Sanderson Financial Planning Limited,I - IFA,No,,,sandersonfp.co.uk
https://financialadvisers.co.uk/financial-planning/taunton/?pl_p=21&pl_m=40,Logical Financial Planning Ltd,I - IFA,No,1-10,1,logicalfinancial.co.uk
https://financialadvisers.co.uk/financial-planning/taunton/?pl_p=21&pl_m=40,RICHARD ARMITAGE WEALTH MANAGEMENT LLP.,,,,,
https://financialadvisers.co.uk/financial-planning/taunton/?pl_p=21&pl_m=40,Financial Life Planning Limited,I - IFA,No,,,flpsolutions.com
https://financialadvisers.co.uk/financial-planning/taunton/?pl_p=21&pl_m=40,Willow Brook Mortgages Limited,I - IFA,No,1-10,5,willowbrookmortgages.co.uk
https://financialadvisers.co.uk/financial-planning/taunton/?pl_p=21&pl_m=40,Falco Financial Planning Ltd,I - IFA,No,,,falcofinancial.com
https://financialadvisers.co.uk/financial-planning/taunton/?pl_p=21&pl_m=40,Skylark Wealth Management Limited,I - IFA,No,,,skylarkwealth.co.uk
https://financialadvisers.co.uk/financial-planning/taunton/?pl_p=21&pl_m=40,Jewell & Petersen Ltd,I - IFA,No,,,jpltd.co.uk
https://financialadvisers.co.uk/financial-planning/taunton/?pl_p=21&pl_m=40,Harries Financial Wealth Management Ltd,I - IFA,No,1-10,1,harriesfinancial.co.uk
https://financialadvisers.co.uk/financial-planning/taunton/?pl_p=21&pl_m=40,Seren Financial Advisers Ltd,I - IFA,No,,,theserengroup.co.uk
https://financialadvisers.co.uk/financial-planning/taunton/?pl_p=21&pl_m=40,Hunter Barrington Limited,I - IFA,No,1-10,,hunterbarrington.co.uk
https://financialadvisers.co.uk/financial-planning/taunton/?pl_p=22&pl_m=40,Whitchurch IFA Limited,I - IFA,No,1,,whitchurchifa.co.uk
https://financialadvisers.co.uk/financial-planning/taunton/?pl_p=22&pl_m=40,DJS Wealth Adviser LLP,I - IFA,No,,3,djswealthadviser.co.uk
https://financialadvisers.co.uk/financial-planning/taunton/?pl_p=22&pl_m=40,Seven Financial UK Limited,I - IFA,No,1-10,5,7fg.co.uk
https://financialadvisers.co.uk/financial-planning/taunton/?pl_p=22&pl_m=40,Cardiff Financial Services Limited,,,,,
https://financialadvisers.co.uk/financial-planning/taunton/?pl_p=22&pl_m=40,Andrew Varley,I - IFA,No,,,avfp.co.uk
https://financialadvisers.co.uk/financial-planning/taunton/?pl_p=22&pl_m=40,Crane Williams Ltd,I - IFA,No,,,lucidfs.com
https://financialadvisers.co.uk/financial-planning/taunton/?pl_p=22&pl_m=40,Jonathan Richards Financial Consultancy Ltd,I - IFA,No,,,richardsifa.co.uk
https://financialadvisers.co.uk/financial-planning/taunton/?pl_p=22&pl_m=40,HODGE BAKSHI WEALTH MANAGEMENT LTD,I - IFA,No,1-10,3,hodgebakshiwealth.com
https://financialadvisers.co.uk/financial-planning/taunton/?pl_p=22&pl_m=40,Blueberry Wealth Limited,I - IFA,No,11-50,16,blueberrymortgages.co.uk
https://financialadvisers.co.uk/financial-planning/taunton/?pl_p=22&pl_m=40,Hunt Financial Planning Ltd,I - Asset Manager with Multi-Asset; I - IFA,No,201-500,1064,tpllp.com
https://financialadvisers.co.uk/financial-planning/taunton/?pl_p=22&pl_m=40,Lowndes Halsden & Partners Limited,I - IFA,No,11-50,9,lowndesonline.co.uk
https://financialadvisers.co.uk/financial-planning/taunton/?pl_p=22&pl_m=40,LEE FORD IFA LIMITED,I - DFM without Centralised Research; I - IFA,No,1,60,visionifp.co.uk
https://financialadvisers.co.uk/financial-planning/taunton/?pl_p=22&pl_m=40,Tuckers Legal & Financial Services Ltd,I - IFA,No,,,tuckerslegalfinancial.co.uk
https://financialadvisers.co.uk/financial-planning/taunton/?pl_p=22&pl_m=40,Hayman Watkin Davies Ltd,I - IFA,No,1-10,2,hwdfinancial.co.uk
https://financialadvisers.co.uk/financial-planning/taunton/?pl_p=22&pl_m=40,Peter Marks,I - IFA,No,,,pmfp.co.uk
https://financialadvisers.co.uk/financial-planning/taunton/?pl_p=23&pl_m=40,Greenaway Financial Planning Limited,I - IFA,No,"5,001-10,000",2710,mandgwealth.com/greenawayfinancialplanning
https://financialadvisers.co.uk/financial-planning/taunton/?pl_p=23&pl_m=40,Jon Griffiths,I - IFA,No,,,thejongriff.co.uk
https://financialadvisers.co.uk/financial-planning/taunton/?pl_p=23&pl_m=40,Nicola Turner,,,,,
https://financialadvisers.co.uk/financial-planning/taunton/?pl_p=23&pl_m=40,Derek Howard,,,,,
https://financialadvisers.co.uk/financial-planning/taunton/?pl_p=23&pl_m=40,Poundbury Wealth Management LLP,I - IFA,No,1-10,5,poundburywealth.co.uk
https://financialadvisers.co.uk/financial-planning/taunton/?pl_p=23&pl_m=40,David Reid,,,,,
https://financialadvisers.co.uk/financial-planning/taunton/?pl_p=23&pl_m=40,Financial Planning Business Limited,I - IFA,No,,,fpbmoney.com
https://financialadvisers.co.uk/financial-planning/taunton/?pl_p=23&pl_m=40,Richard J K Brown Wealth Management LLP,I - IFA,No,,2,richardjkbrown.co.uk
https://financialadvisers.co.uk/financial-planning/taunton/?pl_p=23&pl_m=40,Lyles' Independent Financial Advice Limited,,,,,
https://financialadvisers.co.uk/financial-planning/taunton/?pl_p=23&pl_m=40,Longwood Financial Planning Limited,,,,,
https://financialadvisers.co.uk/financial-planning/taunton/?pl_p=23&pl_m=40,Upper Street Financial Planning Ltd,I - IFA,No,,,usfp.co.uk
https://financialadvisers.co.uk/financial-planning/taunton/?pl_p=23&pl_m=40,AMG Wealth Solutions LLP,I - IFA,No,11-50,6,amgwealthsolutions.co.uk
https://financialadvisers.co.uk/financial-planning/taunton/?pl_p=23&pl_m=40,John Carrick Wealth Management LLP,I - DFM without Centralised Research; I - IFA,No,"1,001-5,000",3514,sjpp.co.uk/johncarrick
https://financialadvisers.co.uk/financial-planning/taunton/?pl_p=23&pl_m=40,Millfield Wealth Management Ltd,I - IFA,No,11-50,11,millfieldwm.com
https://financialadvisers.co.uk/financial-planning/taunton/?pl_p=23&pl_m=40,Clarke Robinson & Co Ltd,I - IFA,No,,1,clarkerobinson.co.uk
https://financialadvisers.co.uk/financial-planning/taunton/?pl_p=24&pl_m=40,Mulberry Wealth Management Limited,I - IFA,No,11-50,17,mulberrywealth.co.uk
https://financialadvisers.co.uk/financial-planning/taunton/?pl_p=24&pl_m=40,Solosy Wealth Management Limited,I - IFA,No,1-10,5,solosywm.co.uk
https://financialadvisers.co.uk/financial-planning/taunton/?pl_p=24&pl_m=40,MULBERRY WEALTH CLIENT SERVICES LIMITED,I - IFA,No,11-50,17,mulberrywealth.co.uk
https://financialadvisers.co.uk/financial-planning/taunton/?pl_p=24&pl_m=40,NTM Financial Services Ltd,I - IFA,No,1-10,7,ntmfs.co.uk
https://financialadvisers.co.uk/financial-planning/taunton/?pl_p=24&pl_m=40,Perspective (Gould Financial Planning) Limited,I - DFM without Centralised Research; I - IFA,No,201-500,260,pfgl.co.uk/gould
https://financialadvisers.co.uk/financial-planning/taunton/?pl_p=24&pl_m=40,Powell & Associates Financial Planning,I - IFA,No,"1,001-5,000",3514,partnership.sjp.co.uk/partner/richpowell
https://financialadvisers.co.uk/financial-planning/taunton/?pl_p=24&pl_m=40,Makemson & Company Limited,I - IFA,No,,,makemsons.com
https://financialadvisers.co.uk/financial-planning/taunton/?pl_p=24&pl_m=40,D S Howell Financial Services Ltd,I - IFA,No,1-10,6,dshowellfs.co.uk
https://financialadvisers.co.uk/financial-planning/taunton/?pl_p=24&pl_m=40,Sofie Symonds,I - IFA,No,,,innoviawm.co.uk
https://financialadvisers.co.uk/financial-planning/taunton/?pl_p=24&pl_m=40,Uniq Family Wealth Ltd,I - IFA,No,11-50,8,uniqfamilywealth.co.uk
https://financialadvisers.co.uk/financial-planning/taunton/?pl_p=24&pl_m=40,Pure Wealth Management Limited,I - IFA,No,11-50,10,purewealthmanagement.co.uk
https://financialadvisers.co.uk/financial-planning/taunton/?pl_p=24&pl_m=40,Kellands (Bristol) Limited,I - IFA,No,,,kelland.co.uk
https://financialadvisers.co.uk/financial-planning/taunton/?pl_p=24&pl_m=40,Karl Lehmann,I - IFA,No,,,lehmannfinancialmanagement.co.uk
https://financialadvisers.co.uk/financial-planning/taunton/?pl_p=24&pl_m=40,HawkinsThomas Ltd,I - IFA,No,11-50,14,hawkinsthomas.co.uk
https://financialadvisers.co.uk/financial-planning/taunton/?pl_p=24&pl_m=40,Opal Financial Management Limited,I - IFA,No,1-10,7,opalfinancialmanagement.co.uk
https://financialadvisers.co.uk/financial-planning/taunton/?pl_p=25&pl_m=40,Quantum Actuarial LLP,I - IFA,No,51-200,116,quantumadvisory.co.uk
https://financialadvisers.co.uk/financial-planning/taunton/?pl_p=25&pl_m=40,Llewellyn Financial Solutions Ltd,I - IFA,No,1-10,1,llewellynfs.co.uk
https://financialadvisers.co.uk/financial-planning/taunton/?pl_p=25&pl_m=40,EST Wealth Ltd,I - IFA,No,11-50,201,est-group.co.uk
https://financialadvisers.co.uk/financial-planning/taunton/?pl_p=25&pl_m=40,Roger Pearce & Associates Ltd,I - IFA,No,"501-1,000",753,theopenworkpartnership.com
https://financialadvisers.co.uk/financial-planning/taunton/?pl_p=25&pl_m=40,Joel Piacentini,,,,,
https://financialadvisers.co.uk/financial-planning/taunton/?pl_p=25&pl_m=40,PJ Aiken Ltd,I - IFA,No,1-10,3,pjaiken.co.uk
https://financialadvisers.co.uk/financial-planning/taunton/?pl_p=25&pl_m=40,Weston Associates IFA Limited,I - IFA,No,1-10,4,westonassociates.co.uk
https://financialadvisers.co.uk/financial-planning/taunton/?pl_p=25&pl_m=40,Colin Of Mar,I - IFA,No,,,colinofmar.com
https://financialadvisers.co.uk/financial-planning/taunton/?pl_p=25&pl_m=40,Elevate Financial Planners Ltd,I - Asset Manager with Multi-Asset; I - IFA,No,"5,001-10,000",2710,mandg.com
https://financialadvisers.co.uk/financial-planning/taunton/?pl_p=25&pl_m=40,Withycombe Financial Services Limited,I - IFA,No,,,wfs.wales
https://financialadvisers.co.uk/financial-planning/taunton/?pl_p=25&pl_m=40,Westview Financial Services Ltd,I - IFA,No,1-10,1,westviewfinancial.co.uk
https://financialadvisers.co.uk/financial-planning/taunton/?pl_p=25&pl_m=40,Ross Mitchell,I - IFA,No,,,rossmitchellwm.com
https://financialadvisers.co.uk/financial-planning/taunton/?pl_p=25&pl_m=40,Myers Financial Consultancy Limited,I - IFA,No,,4,myersfinancial.co.uk
https://financialadvisers.co.uk/financial-planning/taunton/?pl_p=25&pl_m=40,Investment and Tax Advisory Services Limited,I - IFA,No,11-50,9,wilcoxyoung.co.uk
https://financialadvisers.co.uk/financial-planning/taunton/?pl_p=25&pl_m=40,Alpha House Wealth Management Limited,I - IFA,No,1-10,1,alphahousewm.co.uk
https://financialadvisers.co.uk/financial-planning/taunton/?pl_p=26&pl_m=40,Oculus Wealth Management (North Dorset) Limited,,,,,
https://financialadvisers.co.uk/financial-planning/taunton/?pl_p=26&pl_m=40,Jonathan Huw Wooller,I - IFA,No,,,wooller.net
https://financialadvisers.co.uk/financial-planning/taunton/?pl_p=26&pl_m=40,Paul Bird,I - IFA,No,,,paulbirdwm.co.uk
https://financialadvisers.co.uk/financial-planning/taunton/?pl_p=26&pl_m=40,Technical Support Services Cardiff Limited,I - IFA,No,,,mlgfinancial.co.uk
https://financialadvisers.co.uk/financial-planning/taunton/?pl_p=26&pl_m=40,Charterhouse Estate Planning And Investment Services Limited,,,,,
https://financialadvisers.co.uk/financial-planning/taunton/?pl_p=26&pl_m=40,BPU Financial Solutions Ltd,I - IFA,No,11-50,33,bpuaccountants.co.uk
https://financialadvisers.co.uk/financial-planning/taunton/?pl_p=26&pl_m=40,Lisa Griffiths,I - IFA,No,,,ljgwealth.co.uk
https://financialadvisers.co.uk/financial-planning/taunton/?pl_p=26&pl_m=40,4 Shires Asset Management Ltd,I - IFA,No,1-10,6,4-shires.com
https://financialadvisers.co.uk/financial-planning/taunton/?pl_p=26&pl_m=40,Minaz Kasmani,I - IFA,No,,,lifeandlegacywm.co.uk
https://financialadvisers.co.uk/financial-planning/taunton/?pl_p=26&pl_m=40,Acuma Ltd,I - IFA,No,1-10,3,acuma.tv
https://financialadvisers.co.uk/financial-planning/taunton/?pl_p=26&pl_m=40,First Option,I - IFA,No,,,firstoption4u.co.uk
https://financialadvisers.co.uk/financial-planning/taunton/?pl_p=26&pl_m=40,RWB Wealth Ltd,I - IFA,No,1-10,4,rwbwealth.com
https://financialadvisers.co.uk/financial-planning/taunton/?pl_p=26&pl_m=40,Parkmore Financial Services Limited,I - IFA,No,,,parkmoreifa.co.uk
https://financialadvisers.co.uk/financial-planning/taunton/?pl_p=26&pl_m=40,Future Financial Wealth LLP,I - IFA,No,11-50,24,f-w-m.co.uk
https://financialadvisers.co.uk/financial-planning/taunton/?pl_p=26&pl_m=40,Four Stages Finance Limited,I - IFA,No,11-50,7,fourstagesfinance.co.uk
https://financialadvisers.co.uk/financial-planning/taunton/?pl_p=27&pl_m=40,WPS Wealth Ltd,I - IFA,No,,,wpswealth.co.uk
https://financialadvisers.co.uk/financial-planning/taunton/?pl_p=27&pl_m=40,Imperial Wealth International Ltd,I - IFA,No,,,imperialchartered.co.uk
https://financialadvisers.co.uk/financial-planning/taunton/?pl_p=27&pl_m=40,Jacobs and Harris Limited,I - IFA,No,1-10,2,jacobsandharris.co.uk
https://financialadvisers.co.uk/financial-planning/taunton/?pl_p=27&pl_m=40,Buckley & Co Financial Services Ltd,,,,,
https://financialadvisers.co.uk/financial-planning/taunton/?pl_p=27&pl_m=40,Maskell Moss & Co Limited,I - IFA,No,11-50,8,maskellmoss.co.uk
https://financialadvisers.co.uk/financial-planning/taunton/?pl_p=27&pl_m=40,Ramsay & White Ltd,I - IFA,No,11-50,17,ramsayandwhite.com
https://financialadvisers.co.uk/financial-planning/taunton/?pl_p=27&pl_m=40,Ramsay and White Wealth Management Limited,I - IFA,No,11-50,17,ramsayandwhite.com
https://financialadvisers.co.uk/financial-planning/taunton/?pl_p=27&pl_m=40,Abram Partnership Ltd,I - IFA,No,,,cardiffifa.co.uk
https://financialadvisers.co.uk/financial-planning/taunton/?pl_p=27&pl_m=40,Browne & Brown IFA Limited,,,,,
https://financialadvisers.co.uk/financial-planning/taunton/?pl_p=27&pl_m=40,Alex Alton,I - IFA,No,,,altonwealth.co.uk
https://financialadvisers.co.uk/financial-planning/taunton/?pl_p=27&pl_m=40,Goodwill Financial Services Limited,I - IFA,No,1-10,,goodwill.co.uk
https://financialadvisers.co.uk/financial-planning/taunton/?pl_p=27&pl_m=40,CALLER FINANCIAL SOLUTIONS LTD,I - DFM without Centralised Research; I - IFA,No,1,60,visionifp.co.uk
https://financialadvisers.co.uk/financial-planning/taunton/?pl_p=27&pl_m=40,Kussul Wealth Management Limited,I - IFA,No,,,jacksonwm.co.uk
https://financialadvisers.co.uk/financial-planning/taunton/?pl_p=27&pl_m=40,Framtiden Wealth Ltd,I - IFA,No,,,framtidenwealth.co.uk
https://financialadvisers.co.uk/financial-planning/taunton/?pl_p=27&pl_m=40,Mike Griffiths Limited,,,,,
https://financialadvisers.co.uk/financial-planning/taunton/?pl_p=28&pl_m=40,Meridian FS Limited,I - IFA,No,1-10,1,meridianfs.co.uk
https://financialadvisers.co.uk/financial-planning/taunton/?pl_p=28&pl_m=40,Simon James John,,,,,
https://financialadvisers.co.uk/financial-planning/taunton/?pl_p=28&pl_m=40,Prosperity Planning Ltd,I - IFA,No,,,prosperityplanning.co.uk
https://financialadvisers.co.uk/financial-planning/taunton/?pl_p=28&pl_m=40,Coronation Wealth Management LLP,I - IFA,No,11-50,4,coronationwealth.co.uk
https://financialadvisers.co.uk/financial-planning/taunton/?pl_p=28&pl_m=40,The McHattie Group,I - IFA,No,,,tipsheets.co.uk
https://financialadvisers.co.uk/financial-planning/taunton/?pl_p=28&pl_m=40,John Gaulton Independent Financial Advisors,I - IFA,No,,,jgifa.co.uk
https://financialadvisers.co.uk/financial-planning/taunton/?pl_p=28&pl_m=40,Strong Mortgage Solutions Limited,,,,,
https://financialadvisers.co.uk/financial-planning/taunton/?pl_p=28&pl_m=40,Clifton Wealth Management Ltd,I - IFA,No,1-10,4,cliftonwealthmanagement.co.uk
https://financialadvisers.co.uk/financial-planning/taunton/?pl_p=28&pl_m=40,Continuity Financial Planning Ltd,I - IFA,No,,,continuityfp.co.uk
https://financialadvisers.co.uk/financial-planning/taunton/?pl_p=28&pl_m=40,Ben Hiles Wealth Management Limited,I - IFA,No,,2,benhiles.co.uk
https://financialadvisers.co.uk/financial-planning/taunton/?pl_p=28&pl_m=40,Arlington Row Wealth Management Ltd,I - IFA,No,,,arlingtonrowwm.co.uk
https://financialadvisers.co.uk/financial-planning/taunton/?pl_p=28&pl_m=40,Anderson Financial Management Ltd,I - IFA,No,1-10,9,andersonfinancial.co.uk
https://financialadvisers.co.uk/financial-planning/taunton/?pl_p=28&pl_m=40,Christian Adrian John,I - IFA,No,,,christianjohnwm.co.uk
https://financialadvisers.co.uk/financial-planning/taunton/?pl_p=28&pl_m=40,Clifton Wealth Partnership Portishead Limited,I - IFA,No,51-200,60,clifton-asset.co.uk
https://financialadvisers.co.uk/financial-planning/taunton/?pl_p=28&pl_m=40,Grosvenor Consultancy Limited,I - IFA,No,11-50,29,grosvenorconsultancy.co.uk
https://financialadvisers.co.uk/financial-planning/taunton/?pl_p=29&pl_m=40,CLIFTON WEALTH LIMITED,I - IFA,No,,,cliftonasset.co.uk
https://financialadvisers.co.uk/financial-planning/taunton/?pl_p=29&pl_m=40,Clifton Wealth Partnership Ltd,I - IFA,No,,,cliftonwealthpartnership.co.uk
https://financialadvisers.co.uk/financial-planning/taunton/?pl_p=29&pl_m=40,Wollen Michelmore Financial Planning Ltd,I - IFA,No,,,wollensfp.co.uk
https://financialadvisers.co.uk/financial-planning/taunton/?pl_p=29&pl_m=40,Alternative Business Funding Ltd,I - IFA,No,11-50,7,alternativebusinessfunding.co.uk
https://financialadvisers.co.uk/financial-planning/taunton/?pl_p=29&pl_m=40,Clifton Compliance Services Ltd,I - IFA,No,51-200,60,clifton-asset.co.uk
https://financialadvisers.co.uk/financial-planning/taunton/?pl_p=29&pl_m=40,Paradigm Norton Financial Planning Ltd,I - IFA,No,51-200,79,paradigmnorton.co.uk
https://financialadvisers.co.uk/financial-planning/taunton/?pl_p=29&pl_m=40,CLIFTON CONSULTING LIMITED,I - IFA,No,51-200,60,clifton-asset.co.uk
https://financialadvisers.co.uk/financial-planning/taunton/?pl_p=29&pl_m=40,Martin Hill Financial Associates Ltd,,,,,
https://financialadvisers.co.uk/financial-planning/taunton/?pl_p=29&pl_m=40,Hargreaves Lansdown Advisory Services Limited,I - Asset Manager without Multi-Asset; I - DFM with Centralised Research; I - IFA,No,"1,001-5,000",2037,hl.co.uk/financial-advice
https://financialadvisers.co.uk/financial-planning/taunton/?pl_p=29&pl_m=40,MJS financial services LTD,I - IFA,No,1,,mjsfinancialservices.co.uk
https://financialadvisers.co.uk/financial-planning/taunton/?pl_p=29&pl_m=40,WATTSIIS LTD,I - IFA,No,,,wattsiis.co.uk
https://financialadvisers.co.uk/financial-planning/taunton/?pl_p=29&pl_m=40,Pembroke Asset Management LLP,I - IFA,No,1-10,4,pembrokeam.co.uk
https://financialadvisers.co.uk/financial-planning/taunton/?pl_p=29&pl_m=40,Neil Bird,I - IFA,No,1,1,birdiefs.co.uk
https://financialadvisers.co.uk/financial-planning/taunton/?pl_p=29&pl_m=40,Frazer James Ltd,I - IFA,No,1-10,2,frazerjames.co.uk
https://financialadvisers.co.uk/financial-planning/taunton/?pl_p=29&pl_m=40,Clifton Financial Planning Limited,I - IFA,No,,1,cliftonfp.co.uk
https://financialadvisers.co.uk/financial-planning/taunton/?pl_p=30&pl_m=40,Henri James Wealth Ltd,I - IFA,No,,,henrijameswealth.com
https://financialadvisers.co.uk/financial-planning/taunton/?pl_p=30&pl_m=40,Digby Associates Limited,I - IFA,No,11-50,21,digby-associates.co.uk
https://financialadvisers.co.uk/financial-planning/taunton/?pl_p=30&pl_m=40,Ethical Market Place Limited,I - IFA,No,,2,ethicalmarketplace.co.uk
https://financialadvisers.co.uk/financial-planning/taunton/?pl_p=30&pl_m=40,Ovation Finance Limited,I - IFA,No,11-50,14,ovationfinance.co.uk
https://financialadvisers.co.uk/financial-planning/taunton/?pl_p=30&pl_m=40,Lansdown Place Wealth Management Ltd,I - IFA,No,11-50,30,lansdownplace.co.uk
https://financialadvisers.co.uk/financial-planning/taunton/?pl_p=30&pl_m=40,Nicholls Stevens (Financial Services) Limited,I - IFA,No,11-50,7,nichollstevens.com
https://financialadvisers.co.uk/financial-planning/taunton/?pl_p=30&pl_m=40,National Friendly Financial Solutions Limited,I - IFA,No,11-50,9,nffs.co.uk
https://financialadvisers.co.uk/financial-planning/taunton/?pl_p=30&pl_m=40,GL Integrity Financial Planning Ltd,I - IFA,No,1-10,,integrity-financial.co.uk
https://financialadvisers.co.uk/financial-planning/taunton/?pl_p=30&pl_m=40,Julie Reeve,,,,,
https://financialadvisers.co.uk/financial-planning/taunton/?pl_p=30&pl_m=40,Chris Leach & Associates Ltd,I - IFA,No,11-50,6,chrisleachandassociates.com
https://financialadvisers.co.uk/financial-planning/taunton/?pl_p=30&pl_m=40,The Aspire Partnership LLP,I - IFA,No,11-50,16,aspirellp.co.uk
https://financialadvisers.co.uk/financial-planning/taunton/?pl_p=30&pl_m=40,The Aspire Consultancy (Bristol) Ltd,I - IFA,No,,,aspirecb.co.uk
https://financialadvisers.co.uk/financial-planning/taunton/?pl_p=30&pl_m=40,Court Ross Financial Management Limited,I - IFA,No,,4,courtross.co.uk
https://financialadvisers.co.uk/financial-planning/taunton/?pl_p=30&pl_m=40,Acumen Associate Financial Services Ltd,I - IFA,No,1-10,3,acumenafs.com
https://financialadvisers.co.uk/financial-planning/taunton/?pl_p=30&pl_m=40,Operii Financial Planning LLP,I - IFA,No,1-10,3,operii.co.uk
https://financialadvisers.co.uk/financial-planning/taunton/?pl_p=31&pl_m=40,Churchill Wealth Management Ltd,I - IFA,No,1-10,5,churchillwealthmanagement.co.uk
https://financialadvisers.co.uk/financial-planning/taunton/?pl_p=31&pl_m=40,Marshall Zoing Limited,I - IFA,No,201-500,281,wealthatwork.co.uk
https://financialadvisers.co.uk/financial-planning/taunton/?pl_p=31&pl_m=40,Affinity Financial Awareness Limited,I - IFA,No,51-200,23,affinityadvise.co.uk
https://financialadvisers.co.uk/financial-planning/taunton/?pl_p=31&pl_m=40,Atomos Financial Planning Limited,I - Asset Manager with Multi-Asset; I - DFM without Centralised Research; I - IFA,No,201-500,323,atomos.co.uk
https://financialadvisers.co.uk/financial-planning/taunton/?pl_p=31&pl_m=40,Nicholas Carroll & Financial Associates Limited,I - IFA,No,,,ncfa.uk
https://financialadvisers.co.uk/financial-planning/taunton/?pl_p=31&pl_m=40,Cedar Wealth Management Limited,I - IFA,No,,,cedarwm.co.uk
https://financialadvisers.co.uk/financial-planning/taunton/?pl_p=31&pl_m=40,BEESURE LTD,I - IFA,No,1-10,10,bee-sure.co.uk
https://financialadvisers.co.uk/financial-planning/taunton/?pl_p=31&pl_m=40,Beesure Financial Planning Limited,I - IFA,No,1-10,10,bee-sure.co.uk
https://financialadvisers.co.uk/financial-planning/taunton/?pl_p=31&pl_m=40,Diana Thal-Jantzen,I - DFM without Centralised Research; I - IFA,No,"1,001-5,000",3514,sjpp.co.uk/dianathaljantzen
https://financialadvisers.co.uk/financial-planning/taunton/?pl_p=31&pl_m=40,R C Brown Investment Management Plc,I - DFM without Centralised Research; I - IFA,No,1-10,4,rcbim.co.uk
https://financialadvisers.co.uk/financial-planning/taunton/?pl_p=31&pl_m=40,Ellis Davies Financial Planning Limited,I - IFA,No,1-10,6,ellisdaviesfp.co.uk
https://financialadvisers.co.uk/financial-planning/taunton/?pl_p=31&pl_m=40,Elite Financial Consulting Ltd,I - IFA,No,1-10,15,elitefinancialconsulting.co.uk
https://financialadvisers.co.uk/financial-planning/taunton/?pl_p=31&pl_m=40,Ifamax Limited,I - IFA,No,1-10,6,ifamax.com
https://financialadvisers.co.uk/financial-planning/taunton/?pl_p=31&pl_m=40,Brunel Wealth Limited,I - IFA,No,1-10,12,brunelwealth.co.uk
https://financialadvisers.co.uk/financial-planning/taunton/?pl_p=31&pl_m=40,Academy Associates Wealth Management Ltd,I - IFA,No,,,academy-associates.co.uk
https://financialadvisers.co.uk/financial-planning/taunton/?pl_p=32&pl_m=40,Manning Gee Investments Limited,I - IFA,No,,,mgi-ifa.co.uk
https://financialadvisers.co.uk/financial-planning/taunton/?pl_p=32&pl_m=40,Titan Wealth Planning Limited,I - IFA,No,51-200,126,aspirafp.co.uk
https://financialadvisers.co.uk/financial-planning/taunton/?pl_p=32&pl_m=40,Newman Langley & Stavri Financial Consulting Limited,I - IFA,No,,,newmanlangley.co.uk
https://financialadvisers.co.uk/financial-planning/taunton/?pl_p=32&pl_m=40,Kerswell Stone & Company,I - IFA,No,,,kerswellstone.co.uk
https://financialadvisers.co.uk/financial-planning/taunton/?pl_p=32&pl_m=40,LV Nicholas Financial Planning Limited,I - IFA,No,,,lvnfp.com
https://financialadvisers.co.uk/financial-planning/taunton/?pl_p=32&pl_m=40,Lampiers Financial Planning Ltd,I - IFA,No,11-50,15,lampiers.com
https://financialadvisers.co.uk/financial-planning/taunton/?pl_p=32&pl_m=40,Octagon Consultancy Ltd,I - IFA,No,11-50,15,octagonconsultancy.co.uk
https://financialadvisers.co.uk/financial-planning/taunton/?pl_p=32&pl_m=40,Aisa Retirement Planning LLP,I - IFA,No,,,aisagroup.org
https://financialadvisers.co.uk/financial-planning/taunton/?pl_p=32&pl_m=40,JPRS (South West) Limited,I - IFA,No,,,loughtons.co.uk
https://financialadvisers.co.uk/financial-planning/taunton/?pl_p=32&pl_m=40,Seven Stars Asset Management Limited,I - IFA,No,1-10,,kohncougar.co.uk
https://financialadvisers.co.uk/financial-planning/taunton/?pl_p=32&pl_m=40,Moneo Wealth Management Ltd,I - IFA,No,1-10,3,moneo-ifa.co.uk
https://financialadvisers.co.uk/financial-planning/taunton/?pl_p=32&pl_m=40,Paul Ewins,,,,,
https://financialadvisers.co.uk/financial-planning/taunton/?pl_p=32&pl_m=40,Wealthmasters Financial Management Ltd,I - IFA,No,,,begbies-traynor.com
https://financialadvisers.co.uk/financial-planning/taunton/?pl_p=32&pl_m=40,Sunrise Independent Financial Advisers Limited,I - IFA,No,,,sunrise-ifa.co.uk
https://financialadvisers.co.uk/financial-planning/taunton/?pl_p=32&pl_m=40,LWM Consultants Limited,I - IFA,No,"501-1,000",1,lwmconsultants.com
https://financialadvisers.co.uk/financial-planning/taunton/?pl_p=33&pl_m=40,Lifestyle Pensions and Investments Ltd,I - IFA,No,,,lifestylepensionsandinvestments.com
https://financialadvisers.co.uk/financial-planning/taunton/?pl_p=33&pl_m=40,Lifestyle (Glamorgan) Limited,I - IFA,No,1-10,1,lifestylefinancialadvice.com
https://financialadvisers.co.uk/financial-planning/taunton/?pl_p=33&pl_m=40,Redland Wealth Management Group Limited,I - IFA,No,,,redlandfinancial.co.uk
https://financialadvisers.co.uk/financial-planning/taunton/?pl_p=33&pl_m=40,Vale Independent Financial Advisers Limited,I - IFA,No,,,valeifa.com
https://financialadvisers.co.uk/financial-planning/taunton/?pl_p=33&pl_m=40,Positive Independent Financial Planning Limited,,,,,
https://financialadvisers.co.uk/financial-planning/taunton/?pl_p=33&pl_m=40,AJP Financial Planning Services Limited,I - IFA,No,,,ajp.wales
https://financialadvisers.co.uk/financial-planning/taunton/?pl_p=33&pl_m=40,Future Asset Management LLP,I - IFA,No,1-10,3,famllp.com
https://financialadvisers.co.uk/financial-planning/taunton/?pl_p=33&pl_m=40,Wilcox Financial Planning Limited,I - IFA,No,,,wilcoxfp.co.uk
https://financialadvisers.co.uk/financial-planning/taunton/?pl_p=33&pl_m=40,Andrews & Partners Limited,I - IFA,No,"501-1,000",397,andrewsonline.co.uk
https://financialadvisers.co.uk/financial-planning/taunton/?pl_p=33&pl_m=40,Whitechurch Securities Limited,I - IFA,No,51-200,26,whitechurch.co.uk
https://financialadvisers.co.uk/financial-planning/taunton/?pl_p=33&pl_m=40,Navigation Financial Planning Limited,,,,,
https://financialadvisers.co.uk/financial-planning/taunton/?pl_p=33&pl_m=40,James Young Associates Ltd,I - IFA,No,,,jyagroup.co.uk
https://financialadvisers.co.uk/financial-planning/taunton/?pl_p=33&pl_m=40,Momentum Investing Ltd,I - IFA,No,,,momentum-investing.co.uk
https://financialadvisers.co.uk/financial-planning/taunton/?pl_p=33&pl_m=40,Nucleus Wealth Planning Limited,I - IFA,No,,,nucleuswealthplanning.co.uk
https://financialadvisers.co.uk/financial-planning/taunton/?pl_p=33&pl_m=40,Davies Financial Limited,I - IFA,No,,4,daviesfinancial.net
https://financialadvisers.co.uk/financial-planning/taunton/?pl_p=34&pl_m=40,CST Wealth Management Limited,I - IFA,No,11-50,4,cstwealth.co.uk
https://financialadvisers.co.uk/financial-planning/taunton/?pl_p=34&pl_m=40,Informed Choice (South West) Limited,I - IFA,No,,,infomedchoice-sw.co.uk
https://financialadvisers.co.uk/financial-planning/taunton/?pl_p=34&pl_m=40,Kathryn Shears Financial Planning Limited,,,,,
https://financialadvisers.co.uk/financial-planning/taunton/?pl_p=34&pl_m=40,Leaf Financial Advisers Ltd,I - IFA,No,1-10,,leafifa.co.uk
https://financialadvisers.co.uk/financial-planning/taunton/?pl_p=34&pl_m=40,Purple Fox Financial Planning Ltd,I - IFA,No,,,purplefoxfp.co.uk
https://financialadvisers.co.uk/financial-planning/taunton/?pl_p=34&pl_m=40,Savvy Wealth Management Limited,I - IFA,No,,,savvywm.com
https://financialadvisers.co.uk/financial-planning/taunton/?pl_p=34&pl_m=40,The Rutherford Lewis & Read Partnership,,,,,
https://financialadvisers.co.uk/financial-planning/taunton/?pl_p=34&pl_m=40,Absolute Wealth Management Ltd,I - IFA,No,1-10,3,absolutewm.co.uk
https://financialadvisers.co.uk/financial-planning/taunton/?pl_p=34&pl_m=40,Sherald Ann Waterhouse-Trew,I - IFA,No,"1,001-5,000",3514,partnership.sjp.co.uk/partner/swtwealthmanagment
https://financialadvisers.co.uk/financial-planning/taunton/?pl_p=34&pl_m=40,Gregory Davies Wealth Management Ltd,I - IFA,No,201-500,323,2plan.com
https://financialadvisers.co.uk/financial-planning/taunton/?pl_p=34&pl_m=40,Kingsley Wealth Management Ltd,I - IFA,No,1-10,2,kingsleywealth.co.uk
https://financialadvisers.co.uk/financial-planning/taunton/?pl_p=34&pl_m=40,Servini Financial Planning Limited,I - IFA,No,,,servinifp.co.uk
https://financialadvisers.co.uk/financial-planning/taunton/?pl_p=34&pl_m=40,Peter John Lucketti,,,,,
https://financialadvisers.co.uk/financial-planning/taunton/?pl_p=34&pl_m=40,The Financial Practice (UK) Ltd,I - IFA,No,,,financialpractice.co.uk
https://financialadvisers.co.uk/financial-planning/taunton/?pl_p=34&pl_m=40,Ayrin Financial Management,I - IFA,No,,,ayrin.co.uk
https://financialadvisers.co.uk/financial-planning/taunton/?pl_p=35&pl_m=40,Trulife Financial Ltd,I - IFA,No,,,trulifefinancial.co.uk
https://financialadvisers.co.uk/financial-planning/taunton/?pl_p=35&pl_m=40,Sneddon Financial Planning Partnership,I - IFA,No,,,sneddonfp.co.uk
https://financialadvisers.co.uk/financial-planning/taunton/?pl_p=35&pl_m=40,M P Warren Limited,I - IFA,No,11-50,11,mpwarren.com
https://financialadvisers.co.uk/financial-planning/taunton/?pl_p=35&pl_m=40,Maskery Wealth Management Ltd,I - IFA,No,11-50,12,maskerywealthmanagement.com
https://financialadvisers.co.uk/financial-planning/taunton/?pl_p=35&pl_m=40,Andrew Paul Zbijowski,I - IFA,No,,,azfinancial.co.uk
https://financialadvisers.co.uk/financial-planning/taunton/?pl_p=35&pl_m=40,Jacqueline Norman,I - IFA,No,,,jacquinorman.co.uk
https://financialadvisers.co.uk/financial-planning/taunton/?pl_p=35&pl_m=40,Holt Financial Services Limited,I - IFA,No,201-500,323,2plan.com
https://financialadvisers.co.uk/financial-planning/taunton/?pl_p=35&pl_m=40,Chesil Financial Planning Ltd,I - IFA,No,,,chesilfinancialplanning.co.uk
https://financialadvisers.co.uk/financial-planning/taunton/?pl_p=35&pl_m=40,Neptune Financial Management Limited,I - IFA,No,,,neptunefinancialmanagement.co.uk
https://financialadvisers.co.uk/financial-planning/taunton/?pl_p=35&pl_m=40,Brooks Wealth Management LLP,I - IFA,No,,,brookswm.co.uk
https://financialadvisers.co.uk/financial-planning/taunton/?pl_p=35&pl_m=40,"Thomas, Carroll Independent Financial Advisers Limited",I - IFA,No,51-200,182,thomascarroll.co.uk
https://financialadvisers.co.uk/financial-planning/taunton/?pl_p=35&pl_m=40,MW Mortgages Ltd,,,,,
https://financialadvisers.co.uk/financial-planning/taunton/?pl_p=35&pl_m=40,Practical Financial Planning Ltd,I - IFA,No,,,pfp.uk.net
https://financialadvisers.co.uk/financial-planning/taunton/?pl_p=35&pl_m=40,The Clifton Business Consultancy Ltd,I - IFA,No,,,cliftonbc.co.uk
https://financialadvisers.co.uk/financial-planning/taunton/?pl_p=35&pl_m=40,Cardens Limited,I - IFA,No,1-10,7,cardens.co.uk
https://financialadvisers.co.uk/financial-planning/taunton/?pl_p=36&pl_m=40,Blue Financial Group Limited,I - IFA,No,1-10,5,bluewealth.co.uk
https://financialadvisers.co.uk/financial-planning/taunton/?pl_p=36&pl_m=40,Jon Purnell Wealth Management Limited,I - IFA,No,,,jonpurnell.co.uk
https://financialadvisers.co.uk/financial-planning/taunton/?pl_p=36&pl_m=40,Meridan Pension Services Limited,I - IFA,No,11-50,2,meridan.co.uk
https://financialadvisers.co.uk/financial-planning/taunton/?pl_p=36&pl_m=40,Thomas Fear & Co Limited,I - IFA,No,,,thomasfear.co.uk
https://financialadvisers.co.uk/financial-planning/taunton/?pl_p=36&pl_m=40,Harold Stephens Ltd,I - IFA,No,1-10,5,haroldstephens.co.uk
https://financialadvisers.co.uk/financial-planning/taunton/?pl_p=36&pl_m=40,Dumnonia Financial Services Limited,,,,,
https://financialadvisers.co.uk/financial-planning/taunton/?pl_p=36&pl_m=40,Bristol & West Financial Services Ltd,I - IFA,No,1-10,1,bristolandwestfs.co.uk
https://financialadvisers.co.uk/financial-planning/taunton/?pl_p=36&pl_m=40,Rathmore Financial Ltd,I - IFA,No,1-10,9,rathmorefinancial.com
https://financialadvisers.co.uk/financial-planning/taunton/?pl_p=36&pl_m=40,Perennial Wealth Ltd,I - IFA,No,1-10,3,perennialwealth.co.uk
https://financialadvisers.co.uk/financial-planning/taunton/?pl_p=36&pl_m=40,The Complete Mortgage Shop Limited,I - IFA,No,1-10,3,thecompletemortgageshop.co.uk
https://financialadvisers.co.uk/financial-planning/taunton/?pl_p=36&pl_m=40,Domus Financial Services,I - IFA,No,1-10,2,domusfinancial.co.uk
https://financialadvisers.co.uk/financial-planning/taunton/?pl_p=36&pl_m=40,Magenta Financial Planning Limited,I - IFA,No,1-10,7,magentafp.com
https://financialadvisers.co.uk/financial-planning/taunton/?pl_p=36&pl_m=40,Dragon Financial Planning Ltd,I - IFA,No,1-10,5,dragonfinancialplanning.co.uk
https://financialadvisers.co.uk/financial-planning/taunton/?pl_p=36&pl_m=40,Vital Financial Planning Ltd,I - IFA,No,,,vitalfp.co.uk
https://financialadvisers.co.uk/financial-planning/taunton/?pl_p=36&pl_m=40,3-S Financial Management,I - IFA,No,1-10,2,3-sfinancial.com
https://financialadvisers.co.uk/financial-planning/taunton/?pl_p=37&pl_m=40,Appleton Fox Wealth Management Ltd,I - IFA,No,1-10,2,appletonfox.co.uk
https://financialadvisers.co.uk/financial-planning/taunton/?pl_p=37&pl_m=40,Darnells Wealth Management Ltd,I - IFA,No,1-10,5,darnellswm.co.uk
https://financialadvisers.co.uk/financial-planning/taunton/?pl_p=37&pl_m=40,Sweetland Associates Limited,I - IFA,No,,2,sweetlandassociates.co.uk
https://financialadvisers.co.uk/financial-planning/taunton/?pl_p=37&pl_m=40,Bloomfield & Associates Limited,I - IFA,No,,,bloomfieldifa.com
https://financialadvisers.co.uk/financial-planning/taunton/?pl_p=37&pl_m=40,Peter Harding Practice Ltd,I - IFA,No,11-50,41,peterhardingwm.co.uk
https://financialadvisers.co.uk/financial-planning/taunton/?pl_p=37&pl_m=40,Aevitas Wealth Ltd,I - IFA,No,1-10,2,aevitas.life
https://financialadvisers.co.uk/financial-planning/taunton/?pl_p=37&pl_m=40,Rob Bryant,I - IFA,No,"1,001-5,000",3514,partnership.sjp.co.uk/partner/robertbryant
https://financialadvisers.co.uk/financial-planning/taunton/?pl_p=37&pl_m=40,Paolo Joseph Mark Rosolek,,,,,
https://financialadvisers.co.uk/financial-planning/taunton/?pl_p=37&pl_m=40,Ellis Lloyd Jones (Financial Services) Limited,I - IFA,No,11-50,6,ellislloydjones.co.uk/our-financial-services
https://financialadvisers.co.uk/financial-planning/taunton/?pl_p=37&pl_m=40,Stover Financial Planners Ltd,I - IFA,No,,,stoverfp.co.uk
https://financialadvisers.co.uk/financial-planning/taunton/?pl_p=37&pl_m=40,Scottsbridge Financial Planning Ltd,I - IFA,No,,,scottsbridge.co.uk
https://financialadvisers.co.uk/financial-planning/taunton/?pl_p=37&pl_m=40,Worldwide Investment Corporation Ltd,I - IFA,No,1-10,8,bristolmortgagesonline.com
https://financialadvisers.co.uk/financial-planning/taunton/?pl_p=37&pl_m=40,Hive Financial Planning Ltd,I - IFA,No,"1,001-5,000",3514,partnership.sjp.co.uk/partner/sebastianroizdesa
https://financialadvisers.co.uk/financial-planning/taunton/?pl_p=37&pl_m=40,MKFP Limited,I - IFA,No,11-50,9,mkfp.co.uk
https://financialadvisers.co.uk/financial-planning/taunton/?pl_p=37&pl_m=40,Huw Davies Independent Financial Adviser,I - IFA,No,,,huwdavies.co.uk
https://financialadvisers.co.uk/financial-planning/taunton/?pl_p=38&pl_m=40,Morgan Hill Financial Planning,I - IFA,No,"1,001-5,000",3514,partnership.sjp.co.uk/partner/morganhillfp
https://financialadvisers.co.uk/financial-planning/taunton/?pl_p=38&pl_m=40,LAURA JENNIANS FINANCIAL PLANNING LTD,I - IFA,No,"5,001-10,000",2710,mandgwealth.com/laurajenniansfinancialplanning
https://financialadvisers.co.uk/financial-planning/taunton/?pl_p=38&pl_m=40,Money Matters Financial Solutions Ltd,I - IFA,No,,,moneymattersdirect.co.uk
https://financialadvisers.co.uk/financial-planning/taunton/?pl_p=38&pl_m=40,Barlow & Bartlett Wealth Management,I - IFA,No,,,barlowandbartlettwealthmanagement.co.uk
https://financialadvisers.co.uk/financial-planning/taunton/?pl_p=38&pl_m=40,Heron House Financial Management Limited,I - IFA,No,11-50,14,hhfm.co.uk
https://financialadvisers.co.uk/financial-planning/taunton/?pl_p=38&pl_m=40,Pennywise Advisory Services Limited,I - IFA,No,,1,pennywisefs.co.uk
https://financialadvisers.co.uk/financial-planning/taunton/?pl_p=38&pl_m=40,Charles Royle & Company,I - IFA,No,11-50,7,charlesroyle.co.uk
https://financialadvisers.co.uk/financial-planning/taunton/?pl_p=38&pl_m=40,Kymin Financial Services Ltd,I - IFA,No,11-50,10,kymin.co.uk
https://financialadvisers.co.uk/financial-planning/taunton/?pl_p=38&pl_m=40,Mike Coram Associates,I - IFA,No,,,coramfinancial.com
https://financialadvisers.co.uk/financial-planning/taunton/?pl_p=38&pl_m=40,A.C.T. Financial Services Ltd,I - IFA,No,1-10,3,actfinancialservices.co.uk
https://financialadvisers.co.uk/financial-planning/taunton/?pl_p=38&pl_m=40,David Stock & Co Limited,I - IFA,No,,,davidstock.co.uk
https://financialadvisers.co.uk/financial-planning/taunton/?pl_p=38&pl_m=40,Hanlon Kneller and Associates LLP,I - IFA,No,,,hanlonkneller.co.uk
https://financialadvisers.co.uk/financial-planning/taunton/?pl_p=38&pl_m=40,Ascent Wealth Management,I - IFA,No,"5,001-10,000",2710,mandgwealth.com/ascentwealthmanagement
https://financialadvisers.co.uk/financial-planning/taunton/?pl_p=38&pl_m=40,CDP Associates Ltd,I - IFA,No,,,cdpassociates.co.uk
https://financialadvisers.co.uk/financial-planning/taunton/?pl_p=38&pl_m=40,Wessex Investment Management Limited,I - IFA,No,1-10,10,wessexim.co.uk
https://financialadvisers.co.uk/financial-planning/taunton/?pl_p=39&pl_m=40,Merit Financial Services Ltd,I - IFA,No,,,meritfinancialservices.co.uk
