Source,Company Name,Website Link
https://financialadvisers.co.uk/financial-planning/canterbury/?pl_p=1&pl_m=40,KRESTON REEVES FINANCIAL PLANNING SERVICES LIMITED,krestonreeves.com
https://financialadvisers.co.uk/financial-planning/canterbury/?pl_p=1&pl_m=40,One2one Financial Advice Limited,one2onefinancialadvice.co.uk
https://financialadvisers.co.uk/financial-planning/canterbury/?pl_p=1&pl_m=40,Fortitude Wealth Management Limited,fortitudewealthmanagement.co.uk
https://financialadvisers.co.uk/financial-planning/canterbury/?pl_p=1&pl_m=40,The Langridge Partnership LLP,langridge-ifa.com
https://financialadvisers.co.uk/financial-planning/canterbury/?pl_p=1&pl_m=40,Craven Street Financial Planning Limited,cravenstreetwealth.com
https://financialadvisers.co.uk/financial-planning/canterbury/?pl_p=1&pl_m=40,Simply Finance Ltd,simply-finance.co.uk
https://financialadvisers.co.uk/financial-planning/canterbury/?pl_p=1&pl_m=40,Bainbridge Financial Planning Limited,mandgwealth.com/bainbridgefinancialplanning
https://financialadvisers.co.uk/financial-planning/canterbury/?pl_p=1&pl_m=40,Pharon Independent Financial Advisers Limited,pharon.co.uk
https://financialadvisers.co.uk/financial-planning/canterbury/?pl_p=1&pl_m=40,Spurling Cannon Financial Planners Ltd,spurlingcannonfp.co.uk
https://financialadvisers.co.uk/financial-planning/canterbury/?pl_p=1&pl_m=40,Pentins Financial Planners Ltd,pentinsfp.co.uk
https://financialadvisers.co.uk/financial-planning/canterbury/?pl_p=1&pl_m=40,Women's Wealth Ltd,womens-wealth.co.uk
https://financialadvisers.co.uk/financial-planning/canterbury/?pl_p=1&pl_m=40,Huggins Wealth Management Ltd,hugginswm.co.uk
https://financialadvisers.co.uk/financial-planning/canterbury/?pl_p=1&pl_m=40,Richard Butler,
https://financialadvisers.co.uk/financial-planning/canterbury/?pl_p=1&pl_m=40,Paul Spratt,sjpp.co.uk/paulspratt
https://financialadvisers.co.uk/financial-planning/canterbury/?pl_p=1&pl_m=40,Verum Financial LLP,verumfinancial.co.uk
https://financialadvisers.co.uk/financial-planning/canterbury/?pl_p=2&pl_m=40,Utopia Wealth Planning Ltd,utopiawealth.co.uk
https://financialadvisers.co.uk/financial-planning/canterbury/?pl_p=2&pl_m=40,Marble Financial Planning Ltd,
https://financialadvisers.co.uk/financial-planning/canterbury/?pl_p=2&pl_m=40,Paladin Financial Consultancy Ltd,
https://financialadvisers.co.uk/financial-planning/canterbury/?pl_p=2&pl_m=40,Ingard Independent Financial Management LLP,ingard.co.uk
https://financialadvisers.co.uk/financial-planning/canterbury/?pl_p=2&pl_m=40,Howard Financial Planning Limited,howardfinancialplanning.co.uk
https://financialadvisers.co.uk/financial-planning/canterbury/?pl_p=2&pl_m=40,Mercury Financial Solutions,mercuryfinancialsolutions.co.uk
https://financialadvisers.co.uk/financial-planning/canterbury/?pl_p=2&pl_m=40,Closer Independent Financial Services Limited,closerifs.co.uk
https://financialadvisers.co.uk/financial-planning/canterbury/?pl_p=2&pl_m=40,Michael Edwin Harwood,whitehallfinancialservices.co.uk
https://financialadvisers.co.uk/financial-planning/canterbury/?pl_p=2&pl_m=40,Nathan Ewart Miles Rose,whitstablefp.co.uk
https://financialadvisers.co.uk/financial-planning/canterbury/?pl_p=2&pl_m=40,Release Freedom Limited,
https://financialadvisers.co.uk/financial-planning/canterbury/?pl_p=2&pl_m=40,Chris French Ltd,
https://financialadvisers.co.uk/financial-planning/canterbury/?pl_p=2&pl_m=40,Victor Edmonds Wealth Management Limited,victoredmonds.co.uk
https://financialadvisers.co.uk/financial-planning/canterbury/?pl_p=2&pl_m=40,Edmonds and Simpson Wealth Management Limited,
https://financialadvisers.co.uk/financial-planning/canterbury/?pl_p=2&pl_m=40,Oyster Financial Solutions LLP,oysterfinancialsolutions.co.uk
https://financialadvisers.co.uk/financial-planning/canterbury/?pl_p=2&pl_m=40,Brian Emslie,brianemslie.co.uk
https://financialadvisers.co.uk/financial-planning/canterbury/?pl_p=3&pl_m=40,Wright & Shadwell Wealth Management,wrightshadwell.co.uk
https://financialadvisers.co.uk/financial-planning/canterbury/?pl_p=3&pl_m=40,Kevin Paul Manktelow,aitana.co.uk
https://financialadvisers.co.uk/financial-planning/canterbury/?pl_p=3&pl_m=40,Mead Wealth Management Limited,meadwm.co.uk
https://financialadvisers.co.uk/financial-planning/canterbury/?pl_p=3&pl_m=40,Four Wealth Planning Limited,2plan.com
https://financialadvisers.co.uk/financial-planning/canterbury/?pl_p=3&pl_m=40,Lancaster Hill Investment Management,lancaster-hill.co.uk
https://financialadvisers.co.uk/financial-planning/canterbury/?pl_p=3&pl_m=40,WTB Financial Consultancy,wtbfinancial.co.uk
https://financialadvisers.co.uk/financial-planning/canterbury/?pl_p=3&pl_m=40,Stapley Mortgages Ltd,stapleymortgage.co.uk
https://financialadvisers.co.uk/financial-planning/canterbury/?pl_p=3&pl_m=40,Tailored Mortgage Solutions Ltd,tailoremortgagesolutions.co.uk
https://financialadvisers.co.uk/financial-planning/canterbury/?pl_p=3&pl_m=40,Acorn Bowman Finance & Investment Management Ltd,abfim.com
https://financialadvisers.co.uk/financial-planning/canterbury/?pl_p=3&pl_m=40,JD & ES Barrett LLP,jeremybarrett.co.uk
https://financialadvisers.co.uk/financial-planning/canterbury/?pl_p=3&pl_m=40,The M Solution (Kent) Ltd,themsolution.co.uk
https://financialadvisers.co.uk/financial-planning/canterbury/?pl_p=3&pl_m=40,NBL Financial Management Limited,nblfm.com
https://financialadvisers.co.uk/financial-planning/canterbury/?pl_p=3&pl_m=40,County Associates (UK) LLP,countyassociates.co.uk
https://financialadvisers.co.uk/financial-planning/canterbury/?pl_p=3&pl_m=40,Bespoke Financial Planning Kent Limited,bespokefinancialplan.co.uk
https://financialadvisers.co.uk/financial-planning/canterbury/?pl_p=3&pl_m=40,Nicholas Smith,nicksmithwealth.co.uk
https://financialadvisers.co.uk/financial-planning/canterbury/?pl_p=4&pl_m=40,Asset Wealth Advisory Limited,assetwealthadvisory.co.uk
https://financialadvisers.co.uk/financial-planning/canterbury/?pl_p=4&pl_m=40,Magee Gammon Financial Planning Ltd,mageegammon.com
https://financialadvisers.co.uk/financial-planning/canterbury/?pl_p=4&pl_m=40,Alan O'Farrell,ofarrellwealth.co.uk
https://financialadvisers.co.uk/financial-planning/canterbury/?pl_p=4&pl_m=40,Aims Financial Ltd,aimsfinancial.co.uk
https://financialadvisers.co.uk/financial-planning/canterbury/?pl_p=4&pl_m=40,I L Prebble & Partners,
https://financialadvisers.co.uk/financial-planning/canterbury/?pl_p=4&pl_m=40,Rickard Lazenby Financial Services Ltd,rickardlazenby.co.uk
https://financialadvisers.co.uk/financial-planning/canterbury/?pl_p=4&pl_m=40,Meridian Financial Planning Limited,meridianfp.co.uk
https://financialadvisers.co.uk/financial-planning/canterbury/?pl_p=4&pl_m=40,Carpenter Wealth Management Limited,carpenterwealthmanagement.co.uk
https://financialadvisers.co.uk/financial-planning/canterbury/?pl_p=4&pl_m=40,Absolute Financial Management Ltd,afmanagement.co.uk
https://financialadvisers.co.uk/financial-planning/canterbury/?pl_p=4&pl_m=40,Rajive Hensman,
https://financialadvisers.co.uk/financial-planning/canterbury/?pl_p=4&pl_m=40,Talis Financial Advisers Ltd,talisifa.com
https://financialadvisers.co.uk/financial-planning/canterbury/?pl_p=4&pl_m=40,Regency (Support Services) Limited,talisifa.com/regency-ifa
https://financialadvisers.co.uk/financial-planning/canterbury/?pl_p=4&pl_m=40,Stroud Wealth Management LLP,stroudwm.co.uk
https://financialadvisers.co.uk/financial-planning/canterbury/?pl_p=4&pl_m=40,Illustrious FS Ltd,ifs.services
https://financialadvisers.co.uk/financial-planning/canterbury/?pl_p=4&pl_m=40,Q & A Financial Planning Ltd,qafp.co.uk
https://financialadvisers.co.uk/financial-planning/canterbury/?pl_p=5&pl_m=40,CONSOLIDARE WEALTH MANAGEMENT LTD,consolidarewealth.co.uk
https://financialadvisers.co.uk/financial-planning/canterbury/?pl_p=5&pl_m=40,Financial Advice and Services Limited,financial-advice.co.uk
https://financialadvisers.co.uk/financial-planning/canterbury/?pl_p=5&pl_m=40,TJD Services Kent Limited,denhamassociates.co.uk
https://financialadvisers.co.uk/financial-planning/canterbury/?pl_p=5&pl_m=40,Julian Harris Financial Consultants,julianharris.net
https://financialadvisers.co.uk/financial-planning/canterbury/?pl_p=5&pl_m=40,Donna Bowey Financial Consultancy Ltd,donnabowey.com
https://financialadvisers.co.uk/financial-planning/canterbury/?pl_p=5&pl_m=40,Austin Lakin Clark Ltd,alcfp.co.uk
https://financialadvisers.co.uk/financial-planning/canterbury/?pl_p=5&pl_m=40,Robert Eaton,eatonwealthmanagement.co.uk
https://financialadvisers.co.uk/financial-planning/canterbury/?pl_p=5&pl_m=40,Greg Miller,partnership.sjp.co.uk/partner/gregmiller
https://financialadvisers.co.uk/financial-planning/canterbury/?pl_p=5&pl_m=40,Hythe Bay Financial Limited,partnership.sjp.co.ukpartnerhythebay
https://financialadvisers.co.uk/financial-planning/canterbury/?pl_p=5&pl_m=40,Forward Plan IFA Limited,forward-plan.co.uk
https://financialadvisers.co.uk/financial-planning/canterbury/?pl_p=5&pl_m=40,London and County Financial Advisors Ltd,londonandcountyfa.com
https://financialadvisers.co.uk/financial-planning/canterbury/?pl_p=5&pl_m=40,Dale Cawdron,
https://financialadvisers.co.uk/financial-planning/canterbury/?pl_p=5&pl_m=40,Blue Shield Investment Services,blueshieldinsurance.co.uk
https://financialadvisers.co.uk/financial-planning/canterbury/?pl_p=5&pl_m=40,Glade Independent Financial Services Limited,gladeifs.com
https://financialadvisers.co.uk/financial-planning/canterbury/?pl_p=5&pl_m=40,Christopher Epps,
https://financialadvisers.co.uk/financial-planning/canterbury/?pl_p=6&pl_m=40,Christopher Epps and Geraldine Jordan,acumenfinancialconsulting.co.uk/about-u
https://financialadvisers.co.uk/financial-planning/canterbury/?pl_p=6&pl_m=40,Throgmorton Private Capital Ltd,throgmortonltd.co.uk
https://financialadvisers.co.uk/financial-planning/canterbury/?pl_p=6&pl_m=40,Black & White Financial Planning Ltd,bwfp.co.uk
https://financialadvisers.co.uk/financial-planning/canterbury/?pl_p=6&pl_m=40,Mayfield Financial Services Limited,mayfield.uk.com
https://financialadvisers.co.uk/financial-planning/canterbury/?pl_p=6&pl_m=40,Logic Investments Ltd,logicinvestments.co.uk
https://financialadvisers.co.uk/financial-planning/canterbury/?pl_p=6&pl_m=40,Westbrook Financial Services Ltd,westbrookfs.co.uk
https://financialadvisers.co.uk/financial-planning/canterbury/?pl_p=6&pl_m=40,Scion Financial Ltd,
https://financialadvisers.co.uk/financial-planning/canterbury/?pl_p=6&pl_m=40,Nightingale Wealth Advisory Ltd,nightingalewealth.co.uk
https://financialadvisers.co.uk/financial-planning/canterbury/?pl_p=6&pl_m=40,Made to Measure Mortgages Limited,madetomeasuremortgages.co.uk
https://financialadvisers.co.uk/financial-planning/canterbury/?pl_p=6&pl_m=40,Mark Cosgrave Wealth Management Limited,markcosgrave.co.uk
https://financialadvisers.co.uk/financial-planning/canterbury/?pl_p=6&pl_m=40,Mark Bassant,bassantfs.co.uk
https://financialadvisers.co.uk/financial-planning/canterbury/?pl_p=6&pl_m=40,AM Mortgage & Financial Services Ltd,ammfs.co.uk
https://financialadvisers.co.uk/financial-planning/canterbury/?pl_p=6&pl_m=40,Simon Forest,sjpp.co.uk/simonforest
https://financialadvisers.co.uk/financial-planning/canterbury/?pl_p=6&pl_m=40,The Pentagon Partnership,pentagonp.co.uk
https://financialadvisers.co.uk/financial-planning/canterbury/?pl_p=6&pl_m=40,Green Lane Financial Planning Limited,greenlanefinancialplanning.co.uk
https://financialadvisers.co.uk/financial-planning/canterbury/?pl_p=7&pl_m=40,Financial Escape Limited,financialescape.co.uk
https://financialadvisers.co.uk/financial-planning/canterbury/?pl_p=7&pl_m=40,Bradnam Wealth Management (UK) Limited,bradnamwealthmanagement.co.uk
https://financialadvisers.co.uk/financial-planning/canterbury/?pl_p=7&pl_m=40,Canterbury Wealth Management Ltd,mandgwealth.com/canterburywealthmanagement
https://financialadvisers.co.uk/financial-planning/canterbury/?pl_p=7&pl_m=40,Piper Wealth Management LTD,mandgwealth.com/piperwealthmanagement
https://financialadvisers.co.uk/financial-planning/canterbury/?pl_p=7&pl_m=40,Financialmum Ltd,
https://financialadvisers.co.uk/financial-planning/canterbury/?pl_p=7&pl_m=40,Need Financial Planning Ltd,needfp.co.uk
https://financialadvisers.co.uk/financial-planning/canterbury/?pl_p=7&pl_m=40,Paul Baldwin,sjpp.co.uk/ptb
https://financialadvisers.co.uk/financial-planning/canterbury/?pl_p=7&pl_m=40,MMP Financial Planning Limited,mmpfinancialplanning.co.uk
https://financialadvisers.co.uk/financial-planning/canterbury/?pl_p=7&pl_m=40,Strategic Investment Planning Ltd,strategicinvestments.co.uk
https://financialadvisers.co.uk/financial-planning/canterbury/?pl_p=7&pl_m=40,Michael Taylor,partnership.sjp.co.ukpartnermiketaylor
https://financialadvisers.co.uk/financial-planning/canterbury/?pl_p=7&pl_m=40,Cantium Wealth Management Limited,cantiumwm.co.uk
https://financialadvisers.co.uk/financial-planning/canterbury/?pl_p=7&pl_m=40,Rainbourne Associates (Financial Services) Limited,rainbourne.co.uk
https://financialadvisers.co.uk/financial-planning/canterbury/?pl_p=7&pl_m=40,D C Pensions & Investment Limited,dcpi.co.uk
https://financialadvisers.co.uk/financial-planning/canterbury/?pl_p=7&pl_m=40,Anning Financial Management Ltd,anning.co.uk
https://financialadvisers.co.uk/financial-planning/canterbury/?pl_p=7&pl_m=40,Thompson Financial Ltd,sjpp.co.uk/sallythompson
https://financialadvisers.co.uk/financial-planning/canterbury/?pl_p=8&pl_m=40,Pebbles Mortgage and Protection Limited,pebbles-fs.co.uk
https://financialadvisers.co.uk/financial-planning/canterbury/?pl_p=8&pl_m=40,h2o Financial Services Limited,h2ofinancial.co.uk
https://financialadvisers.co.uk/financial-planning/canterbury/?pl_p=8&pl_m=40,Simon McGregor,
https://financialadvisers.co.uk/financial-planning/canterbury/?pl_p=8&pl_m=40,Invicta Financial Solutions Ltd,invictafs.co.uk
https://financialadvisers.co.uk/financial-planning/canterbury/?pl_p=8&pl_m=40,Tudor Financial Options Ltd,t-fo.co.uk
https://financialadvisers.co.uk/financial-planning/canterbury/?pl_p=8&pl_m=40,Adrian Cochrane Partnership LLP,
https://financialadvisers.co.uk/financial-planning/canterbury/?pl_p=8&pl_m=40,Berkeley La Roche Financial Consultants Ltd,berkeleylaroche.co.uk
https://financialadvisers.co.uk/financial-planning/canterbury/?pl_p=8&pl_m=40,PJH Financial Services,
https://financialadvisers.co.uk/financial-planning/canterbury/?pl_p=8&pl_m=40,Martin Tickner,financialchoices.co.uk
https://financialadvisers.co.uk/financial-planning/canterbury/?pl_p=8&pl_m=40,Claire Connell Wealth Management Ltd,partnership.sjp.co.uk/partner/claireconnell
https://financialadvisers.co.uk/financial-planning/canterbury/?pl_p=8&pl_m=40,Orchard Financial Management Ltd,orchardfinancial.co.uk
https://financialadvisers.co.uk/financial-planning/canterbury/?pl_p=8&pl_m=40,Brewster Financial Planning Ltd,richardbrewster.co.uk
https://financialadvisers.co.uk/financial-planning/canterbury/?pl_p=8&pl_m=40,Robert Fletcher Associates LLP,robfletcher.org
https://financialadvisers.co.uk/financial-planning/canterbury/?pl_p=8&pl_m=40,Easom Wealth Management,easomwealthmanagement.co.uk
https://financialadvisers.co.uk/financial-planning/canterbury/?pl_p=8&pl_m=40,Sally Laking,sallylaking.co.uk
https://financialadvisers.co.uk/financial-planning/canterbury/?pl_p=9&pl_m=40,Anderson Gardner Financial Planning Ltd,agfp.co.uk
https://financialadvisers.co.uk/financial-planning/canterbury/?pl_p=9&pl_m=40,SJB COMMERCIAL CONSULTING LIMITED,empirefinance.co.uk
https://financialadvisers.co.uk/financial-planning/canterbury/?pl_p=9&pl_m=40,Peter Stewart Associates Limited,psa-uk.com
https://financialadvisers.co.uk/financial-planning/canterbury/?pl_p=9&pl_m=40,Mark Dean Wealth Management (UK) Limited,markdeanwealth.com
https://financialadvisers.co.uk/financial-planning/canterbury/?pl_p=9&pl_m=40,Julian Collett,collettwealthmanagement.co.uk
https://financialadvisers.co.uk/financial-planning/canterbury/?pl_p=9&pl_m=40,R3 Mortgages Limited,r3mortgages.com
https://financialadvisers.co.uk/financial-planning/canterbury/?pl_p=9&pl_m=40,Sand Financial Planning Limited,
https://financialadvisers.co.uk/financial-planning/canterbury/?pl_p=9&pl_m=40,Investment Choices Wealth Management Limited,investmentchoices.co.uk
https://financialadvisers.co.uk/financial-planning/canterbury/?pl_p=9&pl_m=40,DP Advisory Limited,dapco.co.uk
https://financialadvisers.co.uk/financial-planning/canterbury/?pl_p=9&pl_m=40,Jamie Weller Financial Services Limited,jamieweller.co.uk
https://financialadvisers.co.uk/financial-planning/canterbury/?pl_p=9&pl_m=40,Jury Financial Solutions Limited,juryfs.co.uk
https://financialadvisers.co.uk/financial-planning/canterbury/?pl_p=9&pl_m=40,Mark James Ashley Wealth Management Ltd,mjashleywm.co.uk
https://financialadvisers.co.uk/financial-planning/canterbury/?pl_p=9&pl_m=40,Double Two Financial Planning Ltd,doubletwofp.co.uk
https://financialadvisers.co.uk/financial-planning/canterbury/?pl_p=9&pl_m=40,Kent Insurance Services Ltd,kentinsuranceservices.co.uk
https://financialadvisers.co.uk/financial-planning/canterbury/?pl_p=9&pl_m=40,TWJ Wealth Management Limited,twjwealthmanagement.co.uk
https://financialadvisers.co.uk/financial-planning/canterbury/?pl_p=10&pl_m=40,Henderson Moore Financial Solutions Ltd,hendersonponsford.com
https://financialadvisers.co.uk/financial-planning/canterbury/?pl_p=10&pl_m=40,H & D Financial Planning Limited,carterfp.co.uk
https://financialadvisers.co.uk/financial-planning/canterbury/?pl_p=10&pl_m=40,H&D Wealth Limited,hdwealth.com
https://financialadvisers.co.uk/financial-planning/canterbury/?pl_p=10&pl_m=40,Annie Drylie,partnership.sjp.co.uk/partner/anniedrylie
https://financialadvisers.co.uk/financial-planning/canterbury/?pl_p=10&pl_m=40,Christopher Grants Financial Planning Ltd,cgfp.co.uk
https://financialadvisers.co.uk/financial-planning/canterbury/?pl_p=10&pl_m=40,Matthew Collins Financial Planning Limited,matthewcollinsfp.co.uk
https://financialadvisers.co.uk/financial-planning/canterbury/?pl_p=10&pl_m=40,Letts Wealth Management Ltd,lettswealthmanagement.co.uk
https://financialadvisers.co.uk/financial-planning/canterbury/?pl_p=10&pl_m=40,Maylam Financial Planning Ltd,maylamfinancial.co.uk
https://financialadvisers.co.uk/financial-planning/canterbury/?pl_p=10&pl_m=40,TWC Financial Limited,twcfinancial.co.uk
https://financialadvisers.co.uk/financial-planning/canterbury/?pl_p=10&pl_m=40,Willow Financial Planning Limited,willowfinancial.co.uk
https://financialadvisers.co.uk/financial-planning/canterbury/?pl_p=10&pl_m=40,Deborah Cargo,kentfp.co.uk
https://financialadvisers.co.uk/financial-planning/canterbury/?pl_p=10&pl_m=40,Andrew James,andrewjamesifa.com
https://financialadvisers.co.uk/financial-planning/canterbury/?pl_p=10&pl_m=40,Patrick Wayne Wealth Management Ltd,
https://financialadvisers.co.uk/financial-planning/canterbury/?pl_p=10&pl_m=40,Legacy / CKS,legacycks.com
https://financialadvisers.co.uk/financial-planning/canterbury/?pl_p=10&pl_m=40,Whiting Group Limited,whitings.co.uk
https://financialadvisers.co.uk/financial-planning/canterbury/?pl_p=11&pl_m=40,Integral Financial Advice Limited,integralwm.co.uk
https://financialadvisers.co.uk/financial-planning/canterbury/?pl_p=11&pl_m=40,Gaudium Associates Limited,gaudium-associates.co.uk
https://financialadvisers.co.uk/financial-planning/canterbury/?pl_p=11&pl_m=40,Strategic IFA Ltd,strategicifa.co.uk
https://financialadvisers.co.uk/financial-planning/canterbury/?pl_p=11&pl_m=40,Opus Finance Group Limited,opusfinancegroup.co.uk
https://financialadvisers.co.uk/financial-planning/canterbury/?pl_p=11&pl_m=40,Steggles & Co Limited,stegglesandco.com
https://financialadvisers.co.uk/financial-planning/canterbury/?pl_p=11&pl_m=40,Focused Financial Limited,focusedfinancial.co.uk
https://financialadvisers.co.uk/financial-planning/canterbury/?pl_p=11&pl_m=40,SIMPLESURANCE,simplesurance.co.uk
https://financialadvisers.co.uk/financial-planning/canterbury/?pl_p=11&pl_m=40,Fieldstone Private Capital Group Ltd,fieldstone.group
https://financialadvisers.co.uk/financial-planning/canterbury/?pl_p=11&pl_m=40,Oakhurst Financial Services Limited,oakhurst-ifa.co.uk
https://financialadvisers.co.uk/financial-planning/canterbury/?pl_p=11&pl_m=40,Anna Gooch,
https://financialadvisers.co.uk/financial-planning/canterbury/?pl_p=11&pl_m=40,Smith Associates Financial Services Limited,smithassociates-ifa.co.uk
https://financialadvisers.co.uk/financial-planning/canterbury/?pl_p=11&pl_m=40,Devonports Financial Services Limited,devonports.co.uk
https://financialadvisers.co.uk/financial-planning/canterbury/?pl_p=11&pl_m=40,Michael Joseph Kerrigan,
https://financialadvisers.co.uk/financial-planning/canterbury/?pl_p=11&pl_m=40,Essex Financial Planners UK Ltd,essexfp.com
https://financialadvisers.co.uk/financial-planning/canterbury/?pl_p=11&pl_m=40,Oculus Wealth Management (Medway) Ltd,oculuswealth.co.uk
https://financialadvisers.co.uk/financial-planning/canterbury/?pl_p=12&pl_m=40,Sally Noble,partnership.sjp.co.uk/partner/noblewealthmanagement
https://financialadvisers.co.uk/financial-planning/canterbury/?pl_p=12&pl_m=40,JDC Financial Planning Limited,jdcfinancialplanning.co.uk
https://financialadvisers.co.uk/financial-planning/canterbury/?pl_p=12&pl_m=40,Michael Harper Wealth Management Limited,partnership.sjp.co.ukpartnermichaelharper
https://financialadvisers.co.uk/financial-planning/canterbury/?pl_p=12&pl_m=40,Osman Wealth Management Ltd,osmanwealth.co.uk
https://financialadvisers.co.uk/financial-planning/canterbury/?pl_p=12&pl_m=40,Sherpa Wealth,sherpawealth.uk
https://financialadvisers.co.uk/financial-planning/canterbury/?pl_p=12&pl_m=40,Marathon Wealth Management Ltd,harperfirthwm.co.uk
https://financialadvisers.co.uk/financial-planning/canterbury/?pl_p=12&pl_m=40,Sheena Parker Wealth Management Limited,partnership.sjp.co.uk/partner/sheenaparker
https://financialadvisers.co.uk/financial-planning/canterbury/?pl_p=12&pl_m=40,Mike Lumley Financial Solutions,partnership.sjp.co.uk/partner/mikelumley
https://financialadvisers.co.uk/financial-planning/canterbury/?pl_p=12&pl_m=40,John Harper Wealth Management,johncharper.co.uk
https://financialadvisers.co.uk/financial-planning/canterbury/?pl_p=12&pl_m=40,Oliver Harper Wealth Management Ltd,
https://financialadvisers.co.uk/financial-planning/canterbury/?pl_p=12&pl_m=40,The Mortgage Mum Specialist Finance Limited,themortgagemum.co.uk
https://financialadvisers.co.uk/financial-planning/canterbury/?pl_p=12&pl_m=40,Godfrey Asare,
https://financialadvisers.co.uk/financial-planning/canterbury/?pl_p=12&pl_m=40,Edenwood Wealth Management,edenwoodwealth.com
https://financialadvisers.co.uk/financial-planning/canterbury/?pl_p=12&pl_m=40,Blue Tulip Wealth Management Limited,bluetulipwealthmanagement.co.uk
https://financialadvisers.co.uk/financial-planning/canterbury/?pl_p=12&pl_m=40,WLS Investment Partnership Limited,sandringham.co.uk
https://financialadvisers.co.uk/financial-planning/canterbury/?pl_p=13&pl_m=40,Edward Paul Financial Planning Ltd,edwardpaul.co.uk
https://financialadvisers.co.uk/financial-planning/canterbury/?pl_p=13&pl_m=40,Dukes Financial Planning LLP,dukesfinancialplanning.co.uk
https://financialadvisers.co.uk/financial-planning/canterbury/?pl_p=13&pl_m=40,Jonathan Knight,jewellpearcedavy.co.uk
https://financialadvisers.co.uk/financial-planning/canterbury/?pl_p=13&pl_m=40,FS247 Ltd,ff-p.co.uk
https://financialadvisers.co.uk/financial-planning/canterbury/?pl_p=13&pl_m=40,RBL Wealth Management LTD,mandgwealth.com/rblwealthmanagement
https://financialadvisers.co.uk/financial-planning/canterbury/?pl_p=13&pl_m=40,Phillip Michael Southall,
https://financialadvisers.co.uk/financial-planning/canterbury/?pl_p=13&pl_m=40,Evolution Financial Planning Ltd.,evolutionfinancialplanning.co.uk
https://financialadvisers.co.uk/financial-planning/canterbury/?pl_p=13&pl_m=40,Cobalt Asset Management LLP,
https://financialadvisers.co.uk/financial-planning/canterbury/?pl_p=13&pl_m=40,Perspective (South East) Limited,pfgl.co.uk/southeast
https://financialadvisers.co.uk/financial-planning/canterbury/?pl_p=13&pl_m=40,Forces Family Finance Ltd,forcesfamilyfinance.co.uk
https://financialadvisers.co.uk/financial-planning/canterbury/?pl_p=13&pl_m=40,Stuart Thomsitt,srtwealthmanagement.co.uk
https://financialadvisers.co.uk/financial-planning/canterbury/?pl_p=13&pl_m=40,Financial Solutions SC Ltd,financialsc.co.uk
https://financialadvisers.co.uk/financial-planning/canterbury/?pl_p=13&pl_m=40,Lightblue Online LLP,lightblueuk.com
https://financialadvisers.co.uk/financial-planning/canterbury/?pl_p=13&pl_m=40,Lightblue U.K. Limited,lightblueuk.com
https://financialadvisers.co.uk/financial-planning/canterbury/?pl_p=13&pl_m=40,Prism Investments Limited,prisminvestments.co.uk
https://financialadvisers.co.uk/financial-planning/canterbury/?pl_p=14&pl_m=40,HARBOUR ROCK CAPITAL LIMITED,harbourrockcapital.co.uk
https://financialadvisers.co.uk/financial-planning/canterbury/?pl_p=14&pl_m=40,Apollo Pension & Investment Advisers,apolloifa.co.uk
https://financialadvisers.co.uk/financial-planning/canterbury/?pl_p=14&pl_m=40,S & P Wealth Management,sandpwealthmanagement.com
https://financialadvisers.co.uk/financial-planning/canterbury/?pl_p=14&pl_m=40,Direct Financial Planning (UK) Limited,directfp.co.uk
https://financialadvisers.co.uk/financial-planning/canterbury/?pl_p=14&pl_m=40,Rose Associates Financial Planning Ltd,roseassociatesfp.co.uk
https://financialadvisers.co.uk/financial-planning/canterbury/?pl_p=14&pl_m=40,Rosewood Financial Planning Limited,rosewoodfp.co.uk
https://financialadvisers.co.uk/financial-planning/canterbury/?pl_p=14&pl_m=40,Erica Hay,partnership.sjp.co.uk/partner/ericahay
https://financialadvisers.co.uk/financial-planning/canterbury/?pl_p=14&pl_m=40,Estuary Financial Services Limited,estuarywills.com
https://financialadvisers.co.uk/financial-planning/canterbury/?pl_p=14&pl_m=40,Status Financial Services Limited,statusmortgageservices.co.uk
https://financialadvisers.co.uk/financial-planning/canterbury/?pl_p=14&pl_m=40,Steven Day,ajlife.co.uk
https://financialadvisers.co.uk/financial-planning/canterbury/?pl_p=14&pl_m=40,Summit Wealth Ltd,
https://financialadvisers.co.uk/financial-planning/canterbury/?pl_p=14&pl_m=40,Infinity Financial Planning Limited,infinityfp.co.uk
https://financialadvisers.co.uk/financial-planning/canterbury/?pl_p=14&pl_m=40,Mindful Wealth Ltd,
https://financialadvisers.co.uk/financial-planning/canterbury/?pl_p=14&pl_m=40,Barbac Payne Wealth Management Limited,partnership.sjp.co.uk/partner/barbacpaynewm
https://financialadvisers.co.uk/financial-planning/canterbury/?pl_p=14&pl_m=40,Star Financial Solutions Limited,starfs.co.uk
https://financialadvisers.co.uk/financial-planning/canterbury/?pl_p=15&pl_m=40,DOL Solutions,dolsolutions.co.uk
https://financialadvisers.co.uk/financial-planning/canterbury/?pl_p=15&pl_m=40,Simone Wealth Management Limited,mandg.com
https://financialadvisers.co.uk/financial-planning/canterbury/?pl_p=15&pl_m=40,Gary Derek Powell,
https://financialadvisers.co.uk/financial-planning/canterbury/?pl_p=15&pl_m=40,Neil Finney,
https://financialadvisers.co.uk/financial-planning/canterbury/?pl_p=15&pl_m=40,Bastet Wealth Management Ltd,
https://financialadvisers.co.uk/financial-planning/canterbury/?pl_p=15&pl_m=40,Andrew Lee,partnership.sjp.co.ukpartnerandrewlee
https://financialadvisers.co.uk/financial-planning/canterbury/?pl_p=15&pl_m=40,Darren Mason,masonwm.co.uk
https://financialadvisers.co.uk/financial-planning/canterbury/?pl_p=15&pl_m=40,Champion Financial Advisors Limited,championfinancial.biz
https://financialadvisers.co.uk/financial-planning/canterbury/?pl_p=15&pl_m=40,Doyle & Leigh Financial Services Ltd,partnership.sjp.co.uk/partner/doyleleighfs
https://financialadvisers.co.uk/financial-planning/canterbury/?pl_p=15&pl_m=40,GTM Financial (Rochester) Limited,
https://financialadvisers.co.uk/financial-planning/canterbury/?pl_p=15&pl_m=40,Central Markets Investment Management Limited,centralmarkets-im.co.uk
https://financialadvisers.co.uk/financial-planning/canterbury/?pl_p=15&pl_m=40,Castlerock Wealth Management,castlerockwealth.co.uk
https://financialadvisers.co.uk/financial-planning/canterbury/?pl_p=15&pl_m=40,James & Co Wealth Management Limited,
https://financialadvisers.co.uk/financial-planning/canterbury/?pl_p=15&pl_m=40,Kingstons Wealth Management Limited,kingstonsfinancial.com
https://financialadvisers.co.uk/financial-planning/canterbury/?pl_p=15&pl_m=40,Forrester-Hyde Limited,forrester-hyde.co.uk
https://financialadvisers.co.uk/financial-planning/canterbury/?pl_p=16&pl_m=40,Best 4 Advice Ltd,best4advice.com
https://financialadvisers.co.uk/financial-planning/canterbury/?pl_p=16&pl_m=40,Progressive Financial Solutions Ltd,pfsolutions.co.uk
https://financialadvisers.co.uk/financial-planning/canterbury/?pl_p=16&pl_m=40,PWF Finance Limited,pwf-finance.co.uk
https://financialadvisers.co.uk/financial-planning/canterbury/?pl_p=16&pl_m=40,First Class Financial Advisers Ltd,firstclassfinancial.co.uk
https://financialadvisers.co.uk/financial-planning/canterbury/?pl_p=16&pl_m=40,Champion's Mortgage Solutions Limited,championsms.co.uk
https://financialadvisers.co.uk/financial-planning/canterbury/?pl_p=16&pl_m=40,Rene De Gruchy,
https://financialadvisers.co.uk/financial-planning/canterbury/?pl_p=16&pl_m=40,Tracey Pamela Gray,
https://financialadvisers.co.uk/financial-planning/canterbury/?pl_p=16&pl_m=40,PMR Financial Solutions Limited,pmr-fs.co.uk
https://financialadvisers.co.uk/financial-planning/canterbury/?pl_p=16&pl_m=40,RUNNYMEDE WEALTH MANAGEMENT LTD,prudential.co.uk/runnymedewealthmanagementltd
https://financialadvisers.co.uk/financial-planning/canterbury/?pl_p=16&pl_m=40,Olympus Financial Planning Ltd,
https://financialadvisers.co.uk/financial-planning/canterbury/?pl_p=16&pl_m=40,Barker Financial Planning Limited,barkerfinancialplanning.co.uk
https://financialadvisers.co.uk/financial-planning/canterbury/?pl_p=16&pl_m=40,MPB Financial Planning Ltd,mpbfinancialplanning.co.uk
https://financialadvisers.co.uk/financial-planning/canterbury/?pl_p=16&pl_m=40,4wealth Ltd,
https://financialadvisers.co.uk/financial-planning/canterbury/?pl_p=16&pl_m=40,Atwood Benefits UK Limited,benefitsuk.com
https://financialadvisers.co.uk/financial-planning/canterbury/?pl_p=16&pl_m=40,Pyxis Financial Planning limited,pyxifp.co.uk
https://financialadvisers.co.uk/financial-planning/canterbury/?pl_p=17&pl_m=40,Bullivant Wealth Management Ltd,bullivantwealth.co.uk
https://financialadvisers.co.uk/financial-planning/canterbury/?pl_p=17&pl_m=40,Castle Financial Services (South East) Ltd,castlefs.co.uk
https://financialadvisers.co.uk/financial-planning/canterbury/?pl_p=17&pl_m=40,Hall & Costello Wealth Management Limited,hallandcostellowealthmanagement.co.uk
https://financialadvisers.co.uk/financial-planning/canterbury/?pl_p=17&pl_m=40,NANA NYARKOA TETTEH,therockfmc.com
https://financialadvisers.co.uk/financial-planning/canterbury/?pl_p=17&pl_m=40,Estuary Wealth Management Limited,estuarywealth.co.uk
https://financialadvisers.co.uk/financial-planning/canterbury/?pl_p=17&pl_m=40,David Ruler Financial Planning Limited,davidruler.com
https://financialadvisers.co.uk/financial-planning/canterbury/?pl_p=17&pl_m=40,Fusion Mortgages Ltd,fusion-mortgages.com
https://financialadvisers.co.uk/financial-planning/canterbury/?pl_p=17&pl_m=40,Jack Thornton,jackthorntonfinancialplanning.co.uk
https://financialadvisers.co.uk/financial-planning/canterbury/?pl_p=17&pl_m=40,Unbiased (Financial Advice) UK Ltd,stjohnshouse.uk
https://financialadvisers.co.uk/financial-planning/canterbury/?pl_p=17&pl_m=40,Antony John Frost,choices-fs.co.uk
https://financialadvisers.co.uk/financial-planning/canterbury/?pl_p=17&pl_m=40,Ronald Charles Edwards,
https://financialadvisers.co.uk/financial-planning/canterbury/?pl_p=17&pl_m=40,Lucas & Co Financial Planning Ltd,lucasfp.co.uk
https://financialadvisers.co.uk/financial-planning/canterbury/?pl_p=17&pl_m=40,Andrew Young,partnership.sjp.co.uk/partner/andrewyoung
https://financialadvisers.co.uk/financial-planning/canterbury/?pl_p=17&pl_m=40,Robert Coventry,robcovetry.tppowered.com
https://financialadvisers.co.uk/financial-planning/canterbury/?pl_p=17&pl_m=40,Espiene Ltd,espiene.com
https://financialadvisers.co.uk/financial-planning/canterbury/?pl_p=18&pl_m=40,Kevin Hepworth,kevinhepworth.co.uk
https://financialadvisers.co.uk/financial-planning/canterbury/?pl_p=18&pl_m=40,Clive Ingram,cliveingram.com
https://financialadvisers.co.uk/financial-planning/canterbury/?pl_p=18&pl_m=40,Premier Research and Marketing,prminsurance.co.uk
https://financialadvisers.co.uk/financial-planning/canterbury/?pl_p=18&pl_m=40,Gordon Associates Ltd,gordon-associates.co.uk
https://financialadvisers.co.uk/financial-planning/canterbury/?pl_p=18&pl_m=40,Another View Financial Services Ltd,anotherviewfs.co.uk
https://financialadvisers.co.uk/financial-planning/canterbury/?pl_p=18&pl_m=40,Baker Jenness Financial Management,bakerjenness.co.uk
https://financialadvisers.co.uk/financial-planning/canterbury/?pl_p=18&pl_m=40,Burfields House Wealth Management Ltd,burfieldshousewm.co.uk
https://financialadvisers.co.uk/financial-planning/canterbury/?pl_p=18&pl_m=40,SimFin Financial limited,simfin.co.uk
https://financialadvisers.co.uk/financial-planning/canterbury/?pl_p=18&pl_m=40,Ashmax Limited,ashmax.co.uk
https://financialadvisers.co.uk/financial-planning/canterbury/?pl_p=18&pl_m=40,Joseph R Lamb Independent Financial Advisers Limited,kingswood-group.com
https://financialadvisers.co.uk/financial-planning/canterbury/?pl_p=18&pl_m=40,Valkyrie Financial Advice Ltd,valkyriefinancialadvice.co.uk
https://financialadvisers.co.uk/financial-planning/canterbury/?pl_p=18&pl_m=40,Simtonic Financial Solutions Ltd,first4mortgages.org.uk
https://financialadvisers.co.uk/financial-planning/canterbury/?pl_p=18&pl_m=40,New Leaf Distribution Limited,newleafdistribution.co.uk
https://financialadvisers.co.uk/financial-planning/canterbury/?pl_p=18&pl_m=40,Integrated IFA Ltd,
https://financialadvisers.co.uk/financial-planning/canterbury/?pl_p=18&pl_m=40,Orbit Financial Services Ltd,waltonfs.co.uk
https://financialadvisers.co.uk/financial-planning/canterbury/?pl_p=19&pl_m=40,Resolute Financial Services Ltd,
https://financialadvisers.co.uk/financial-planning/canterbury/?pl_p=19&pl_m=40,Mistry & Sons Limited,mistrysons.co.uk
https://financialadvisers.co.uk/financial-planning/canterbury/?pl_p=19&pl_m=40,Sterling Financial Consultancy Ltd,
https://financialadvisers.co.uk/financial-planning/canterbury/?pl_p=19&pl_m=40,Protect and Lend Limited,
https://financialadvisers.co.uk/financial-planning/canterbury/?pl_p=19&pl_m=40,CMIS Independent Financial Advisors Limited,cmisifa.co.uk
https://financialadvisers.co.uk/financial-planning/canterbury/?pl_p=19&pl_m=40,SP Financial Management Limited,spfm.co.uk
https://financialadvisers.co.uk/financial-planning/canterbury/?pl_p=19&pl_m=40,Sharon Deangelis,sharondeangelis.co.uk
https://financialadvisers.co.uk/financial-planning/canterbury/?pl_p=19&pl_m=40,Eden Independent Financial Advisers Limited,eden-ifa.com
https://financialadvisers.co.uk/financial-planning/canterbury/?pl_p=19&pl_m=40,PWS Group,pwsgroup.co.uk
https://financialadvisers.co.uk/financial-planning/canterbury/?pl_p=19&pl_m=40,Wardale Fletcher Financial Consultants Ltd,wardalefletcher.com
https://financialadvisers.co.uk/financial-planning/canterbury/?pl_p=19&pl_m=40,Wealth Generation LLP,wealth-generation.com
https://financialadvisers.co.uk/financial-planning/canterbury/?pl_p=19&pl_m=40,S J Wealth Management Ltd,sarah-jayneives.2plan.com
https://financialadvisers.co.uk/financial-planning/canterbury/?pl_p=19&pl_m=40,Rebecca McGinty,rebecca.mcginty@sjpp.co.uk
https://financialadvisers.co.uk/financial-planning/canterbury/?pl_p=19&pl_m=40,EF Solutions Ltd,mortgageadvisersinkent.co.uk
https://financialadvisers.co.uk/financial-planning/canterbury/?pl_p=19&pl_m=40,MPI FS LLP,mortonparker.co.uk
https://financialadvisers.co.uk/financial-planning/canterbury/?pl_p=20&pl_m=40,Metcalf Wealth Managers Ltd,metcalf-ifa.co.uk
https://financialadvisers.co.uk/financial-planning/canterbury/?pl_p=20&pl_m=40,Derek Stuart Scott,derekscott.co.uk
https://financialadvisers.co.uk/financial-planning/canterbury/?pl_p=20&pl_m=40,Adams & Bowles Wealth Management Ltd,adamsandbowleswm.co.uk
https://financialadvisers.co.uk/financial-planning/canterbury/?pl_p=20&pl_m=40,Reef Financial Consulting Ltd,reeffc.com
https://financialadvisers.co.uk/financial-planning/canterbury/?pl_p=20&pl_m=40,WIS Contractor Mortgages Ltd,wismortgages.co.uk
https://financialadvisers.co.uk/financial-planning/canterbury/?pl_p=20&pl_m=40,Sean Downs Wealth Management Limited,seandownswealthmanagement.co.uk
https://financialadvisers.co.uk/financial-planning/canterbury/?pl_p=20&pl_m=40,Ambersmith Wealth Consultancy Ltd,ambersmithwc.co.uk
https://financialadvisers.co.uk/financial-planning/canterbury/?pl_p=20&pl_m=40,Andre Engelbrecht Limited,
https://financialadvisers.co.uk/financial-planning/canterbury/?pl_p=20&pl_m=40,G & D Bignell,atrium-ifa.co.uk
https://financialadvisers.co.uk/financial-planning/canterbury/?pl_p=20&pl_m=40,Chambers Financial Services Limited,chambersfs.co.uk
https://financialadvisers.co.uk/financial-planning/canterbury/?pl_p=20&pl_m=40,Fairview Financial Management Ltd,fairviewifa.co.uk
https://financialadvisers.co.uk/financial-planning/canterbury/?pl_p=20&pl_m=40,Beck Wealth Management Limited,beckwealth.co.uk
https://financialadvisers.co.uk/financial-planning/canterbury/?pl_p=20&pl_m=40,Harty Ltd,hartyltd.co.uk
https://financialadvisers.co.uk/financial-planning/canterbury/?pl_p=20&pl_m=40,MAPS Wealth Management Ltd,mapswealth.co.uk
https://financialadvisers.co.uk/financial-planning/canterbury/?pl_p=20&pl_m=40,Andrew Salter,salterwm.co.uk
https://financialadvisers.co.uk/financial-planning/canterbury/?pl_p=21&pl_m=40,LMJ Financial Management Ltd,lmjfm.co.uk
https://financialadvisers.co.uk/financial-planning/canterbury/?pl_p=21&pl_m=40,Distinctive Financial Solutions Ltd,sjpp.co.uk/marklockyer
https://financialadvisers.co.uk/financial-planning/canterbury/?pl_p=21&pl_m=40,Guy Skidmore,conradwealthsolutions.co.uk
https://financialadvisers.co.uk/financial-planning/canterbury/?pl_p=21&pl_m=40,Raymond Hung,rhwealth.co.uk
https://financialadvisers.co.uk/financial-planning/canterbury/?pl_p=21&pl_m=40,SeventySeven Wealth Management Limited,
https://financialadvisers.co.uk/financial-planning/canterbury/?pl_p=21&pl_m=40,Eclipse Adviser (Pensions & Investments) Ltd,
https://financialadvisers.co.uk/financial-planning/canterbury/?pl_p=21&pl_m=40,Friend & Grant Wealth Management Ltd,fgwm.co.uk
https://financialadvisers.co.uk/financial-planning/canterbury/?pl_p=21&pl_m=40,Invicta Financial Services Ltd,invicta-group.co.uk
https://financialadvisers.co.uk/financial-planning/canterbury/?pl_p=21&pl_m=40,Invicta Financial Planning LLP,invicta-fp.co.uk
https://financialadvisers.co.uk/financial-planning/canterbury/?pl_p=21&pl_m=40,Platinum Financial Consulting Limited,platinumifa.co.uk
https://financialadvisers.co.uk/financial-planning/canterbury/?pl_p=21&pl_m=40,Shand Associates Ltd,
https://financialadvisers.co.uk/financial-planning/canterbury/?pl_p=21&pl_m=40,Liberty Wealth Management Ltd,partnership.sjp.co.uk/libertywm
https://financialadvisers.co.uk/financial-planning/canterbury/?pl_p=21&pl_m=40,Bob Rains Wealth Management Limited,brwm.org.uk
https://financialadvisers.co.uk/financial-planning/canterbury/?pl_p=21&pl_m=40,Sygma Financial Services Ltd,
https://financialadvisers.co.uk/financial-planning/canterbury/?pl_p=21&pl_m=40,First Class Financial Solutions Ltd,fcfs.org.uk
https://financialadvisers.co.uk/financial-planning/canterbury/?pl_p=22&pl_m=40,The Woodham Partnership Limited,twp-ifa.co.uk
https://financialadvisers.co.uk/financial-planning/canterbury/?pl_p=22&pl_m=40,GRS Financial Consultants Limited,grsfinancial.co.uk
https://financialadvisers.co.uk/financial-planning/canterbury/?pl_p=22&pl_m=40,Equinox Wealth Limited,equinoxwealth.co.uk
https://financialadvisers.co.uk/financial-planning/canterbury/?pl_p=22&pl_m=40,Star Brokers Ltd,
https://financialadvisers.co.uk/financial-planning/canterbury/?pl_p=22&pl_m=40,Equitas Investment Services Limited,lineone.net
https://financialadvisers.co.uk/financial-planning/canterbury/?pl_p=22&pl_m=40,Harbour Financial LLP,harbourfinancial.co.uk
https://financialadvisers.co.uk/financial-planning/canterbury/?pl_p=22&pl_m=40,Anish Sharma Wealth Management Limited,Ã¢Âpartnership.sjp.co.uk/partner/anishsharma
https://financialadvisers.co.uk/financial-planning/canterbury/?pl_p=22&pl_m=40,G11 Financial Management Limited,g11financial.co.uk
https://financialadvisers.co.uk/financial-planning/canterbury/?pl_p=22&pl_m=40,Hatten Wyatt Wealth Management LLP,hatten-wyatt.com
https://financialadvisers.co.uk/financial-planning/canterbury/?pl_p=22&pl_m=40,SKS Wealth Management Limited,
https://financialadvisers.co.uk/financial-planning/canterbury/?pl_p=22&pl_m=40,Blue Badger Financial Limited,
https://financialadvisers.co.uk/financial-planning/canterbury/?pl_p=22&pl_m=40,Blue Ocean Independent Financial Planning Ltd,blueoceanifp.co.uk
https://financialadvisers.co.uk/financial-planning/canterbury/?pl_p=22&pl_m=40,SRC Financial Services Limited,srcfinancial.com
https://financialadvisers.co.uk/financial-planning/canterbury/?pl_p=22&pl_m=40,SRC Mortgage Solutions Limited,srcfinancial.com
https://financialadvisers.co.uk/financial-planning/canterbury/?pl_p=22&pl_m=40,Financial Goal Attainment Limited,financialgoalattainment.uk
https://financialadvisers.co.uk/financial-planning/canterbury/?pl_p=23&pl_m=40,Sound Financial Planning Ltd,soundfp.co.uk
https://financialadvisers.co.uk/financial-planning/canterbury/?pl_p=23&pl_m=40,Sasha Hunt Limited,sashahunt.co.uk
https://financialadvisers.co.uk/financial-planning/canterbury/?pl_p=23&pl_m=40,Edward Frazer Ltd,edwardfrazer.co.uk
https://financialadvisers.co.uk/financial-planning/canterbury/?pl_p=23&pl_m=40,Black Financial Services Limited,blackfs.co.uk
https://financialadvisers.co.uk/financial-planning/canterbury/?pl_p=23&pl_m=40,Martin Financial Management Limited,martinfinancialmanagement.com
https://financialadvisers.co.uk/financial-planning/canterbury/?pl_p=23&pl_m=40,KBP Financial Ltd,kbp-financial.com
https://financialadvisers.co.uk/financial-planning/canterbury/?pl_p=23&pl_m=40,Bexley Financial Solutions Ltd,
https://financialadvisers.co.uk/financial-planning/canterbury/?pl_p=23&pl_m=40,Courtney Havers LLP,courtneyhavers.co.uk
https://financialadvisers.co.uk/financial-planning/canterbury/?pl_p=23&pl_m=40,Daniel O’Sullivan,mandg.com
https://financialadvisers.co.uk/financial-planning/canterbury/?pl_p=23&pl_m=40,Newsome Wealth Management Ltd,newsomewealthmanagement.co.uk
https://financialadvisers.co.uk/financial-planning/canterbury/?pl_p=23&pl_m=40,Blue Ocean Investment Company Limited,blueoceanfp.co.uk
https://financialadvisers.co.uk/financial-planning/canterbury/?pl_p=23&pl_m=40,Hereford Funds LLP,herefordfunds.com
https://financialadvisers.co.uk/financial-planning/canterbury/?pl_p=23&pl_m=40,Gertski Wealth Management Ltd,sjpp.co.uk/gertskiwealthmanagement
https://financialadvisers.co.uk/financial-planning/canterbury/?pl_p=23&pl_m=40,Paragon Independent Limited,paragon-ifa.co.uk
https://financialadvisers.co.uk/financial-planning/canterbury/?pl_p=23&pl_m=40,Lifetime Financial Consulting Ltd,lifetimefinancial.biz
https://financialadvisers.co.uk/financial-planning/canterbury/?pl_p=24&pl_m=40,Stella Wyatt,
https://financialadvisers.co.uk/financial-planning/canterbury/?pl_p=24&pl_m=40,Great Oak Financial Partners Ltd,greatoakfp.co.uk
https://financialadvisers.co.uk/financial-planning/canterbury/?pl_p=24&pl_m=40,Bull Wealth Management Ltd,bullwm.co.uk
https://financialadvisers.co.uk/financial-planning/canterbury/?pl_p=24&pl_m=40,TJD Financial Services Ltd,tjdfinancial.co.uk
https://financialadvisers.co.uk/financial-planning/canterbury/?pl_p=24&pl_m=40,James Reid,fleetwoodifs.co.uk
https://financialadvisers.co.uk/financial-planning/canterbury/?pl_p=24&pl_m=40,Crawford Drake Wealth Management Limited,crawforddrake.com
https://financialadvisers.co.uk/financial-planning/canterbury/?pl_p=24&pl_m=40,Heybridge Finance Limited,heybridgefinance.co.uk
https://financialadvisers.co.uk/financial-planning/canterbury/?pl_p=24&pl_m=40,Astute Financial & Lifestyle Planning Limited,astutefp.com
https://financialadvisers.co.uk/financial-planning/canterbury/?pl_p=24&pl_m=40,Blackwater Wealth Management Ltd,blackwaterwealthmanagement.co.uk
https://financialadvisers.co.uk/financial-planning/canterbury/?pl_p=24&pl_m=40,Amanda Redman,amandaredmanfp.co.uk
https://financialadvisers.co.uk/financial-planning/canterbury/?pl_p=24&pl_m=40,Flamingo Capital Limited,flcap.co.uk
https://financialadvisers.co.uk/financial-planning/canterbury/?pl_p=24&pl_m=40,Clarity Advice & Management Ltd,clarityam.com
https://financialadvisers.co.uk/financial-planning/canterbury/?pl_p=24&pl_m=40,Citrus Healthcare Consulting Ltd,citrushealthcare.co.uk
https://financialadvisers.co.uk/financial-planning/canterbury/?pl_p=24&pl_m=40,Graham Bacon Financial Solutions Limited,aol.com
https://financialadvisers.co.uk/financial-planning/canterbury/?pl_p=24&pl_m=40,Mortgage Steps Ltd,mortgagesteps.co.uk
https://financialadvisers.co.uk/financial-planning/canterbury/?pl_p=25&pl_m=40,ESJ Financial Planning LLP,esjfinancial.co.uk
https://financialadvisers.co.uk/financial-planning/canterbury/?pl_p=25&pl_m=40,Koenders Wealth Management Ltd,partnership.sjp.co.uk/partner/richardkoenders
https://financialadvisers.co.uk/financial-planning/canterbury/?pl_p=25&pl_m=40,Coffey Tomkins Financial Services Ltd,coffeybrooks.com
https://financialadvisers.co.uk/financial-planning/canterbury/?pl_p=25&pl_m=40,Coffey Brooks Financial Services Ltd,coffeybrooks.com
https://financialadvisers.co.uk/financial-planning/canterbury/?pl_p=25&pl_m=40,DDL Wealth Management Ltd,ddlwealthmanagement.co.uk
https://financialadvisers.co.uk/financial-planning/canterbury/?pl_p=25&pl_m=40,TFP Financial Planning Ltd,tfp-fp.com
https://financialadvisers.co.uk/financial-planning/canterbury/?pl_p=25&pl_m=40,Hutchinson Financial Planning Ltd,hutchinsonfinancialplanningltd.co.uk
https://financialadvisers.co.uk/financial-planning/canterbury/?pl_p=25&pl_m=40,Life Wealth Management Ltd,partnership.sjp.co.ukpartnerlifewealthmanagement
https://financialadvisers.co.uk/financial-planning/canterbury/?pl_p=25&pl_m=40,Frederick Charles Wealth Management Ltd,fcwealth.co.uk
https://financialadvisers.co.uk/financial-planning/canterbury/?pl_p=25&pl_m=40,Paul Andrew Tune,paultunefinancialservices.co.uk
https://financialadvisers.co.uk/financial-planning/canterbury/?pl_p=25&pl_m=40,Theora Financial Planning Limited,theora.biz
https://financialadvisers.co.uk/financial-planning/canterbury/?pl_p=25&pl_m=40,Cutting and Carter Limited,cuttingandcarter.co.uk
https://financialadvisers.co.uk/financial-planning/canterbury/?pl_p=25&pl_m=40,Clear IFA Limited,clearifa.com
https://financialadvisers.co.uk/financial-planning/canterbury/?pl_p=25&pl_m=40,Adam Burt,adamburtwm.co.uk
https://financialadvisers.co.uk/financial-planning/canterbury/?pl_p=25&pl_m=40,Spectrum Independent Financial Advice Limited,eclipsepensionspecialists.co.uk
https://financialadvisers.co.uk/financial-planning/canterbury/?pl_p=26&pl_m=40,Prism EBC Limited,specifa.co.uk
https://financialadvisers.co.uk/financial-planning/canterbury/?pl_p=26&pl_m=40,The Path Financial Limited,thepath.co.uk
https://financialadvisers.co.uk/financial-planning/canterbury/?pl_p=26&pl_m=40,LBWM Limited,watchoakpw.co.uk
https://financialadvisers.co.uk/financial-planning/canterbury/?pl_p=26&pl_m=40,The Lance Richards Practice Ltd,lance-richards.co.uk
https://financialadvisers.co.uk/financial-planning/canterbury/?pl_p=26&pl_m=40,Douglas Rowe Financial Services Limited,partnership.sjp.co.ukdougrowefspartnerdougrowefs
https://financialadvisers.co.uk/financial-planning/canterbury/?pl_p=26&pl_m=40,Spencer Maynard W M Limited,spencermaynardwm.co.uk
https://financialadvisers.co.uk/financial-planning/canterbury/?pl_p=26&pl_m=40,Grangewood Financial Management Ltd,gwfm.co.uk
https://financialadvisers.co.uk/financial-planning/canterbury/?pl_p=26&pl_m=40,Matthew Adam White,mwfinance.co.uk
https://financialadvisers.co.uk/financial-planning/canterbury/?pl_p=26&pl_m=40,Mr Stephen Alan Clarke,
https://financialadvisers.co.uk/financial-planning/canterbury/?pl_p=26&pl_m=40,Rootes Wealth Management Limited,rootes.co.uk
https://financialadvisers.co.uk/financial-planning/canterbury/?pl_p=26&pl_m=40,Harmer Financial Services Limited,harmerfsl.co.uk
https://financialadvisers.co.uk/financial-planning/canterbury/?pl_p=26&pl_m=40,Arrow 1066 Financial Services Ltd,arrow1066fs.co.uk
https://financialadvisers.co.uk/financial-planning/canterbury/?pl_p=26&pl_m=40,Wheble Financial Services Limited,wheblefs.co.uk
https://financialadvisers.co.uk/financial-planning/canterbury/?pl_p=26&pl_m=40,New Mortgages Ltd,
https://financialadvisers.co.uk/financial-planning/canterbury/?pl_p=26&pl_m=40,Fresh Financial Services Limited,fresh-financial.co.uk
https://financialadvisers.co.uk/financial-planning/canterbury/?pl_p=27&pl_m=40,Premiere UK FS Ltd,premiereuk.co.uk
https://financialadvisers.co.uk/financial-planning/canterbury/?pl_p=27&pl_m=40,LIFA (UK) Limited,lifa.co.uk
https://financialadvisers.co.uk/financial-planning/canterbury/?pl_p=27&pl_m=40,Alexander James Financial Planning Limited,alexanderjamesfinancial.co.uk
https://financialadvisers.co.uk/financial-planning/canterbury/?pl_p=27&pl_m=40,Quantum Wealth Planning Ltd,qwplanning.co.uk
https://financialadvisers.co.uk/financial-planning/canterbury/?pl_p=27&pl_m=40,Robert Keith Freeman,ffafinance.co.uk
https://financialadvisers.co.uk/financial-planning/canterbury/?pl_p=27&pl_m=40,Greenstone Financial Planning Ltd,greenstonefp.co.uk
https://financialadvisers.co.uk/financial-planning/canterbury/?pl_p=27&pl_m=40,my corinthian limited,corinthianbenefits.co.uk
https://financialadvisers.co.uk/financial-planning/canterbury/?pl_p=27&pl_m=40,Corinthian Benefits Consulting Limited,corinthianbenefits.co.uk
https://financialadvisers.co.uk/financial-planning/canterbury/?pl_p=27&pl_m=40,Streamline Financial Planning Ltd,
https://financialadvisers.co.uk/financial-planning/canterbury/?pl_p=27&pl_m=40,Thornton Financial Services Ltd,thorntonfinancialservices.co.uk
https://financialadvisers.co.uk/financial-planning/canterbury/?pl_p=27&pl_m=40,Lonsdale Financial Consulting Ltd,lonsdalefc.com
https://financialadvisers.co.uk/financial-planning/canterbury/?pl_p=27&pl_m=40,BULLINGER WEALTH LIMITED,bullinger.co.uk
https://financialadvisers.co.uk/financial-planning/canterbury/?pl_p=27&pl_m=40,Cooper Parry Wealth (TW) Limited,cooperparrywealth.com
https://financialadvisers.co.uk/financial-planning/canterbury/?pl_p=27&pl_m=40,Halcyon Wealth UK Ltd,halcyonwealth.co.uk
https://financialadvisers.co.uk/financial-planning/canterbury/?pl_p=27&pl_m=40,Porters Financial Ltd,portersfinancial.co.uk
https://financialadvisers.co.uk/financial-planning/canterbury/?pl_p=28&pl_m=40,Rock Financial Advisors Ltd,rockfinancialadvisors.co.uk
https://financialadvisers.co.uk/financial-planning/canterbury/?pl_p=28&pl_m=40,Abacus Advice Ltd,aaltd.co.uk
https://financialadvisers.co.uk/financial-planning/canterbury/?pl_p=28&pl_m=40,Forbes Financial Ltd,forbesfinancial.co.uk
https://financialadvisers.co.uk/financial-planning/canterbury/?pl_p=28&pl_m=40,One and All Financial Services Ltd,oryxfs.co.uk
https://financialadvisers.co.uk/financial-planning/canterbury/?pl_p=28&pl_m=40,Wells Financial Limited,wellsfinancial.co.uk
https://financialadvisers.co.uk/financial-planning/canterbury/?pl_p=28&pl_m=40,Credence Wealth Management Ltd,credencewm.co.uk
https://financialadvisers.co.uk/financial-planning/canterbury/?pl_p=28&pl_m=40,Strategic Wealth Management Limited,strategicwealth.co.uk
https://financialadvisers.co.uk/financial-planning/canterbury/?pl_p=28&pl_m=40,Stolworthy Pilling Ltd,spallp.co.uk
https://financialadvisers.co.uk/financial-planning/canterbury/?pl_p=28&pl_m=40,Advice2u Ltd,advice2u.co.uk
https://financialadvisers.co.uk/financial-planning/canterbury/?pl_p=28&pl_m=40,Alex Bergin-McCarthy,
https://financialadvisers.co.uk/financial-planning/canterbury/?pl_p=28&pl_m=40,Chelmer Wealth Management Ltd,chelmerwealthmanagement.co.uk
https://financialadvisers.co.uk/financial-planning/canterbury/?pl_p=28&pl_m=40,360 Financial Services Ltd.,360financialservices.co.uk
https://financialadvisers.co.uk/financial-planning/canterbury/?pl_p=28&pl_m=40,360 Wealth Ltd,360financialservices.co.uk
https://financialadvisers.co.uk/financial-planning/canterbury/?pl_p=28&pl_m=40,Michael Letch & Partners,michaelletch.co.uk
https://financialadvisers.co.uk/financial-planning/canterbury/?pl_p=28&pl_m=40,Crocus Wealth Limited,crocuswealth.co.uk
https://financialadvisers.co.uk/financial-planning/canterbury/?pl_p=29&pl_m=40,AV Trinity Limited,avtrinity.com
https://financialadvisers.co.uk/financial-planning/canterbury/?pl_p=29&pl_m=40,C A Financial Services Ltd,cafinancialservices.co.uk
https://financialadvisers.co.uk/financial-planning/canterbury/?pl_p=29&pl_m=40,Karen Ritchie Limited,karenritchie.co.uk
https://financialadvisers.co.uk/financial-planning/canterbury/?pl_p=29&pl_m=40,Wilson Edwards LLP,wilsonedwards.co.uk
https://financialadvisers.co.uk/financial-planning/canterbury/?pl_p=29&pl_m=40,J M Wakeling Independent Financial Advisers Ltd,jmwifa.co.uk
https://financialadvisers.co.uk/financial-planning/canterbury/?pl_p=29&pl_m=40,Hodges Financial Services Ltd,sjpp.co.uk/matthodges
https://financialadvisers.co.uk/financial-planning/canterbury/?pl_p=29&pl_m=40,Sterling Street Limited,sterlingstreet.co.uk
https://financialadvisers.co.uk/financial-planning/canterbury/?pl_p=29&pl_m=40,Wealden Wealth Advisory Limited,wealdenwealth.co.uk
https://financialadvisers.co.uk/financial-planning/canterbury/?pl_p=29&pl_m=40,Armstrong Wealth Ltd,armstrongwealth.co.uk
https://financialadvisers.co.uk/financial-planning/canterbury/?pl_p=29&pl_m=40,K.I.S.S Financial Management Ltd,kissfinancial.co.uk
https://financialadvisers.co.uk/financial-planning/canterbury/?pl_p=29&pl_m=40,A&E Wealth Solutions Limited,aewealth.uk
https://financialadvisers.co.uk/financial-planning/canterbury/?pl_p=29&pl_m=40,Edmans IFA Ltd,edmansifa.com
https://financialadvisers.co.uk/financial-planning/canterbury/?pl_p=29&pl_m=40,R.J. Hurst & Partners Limited,hurstfm.co.uk
https://financialadvisers.co.uk/financial-planning/canterbury/?pl_p=29&pl_m=40,Andrew Skinner Wealth Management Limited,andrewskinnerwealth.co.uk
https://financialadvisers.co.uk/financial-planning/canterbury/?pl_p=29&pl_m=40,Duncan Wealth Management Limited,duncanwealth.co.uk
https://financialadvisers.co.uk/financial-planning/canterbury/?pl_p=30&pl_m=40,HCR Independent Financial Advisers Limited,hcrifa.co.uk
https://financialadvisers.co.uk/financial-planning/canterbury/?pl_p=30&pl_m=40,Arose Finance Limited,
https://financialadvisers.co.uk/financial-planning/canterbury/?pl_p=30&pl_m=40,Hartwell Financial Planning Limited,hartwellfpltd.co.uk
https://financialadvisers.co.uk/financial-planning/canterbury/?pl_p=30&pl_m=40,Fairway Financial Consultancy,
https://financialadvisers.co.uk/financial-planning/canterbury/?pl_p=30&pl_m=40,Gibson Lamb & Co. LLP,gibsonlamb.co.uk
https://financialadvisers.co.uk/financial-planning/canterbury/?pl_p=30&pl_m=40,Perfect Protect Limited,perfectprotect.co.uk
https://financialadvisers.co.uk/financial-planning/canterbury/?pl_p=30&pl_m=40,Bentley Grove Financial Solutions LLP,bentleygrove.co.uk
https://financialadvisers.co.uk/financial-planning/canterbury/?pl_p=30&pl_m=40,Andrew Baggott,
https://financialadvisers.co.uk/financial-planning/canterbury/?pl_p=30&pl_m=40,AW Financial Management LLP,awfm.co.uk
https://financialadvisers.co.uk/financial-planning/canterbury/?pl_p=30&pl_m=40,Icon Financial Limited,iconfinancial.co.uk
https://financialadvisers.co.uk/financial-planning/canterbury/?pl_p=30&pl_m=40,RL Wealth Management Limited,rlwealth.net
https://financialadvisers.co.uk/financial-planning/canterbury/?pl_p=30&pl_m=40,Athena Wealth Planning Limited,athenawealthplanning.co.uk
https://financialadvisers.co.uk/financial-planning/canterbury/?pl_p=30&pl_m=40,Future Financial Planning Ltd,futurefp.com
https://financialadvisers.co.uk/financial-planning/canterbury/?pl_p=30&pl_m=40,Pauline Knight,
https://financialadvisers.co.uk/financial-planning/canterbury/?pl_p=30&pl_m=40,Sovereign (Financial Services) Limited,sovfs.co.uk
https://financialadvisers.co.uk/financial-planning/canterbury/?pl_p=31&pl_m=40,Foxgrove Associates Ltd,foxgroveassociates.co.uk
https://financialadvisers.co.uk/financial-planning/canterbury/?pl_p=31&pl_m=40,FMS Sevenoaks LLP,fms-sevenoaks.co.uk
https://financialadvisers.co.uk/financial-planning/canterbury/?pl_p=31&pl_m=40,PG Wealth Ltd,pgwealth.co.uk
https://financialadvisers.co.uk/financial-planning/canterbury/?pl_p=31&pl_m=40,Robin Edward Hill,
https://financialadvisers.co.uk/financial-planning/canterbury/?pl_p=31&pl_m=40,Panoramic Wealth Management Ltd,panoramicwealth.co.uk
https://financialadvisers.co.uk/financial-planning/canterbury/?pl_p=31&pl_m=40,Revival Financial Planning Ltd,
https://financialadvisers.co.uk/financial-planning/canterbury/?pl_p=31&pl_m=40,NH WEALTH LTD,
https://financialadvisers.co.uk/financial-planning/canterbury/?pl_p=31&pl_m=40,Mortgage Essentials (UK) Ltd,mortgage-essentials.co.uk
https://financialadvisers.co.uk/financial-planning/canterbury/?pl_p=31&pl_m=40,Simon Patrick Antony Hull,partnership.sjp.co.uk/simonhull/partner/simonhull
https://financialadvisers.co.uk/financial-planning/canterbury/?pl_p=31&pl_m=40,Ellmira Financial Limited,
https://financialadvisers.co.uk/financial-planning/canterbury/?pl_p=31&pl_m=40,Fides Limited,fidesfinancial.co.uk
https://financialadvisers.co.uk/financial-planning/canterbury/?pl_p=31&pl_m=40,Tim Watts Wealth Management Ltd,tim-watts.co.uk
https://financialadvisers.co.uk/financial-planning/canterbury/?pl_p=31&pl_m=40,Grey Parrot Group Ltd,grey-parrot.co.uk
https://financialadvisers.co.uk/financial-planning/canterbury/?pl_p=31&pl_m=40,Auctus Advisors LLP,auctusadvisors.co.uk
https://financialadvisers.co.uk/financial-planning/canterbury/?pl_p=31&pl_m=40,Milford James Ltd,milfordjames.co.uk
https://financialadvisers.co.uk/financial-planning/canterbury/?pl_p=32&pl_m=40,Greensward Financial Planning Limited,amwm.co.uk
https://financialadvisers.co.uk/financial-planning/canterbury/?pl_p=32&pl_m=40,LDB Wealth Management Ltd,partnership.sjp.co.uk/ldbwealth/partner/ldbwealth
https://financialadvisers.co.uk/financial-planning/canterbury/?pl_p=32&pl_m=40,Stevenson Wealth Planning,partnership.sjp.co.uk/stevensonwealthplanning
https://financialadvisers.co.uk/financial-planning/canterbury/?pl_p=32&pl_m=40,Downton and Ali Associates,downtonandali.co.uk
https://financialadvisers.co.uk/financial-planning/canterbury/?pl_p=32&pl_m=40,MC Financial Wealth Management Ltd,mcfinancial.co.uk
https://financialadvisers.co.uk/financial-planning/canterbury/?pl_p=32&pl_m=40,Executive Lifestyle Planning Ltd,elpwealth.com
https://financialadvisers.co.uk/financial-planning/canterbury/?pl_p=32&pl_m=40,knightsbridge Financial Solutions Ltd,kfsl.co.uk
https://financialadvisers.co.uk/financial-planning/canterbury/?pl_p=32&pl_m=40,Digby Holman,
https://financialadvisers.co.uk/financial-planning/canterbury/?pl_p=32&pl_m=40,Willu Insure Limited,willu.co.uk
https://financialadvisers.co.uk/financial-planning/canterbury/?pl_p=32&pl_m=40,WillU Life Ltd,willu.co.uk
https://financialadvisers.co.uk/financial-planning/canterbury/?pl_p=32&pl_m=40,Bentley Financial Planning Ltd,partnership.sjp.co.uk/partner/bentleyfp
https://financialadvisers.co.uk/financial-planning/canterbury/?pl_p=32&pl_m=40,Sunray Financial Solutions Ltd,
https://financialadvisers.co.uk/financial-planning/canterbury/?pl_p=32&pl_m=40,Manikam Wealth Management Ltd,mwm-sjp.co.uk
https://financialadvisers.co.uk/financial-planning/canterbury/?pl_p=32&pl_m=40,Stephen Pitcher,stephenpitcher.co.uk
https://financialadvisers.co.uk/financial-planning/canterbury/?pl_p=32&pl_m=40,Granville James (Financial Planning) Ltd,gjfp.co.uk
https://financialadvisers.co.uk/financial-planning/canterbury/?pl_p=33&pl_m=40,Search 4 Mortgages Ltd,
https://financialadvisers.co.uk/financial-planning/canterbury/?pl_p=33&pl_m=40,Plan Money Ltd,plan-money.co.uk
https://financialadvisers.co.uk/financial-planning/canterbury/?pl_p=33&pl_m=40,McKenzie Rose LLP,mckenzierose.co.uk
https://financialadvisers.co.uk/financial-planning/canterbury/?pl_p=33&pl_m=40,Kieron Field,partnership.sjp.co.uk/partner/kieronfield
https://financialadvisers.co.uk/financial-planning/canterbury/?pl_p=33&pl_m=40,Orbis Financial Ltd,
https://financialadvisers.co.uk/financial-planning/canterbury/?pl_p=33&pl_m=40,Kevin Adams,
https://financialadvisers.co.uk/financial-planning/canterbury/?pl_p=33&pl_m=40,Finli (GPC) Ltd,finli.co.uk
https://financialadvisers.co.uk/financial-planning/canterbury/?pl_p=33&pl_m=40,Summit Financial Solutions (UK) Ltd,summitfinancialsolutions.co.uk
