Source,Company Name,"If in HubSpot, tagged as what sub industry?",Added to Hubspot? (Yes/No),Linkedin stated employee size,Linkedin actual employee size,Website Link
https://financialadvisers.co.uk/financial-planning/ilchester-ba22/?pl_p=1&pl_m=40,Tim Hall,,,,,
https://financialadvisers.co.uk/financial-planning/ilchester-ba22/?pl_p=1&pl_m=40,Ian Rennard Financial Planning,I - IFA,No,,,ianrennardfp.co.uk
https://financialadvisers.co.uk/financial-planning/ilchester-ba22/?pl_p=1&pl_m=40,Northseam Limited,,,,,
https://financialadvisers.co.uk/financial-planning/ilchester-ba22/?pl_p=1&pl_m=40,Ogilvie Thorne Limited,,,,,
https://financialadvisers.co.uk/financial-planning/ilchester-ba22/?pl_p=1&pl_m=40,Blue Fox Wealth Management Limited,I - IFA,No,1-10,1,bluefoxwealth.co.uk
https://financialadvisers.co.uk/financial-planning/ilchester-ba22/?pl_p=1&pl_m=40,PlanIt Future Financial Limited,I - IFA,No,,,planitfuture.co.uk
https://financialadvisers.co.uk/financial-planning/ilchester-ba22/?pl_p=1&pl_m=40,P J Watts Independent Financial Adviser Ltd,I - IFA,No,,,kwlwealth.com
https://financialadvisers.co.uk/financial-planning/ilchester-ba22/?pl_p=1&pl_m=40,Stepping Stones Financial Advisers Ltd,,,,,
https://financialadvisers.co.uk/financial-planning/ilchester-ba22/?pl_p=1&pl_m=40,Samantha Thorpe,I - IFA,No,"1,001-5,000",3514,partnership.sjp.co.uk/samthorpe
https://financialadvisers.co.uk/financial-planning/ilchester-ba22/?pl_p=1&pl_m=40,Simply Advice Ltd,I - IFA,No,1-10,5,simplyadvice.co.uk
https://financialadvisers.co.uk/financial-planning/ilchester-ba22/?pl_p=1&pl_m=40,Adanac Financial Services Ltd,I - IFA,No,1-10,8,adanac.biz
https://financialadvisers.co.uk/financial-planning/ilchester-ba22/?pl_p=1&pl_m=40,John Hall Financial Services Ltd,,,,,
https://financialadvisers.co.uk/financial-planning/ilchester-ba22/?pl_p=1&pl_m=40,Old Mill Financial Planning Limited,I - IFA,No,201-500,354,om.uk
https://financialadvisers.co.uk/financial-planning/ilchester-ba22/?pl_p=1&pl_m=40,Quro Financial Solutions Ltd,I - IFA,No,,,qurofs.uk
https://financialadvisers.co.uk/financial-planning/ilchester-ba22/?pl_p=1&pl_m=40,Buxton Beresford Financial Planning Ltd,I - IFA,No,1,,buxtonberesford.co.uk
https://financialadvisers.co.uk/financial-planning/ilchester-ba22/?pl_p=2&pl_m=40,Personal Financial Planning Services Limited,I - IFA,No,,,btopenworld.com
https://financialadvisers.co.uk/financial-planning/ilchester-ba22/?pl_p=2&pl_m=40,Find Peace of Mind Ltd,I - IFA,No,1-10,3,findpeaceofmind.co.uk
https://financialadvisers.co.uk/financial-planning/ilchester-ba22/?pl_p=2&pl_m=40,Hamdon Financial Services Ltd,I - IFA,No,,,btconnect.com
https://financialadvisers.co.uk/financial-planning/ilchester-ba22/?pl_p=2&pl_m=40,Fort Financial Planning Ltd,I - IFA,No,1-10,5,ffp.org.uk
https://financialadvisers.co.uk/financial-planning/ilchester-ba22/?pl_p=2&pl_m=40,Paul David Streeter,I - IFA,No,201-500,172,first-financial.co.uk
https://financialadvisers.co.uk/financial-planning/ilchester-ba22/?pl_p=2&pl_m=40,Church House Investments Limited,I - Asset Manager with Multi-Asset; I - DFM without Centralised Research; I - IFA,No,11-50,28,ch-investments.co.uk
https://financialadvisers.co.uk/financial-planning/ilchester-ba22/?pl_p=2&pl_m=40,Ballantine Wealth Management Limited,I - IFA,No,,6,ballantinewm.co.uk
https://financialadvisers.co.uk/financial-planning/ilchester-ba22/?pl_p=2&pl_m=40,Mayfield Investment Management Limited,I - IFA,No,1-10,3,mayfieldim.co.uk
https://financialadvisers.co.uk/financial-planning/ilchester-ba22/?pl_p=2&pl_m=40,Chalice Financial Planning Limited,I - IFA,No,,,chalicefinancialplanning.co.uk
https://financialadvisers.co.uk/financial-planning/ilchester-ba22/?pl_p=2&pl_m=40,Manders Financial Services Limited,I - IFA,No,1-10,9,mandersfinancialservices.co.uk
https://financialadvisers.co.uk/financial-planning/ilchester-ba22/?pl_p=2&pl_m=40,Michael Raymond,I - IFA,No,,,brightfinancialplanning.co.uk
https://financialadvisers.co.uk/financial-planning/ilchester-ba22/?pl_p=2&pl_m=40,Royall Mortgage Services Limited,I - IFA,No,1-10,1,royallmortgageservices.com
https://financialadvisers.co.uk/financial-planning/ilchester-ba22/?pl_p=2&pl_m=40,Benjamin Warren,I - IFA,No,1-10,7,silveroakfs.co.uk
https://financialadvisers.co.uk/financial-planning/ilchester-ba22/?pl_p=2&pl_m=40,Gardiner Page & Roe Personal & Corporate Financial Planning,I - IFA,No,"501-1,000",753,openwork.uk.com
https://financialadvisers.co.uk/financial-planning/ilchester-ba22/?pl_p=2&pl_m=40,Dean Scott,I - IFA,No,,,mendipwm.co.uk
https://financialadvisers.co.uk/financial-planning/ilchester-ba22/?pl_p=3&pl_m=40,QED Wealth Management Ltd,I - IFA,No,1-10,1,qedwm.com
https://financialadvisers.co.uk/financial-planning/ilchester-ba22/?pl_p=3&pl_m=40,Andrew O'Connor,I - IFA,No,1-10,1,intouchinvestments.co.uk
https://financialadvisers.co.uk/financial-planning/ilchester-ba22/?pl_p=3&pl_m=40,Milford and Dormor Financial Planning Limited,I - IFA,No,,,milfordanddormor.co.uk
https://financialadvisers.co.uk/financial-planning/ilchester-ba22/?pl_p=3&pl_m=40,South Somerset Mortgages Ltd,,,,,
https://financialadvisers.co.uk/financial-planning/ilchester-ba22/?pl_p=3&pl_m=40,Ross Harrison,I - IFA,No,,,mainsailfp.co.uk
https://financialadvisers.co.uk/financial-planning/ilchester-ba22/?pl_p=3&pl_m=40,Jade Burrell,I - IFA,No,"1,001-5,000",3514,partnership.sjp.co.uk/partner/burrellfinancialplanning
https://financialadvisers.co.uk/financial-planning/ilchester-ba22/?pl_p=3&pl_m=40,Schaefer Financial Management Limited,I - IFA,No,,,schaeferfinancial.co.uk
https://financialadvisers.co.uk/financial-planning/ilchester-ba22/?pl_p=3&pl_m=40,Nexus Financial Planning,I - IFA,No,11-50,16,nexusifa.co.uk
https://financialadvisers.co.uk/financial-planning/ilchester-ba22/?pl_p=3&pl_m=40,Nexus IFA Limited,I - IFA,No,11-50,16,nexusifa.co.uk
https://financialadvisers.co.uk/financial-planning/ilchester-ba22/?pl_p=3&pl_m=40,Sean Davey,I - DFM without Centralised Research; I - IFA,No,"1,001-5,000",3514,sjpp.co.uk/seandavey
https://financialadvisers.co.uk/financial-planning/ilchester-ba22/?pl_p=3&pl_m=40,Financial Planning For Professionals Limited,I - IFA,No,,,mlifa.co.uk
https://financialadvisers.co.uk/financial-planning/ilchester-ba22/?pl_p=3&pl_m=40,Milsted Langdon Financial Services Limited,I - IFA,No,,,mlifa.co.uk
https://financialadvisers.co.uk/financial-planning/ilchester-ba22/?pl_p=3&pl_m=40,Liberate Wealth (Taunton) Limited,I - IFA,No,,,staffordhouseinvestments.co.uk
https://financialadvisers.co.uk/financial-planning/ilchester-ba22/?pl_p=3&pl_m=40,Albert Goodman Financial Planning Limited,I - IFA,No,201-500,284,albertgoodman.co.uk
https://financialadvisers.co.uk/financial-planning/ilchester-ba22/?pl_p=3&pl_m=40,Nigel Cousins,,,,,
https://financialadvisers.co.uk/financial-planning/ilchester-ba22/?pl_p=4&pl_m=40,Hamilton Wealth Planning Limited,I - IFA,No,,,hamiltonwealthplanning.co.uk
https://financialadvisers.co.uk/financial-planning/ilchester-ba22/?pl_p=4&pl_m=40,Three Wealth Management,I - IFA,No,,,threewealthmanagement.co.uk
https://financialadvisers.co.uk/financial-planning/ilchester-ba22/?pl_p=4&pl_m=40,Rossiter Wealth Management Ltd,,,,,
https://financialadvisers.co.uk/financial-planning/ilchester-ba22/?pl_p=4&pl_m=40,Western Financial Planning Ltd,I - IFA,No,,1,westernfinancialplanning.co.uk
https://financialadvisers.co.uk/financial-planning/ilchester-ba22/?pl_p=4&pl_m=40,Brett Andrews,I - IFA,No,,,bafinancialservices.co.uk
https://financialadvisers.co.uk/financial-planning/ilchester-ba22/?pl_p=4&pl_m=40,Upper Street Financial Planning Ltd,I - IFA,No,,,usfp.co.uk
https://financialadvisers.co.uk/financial-planning/ilchester-ba22/?pl_p=4&pl_m=40,Opal Financial Management Limited,I - IFA,No,1-10,7,opalfinancialmanagement.co.uk
https://financialadvisers.co.uk/financial-planning/ilchester-ba22/?pl_p=4&pl_m=40,John Carrick Wealth Management LLP,I - DFM without Centralised Research; I - IFA,No,"1,001-5,000",3514,sjpp.co.uk/johncarrick
https://financialadvisers.co.uk/financial-planning/ilchester-ba22/?pl_p=4&pl_m=40,A M Ruthven & Associates Ltd,I - IFA,No,1-10,1,ruthvenassociates.co.uk
https://financialadvisers.co.uk/financial-planning/ilchester-ba22/?pl_p=4&pl_m=40,Oculus Wealth Management (North Dorset) Limited,,,,,
https://financialadvisers.co.uk/financial-planning/ilchester-ba22/?pl_p=4&pl_m=40,Derek Howard,,,,,
https://financialadvisers.co.uk/financial-planning/ilchester-ba22/?pl_p=4&pl_m=40,4 Shires Asset Management Ltd,I - IFA,No,1-10,6,4-shires.com
https://financialadvisers.co.uk/financial-planning/ilchester-ba22/?pl_p=4&pl_m=40,ZC Financial Planning,I - IFA,No,"1,001-5,000",3514,partnership.sjp.co.uk/partner/zaccambourne
https://financialadvisers.co.uk/financial-planning/ilchester-ba22/?pl_p=4&pl_m=40,Future Financial Wealth LLP,I - IFA,No,11-50,24,f-w-m.co.uk
https://financialadvisers.co.uk/financial-planning/ilchester-ba22/?pl_p=4&pl_m=40,Cole Wealth Management Ltd,I - IFA,No,"1,001-5,000",3514,colewealthmanagement.co.uk
https://financialadvisers.co.uk/financial-planning/ilchester-ba22/?pl_p=5&pl_m=40,William Human,I - IFA,No,,,willhuman.co.uk
https://financialadvisers.co.uk/financial-planning/ilchester-ba22/?pl_p=5&pl_m=40,Keyte Limited,I - IFA,No,1-10,7,keyte.co
https://financialadvisers.co.uk/financial-planning/ilchester-ba22/?pl_p=5&pl_m=40,Invest Southwest Ltd,I - IFA,No,11-50,37,investsouthwest.co.uk
https://financialadvisers.co.uk/financial-planning/ilchester-ba22/?pl_p=5&pl_m=40,Cooper Associates Wealth Management Ltd,I - IFA,No,51-200,77,thecooperway.com/wealth-management
https://financialadvisers.co.uk/financial-planning/ilchester-ba22/?pl_p=5&pl_m=40,Beaufort Financial Planning (South West) Limited,I - IFA,No,,,beaufortplanningsw.co.uk
https://financialadvisers.co.uk/financial-planning/ilchester-ba22/?pl_p=5&pl_m=40,W&T Limited,I - IFA,No,1-10,7,blackdownfinancial.co.uk
https://financialadvisers.co.uk/financial-planning/ilchester-ba22/?pl_p=5&pl_m=40,121-Advice Ltd,I - IFA,No,,1,121-advice.com
https://financialadvisers.co.uk/financial-planning/ilchester-ba22/?pl_p=5&pl_m=40,Quantock Financial Services Ltd,I - IFA,No,1-10,4,quantockfinancial.co.uk
https://financialadvisers.co.uk/financial-planning/ilchester-ba22/?pl_p=5&pl_m=40,Quantock Analytical Ltd,I - IFA,No,1-10,4,quantockanalytical.co.uk
https://financialadvisers.co.uk/financial-planning/ilchester-ba22/?pl_p=5&pl_m=40,Oyster Financial Services Ltd,,,,,
https://financialadvisers.co.uk/financial-planning/ilchester-ba22/?pl_p=5&pl_m=40,Govier Financial Planning Limited,I - IFA,No,"1,001-5,000",3514,partnership.sjp.co.uk/partner/govierfinancialplanningltd
https://financialadvisers.co.uk/financial-planning/ilchester-ba22/?pl_p=5&pl_m=40,Gillinghams Independent Financial Advisers Ltd,I - IFA,No,1-10,5,gillinghamsifa.co.uk
https://financialadvisers.co.uk/financial-planning/ilchester-ba22/?pl_p=5&pl_m=40,Lloyd and Whyte (Financial Services) Limited,I - IFA,No,201-500,144,lloydwhyte.com
https://financialadvisers.co.uk/financial-planning/ilchester-ba22/?pl_p=5&pl_m=40,Plumptree Kilby,I - IFA,No,,,pkifa.co.uk
https://financialadvisers.co.uk/financial-planning/ilchester-ba22/?pl_p=5&pl_m=40,Heritage Financial Consultancy Limited,I - IFA,No,,,heritagefc.co.uk
https://financialadvisers.co.uk/financial-planning/ilchester-ba22/?pl_p=6&pl_m=40,KME Financial Planning Limited,I - IFA,No,"5,001-10,000",2710,mandgwealth.com/kmefinancialplanning
https://financialadvisers.co.uk/financial-planning/ilchester-ba22/?pl_p=6&pl_m=40,Heritage Independent Financial Consultancy Ltd,I - IFA,No,,,heritage-ifc.com
https://financialadvisers.co.uk/financial-planning/ilchester-ba22/?pl_p=6&pl_m=40,Meldon & Co Ltd,I - IFA,No,,,meldonandco.uk
https://financialadvisers.co.uk/financial-planning/ilchester-ba22/?pl_p=6&pl_m=40,Douglas and Young Ltd,I - IFA,No,,,douglasandyoung.co.uk
https://financialadvisers.co.uk/financial-planning/ilchester-ba22/?pl_p=6&pl_m=40,T.M. Pullen,I - IFA,No,,,greendown.org.uk
https://financialadvisers.co.uk/financial-planning/ilchester-ba22/?pl_p=6&pl_m=40,Kenyon Clarke Financial Services Ltd,I - IFA,No,1-10,2,kenyonclarke.co.uk
https://financialadvisers.co.uk/financial-planning/ilchester-ba22/?pl_p=6&pl_m=40,Somerset WM Limited,I - IFA,No,1-10,1,somersetwm.co.uk
https://financialadvisers.co.uk/financial-planning/ilchester-ba22/?pl_p=6&pl_m=40,Robert Edwin Keyte,,,,,
https://financialadvisers.co.uk/financial-planning/ilchester-ba22/?pl_p=6&pl_m=40,Beechcroft Wealth Management,I - IFA,No,,,beechcroftwm.co.uk
https://financialadvisers.co.uk/financial-planning/ilchester-ba22/?pl_p=6&pl_m=40,LEE FORD IFA LIMITED,I - DFM without Centralised Research; I - IFA,No,1,60,visionifp.co.uk
https://financialadvisers.co.uk/financial-planning/ilchester-ba22/?pl_p=6&pl_m=40,ST ANNE'S CAPITAL LIMITED,I - IFA,No,,,stannescapital.com
https://financialadvisers.co.uk/financial-planning/ilchester-ba22/?pl_p=6&pl_m=40,STEVEN SIDHU WEALTH MANAGEMENT LTD,I - DFM without Centralised Research; I - IFA,No,1,60,visionifp.co.uk
https://financialadvisers.co.uk/financial-planning/ilchester-ba22/?pl_p=6&pl_m=40,Davies Wealth Management Ltd,I - IFA,No,1-10,3,kevindavieswm.co.uk
https://financialadvisers.co.uk/financial-planning/ilchester-ba22/?pl_p=6&pl_m=40,Hestia Mortgages Ltd,I - IFA,No,1-10,2,hestiamortgages.co.uk
https://financialadvisers.co.uk/financial-planning/ilchester-ba22/?pl_p=6&pl_m=40,Peter Marks,I - IFA,No,,,pmfp.co.uk
https://financialadvisers.co.uk/financial-planning/ilchester-ba22/?pl_p=7&pl_m=40,3-S Financial Management,I - IFA,No,1-10,2,3-sfinancial.com
https://financialadvisers.co.uk/financial-planning/ilchester-ba22/?pl_p=7&pl_m=40,Bloomfield & Associates Limited,I - IFA,No,,,bloomfieldifa.com
https://financialadvisers.co.uk/financial-planning/ilchester-ba22/?pl_p=7&pl_m=40,Peter Harding Practice Ltd,I - IFA,No,11-50,41,peterhardingwm.co.uk
https://financialadvisers.co.uk/financial-planning/ilchester-ba22/?pl_p=7&pl_m=40,Watermark Wealth Management Limited,I - IFA,No,11-50,11,wwm.ltd
https://financialadvisers.co.uk/financial-planning/ilchester-ba22/?pl_p=7&pl_m=40,Ford Wealth Management LLP,I - IFA,No,,,darrenford.co.uk
https://financialadvisers.co.uk/financial-planning/ilchester-ba22/?pl_p=7&pl_m=40,Apollo Financial Planning Ltd,,,,,
https://financialadvisers.co.uk/financial-planning/ilchester-ba22/?pl_p=7&pl_m=40,Positive Wealth Creation Ltd,I - IFA,No,1-10,4,pwcltd.co.uk
https://financialadvisers.co.uk/financial-planning/ilchester-ba22/?pl_p=7&pl_m=40,PG Owen Limited,I - IFA,No,11-50,10,pgtax.co.uk
https://financialadvisers.co.uk/financial-planning/ilchester-ba22/?pl_p=7&pl_m=40,Jon Cowgill,I - IFA,No,,,cowgillwealthmanagement.co.uk
https://financialadvisers.co.uk/financial-planning/ilchester-ba22/?pl_p=7&pl_m=40,Hanlon Kneller and Associates LLP,I - IFA,No,,,hanlonkneller.co.uk
https://financialadvisers.co.uk/financial-planning/ilchester-ba22/?pl_p=7&pl_m=40,Waterhouse Financial Advisers Ltd,I - IFA,No,11-50,9,waterhousefa.co.uk
https://financialadvisers.co.uk/financial-planning/ilchester-ba22/?pl_p=7&pl_m=40,Wessex Investment Management Limited,I - IFA,No,1-10,10,wessexim.co.uk
https://financialadvisers.co.uk/financial-planning/ilchester-ba22/?pl_p=7&pl_m=40,Vision Financial Ltd,I - DFM without Centralised Research; I - IFA,No,1,60,visionifp.co.uk
https://financialadvisers.co.uk/financial-planning/ilchester-ba22/?pl_p=7&pl_m=40,Moneta Wealth Management Ltd,I - IFA,No,,,monetawealth.co.uk
https://financialadvisers.co.uk/financial-planning/ilchester-ba22/?pl_p=7&pl_m=40,Meridian FS Limited,I - IFA,No,1-10,1,meridianfs.co.uk
https://financialadvisers.co.uk/financial-planning/ilchester-ba22/?pl_p=8&pl_m=40,Bluebell Financial Management Limited,I - IFA,No,1-10,2,bluebellfinancialmanagement.co.uk
https://financialadvisers.co.uk/financial-planning/ilchester-ba22/?pl_p=8&pl_m=40,Simply IFA Limited,I - IFA,No,,,simplyifa.com
https://financialadvisers.co.uk/financial-planning/ilchester-ba22/?pl_p=8&pl_m=40,Wai Cheung,I - IFA,No,,,wmcinvestment.com
https://financialadvisers.co.uk/financial-planning/ilchester-ba22/?pl_p=8&pl_m=40,Stephen Elvin Independent Financial Advice Ltd,,,,,
https://financialadvisers.co.uk/financial-planning/ilchester-ba22/?pl_p=8&pl_m=40,Blueberry Wealth Limited,I - IFA,No,11-50,16,blueberrymortgages.co.uk
https://financialadvisers.co.uk/financial-planning/ilchester-ba22/?pl_p=8&pl_m=40,Premier Financial Planning Ltd,I - IFA,No,11-50,,pfp-ltd.com
https://financialadvisers.co.uk/financial-planning/ilchester-ba22/?pl_p=8&pl_m=40,Poundbury Wealth Management LLP,I - IFA,No,1-10,5,poundburywealth.co.uk
https://financialadvisers.co.uk/financial-planning/ilchester-ba22/?pl_p=8&pl_m=40,DJS Wealth Adviser LLP,I - IFA,No,,3,djswealthadviser.co.uk
https://financialadvisers.co.uk/financial-planning/ilchester-ba22/?pl_p=8&pl_m=40,Churchill Investments Plc,I - IFA,No,11-50,5,churchillinvestments.co.uk
https://financialadvisers.co.uk/financial-planning/ilchester-ba22/?pl_p=8&pl_m=40,Ethical Market Place Limited,I - IFA,No,,2,ethicalmarketplace.co.uk
https://financialadvisers.co.uk/financial-planning/ilchester-ba22/?pl_p=8&pl_m=40,PJ Aiken Ltd,I - IFA,No,1-10,3,pjaiken.co.uk
https://financialadvisers.co.uk/financial-planning/ilchester-ba22/?pl_p=8&pl_m=40,Investment and Tax Advisory Services Limited,I - IFA,No,11-50,9,wilcoxyoung.co.uk
https://financialadvisers.co.uk/financial-planning/ilchester-ba22/?pl_p=8&pl_m=40,Emericks Financial Services Limited,I - IFA,No,,,emericksfs.co.uk
https://financialadvisers.co.uk/financial-planning/ilchester-ba22/?pl_p=8&pl_m=40,Willow Brook Mortgages Limited,I - IFA,No,1-10,5,willowbrookmortgages.co.uk
https://financialadvisers.co.uk/financial-planning/ilchester-ba22/?pl_p=8&pl_m=40,Bright Future Financial Ltd,I - IFA,No,1-10,2,brightfuturefinancial.co.uk
https://financialadvisers.co.uk/financial-planning/ilchester-ba22/?pl_p=9&pl_m=40,Wessex Financial Planning Limited,I - IFA,No,1-10,2,wessexfinancial.co.uk
https://financialadvisers.co.uk/financial-planning/ilchester-ba22/?pl_p=9&pl_m=40,Thomas Penn Partnership Ltd,I - IFA,No,,,tpp-limited.com
https://financialadvisers.co.uk/financial-planning/ilchester-ba22/?pl_p=9&pl_m=40,Chetwood Wealth Management Ltd,I - IFA,No,11-50,25,chetwoodwm.co.uk
https://financialadvisers.co.uk/financial-planning/ilchester-ba22/?pl_p=9&pl_m=40,Chetwood Private Wealth Limited,I - IFA,No,,,CHETWOODPW.CO.UK
https://financialadvisers.co.uk/financial-planning/ilchester-ba22/?pl_p=9&pl_m=40,Lee Dunkley Wealth Management LTD,I - IFA,No,"5,001-10,000",2710,mandgwealth.com/leedunkleywealthmanagement
https://financialadvisers.co.uk/financial-planning/ilchester-ba22/?pl_p=9&pl_m=40,Andy Stowell Financial Planning Limited,I - IFA,No,"5,001-10,000",2710,mandgwealth.com/andystowellfinancialplanning
https://financialadvisers.co.uk/financial-planning/ilchester-ba22/?pl_p=9&pl_m=40,MJC Financial Planning Limited,I - IFA,No,,2,mjcfp.co.uk
https://financialadvisers.co.uk/financial-planning/ilchester-ba22/?pl_p=9&pl_m=40,Nuttall Wealth Management Ltd,I - IFA,No,"1,001-5,000",3514,partnership.sjp.co.uk/partner/nuttallwm
https://financialadvisers.co.uk/financial-planning/ilchester-ba22/?pl_p=9&pl_m=40,Goodale Financial Partners Ltd,I - IFA,No,1-10,3,gfp-uk.com
https://financialadvisers.co.uk/financial-planning/ilchester-ba22/?pl_p=9&pl_m=40,Quinn & Amanda McCarthy,I - IFA,No,"501-1,000",753,openwork.uk.com
https://financialadvisers.co.uk/financial-planning/ilchester-ba22/?pl_p=9&pl_m=40,Celia Johnson,I - IFA,No,"1,001-5,000",3514,celiajohnsonwm.co.uk
https://financialadvisers.co.uk/financial-planning/ilchester-ba22/?pl_p=9&pl_m=40,A Finance Limited,I - IFA,No,,,afinance.co.uk
https://financialadvisers.co.uk/financial-planning/ilchester-ba22/?pl_p=9&pl_m=40,Harney & Co Independent Financial Advisers,I - IFA,No,,,harneyifa.co.uk
https://financialadvisers.co.uk/financial-planning/ilchester-ba22/?pl_p=9&pl_m=40,Alchemy Financial Limited,I - IFA,No,1-10,,alchemyfinancial.co.uk
https://financialadvisers.co.uk/financial-planning/ilchester-ba22/?pl_p=9&pl_m=40,Generation Wealth Ltd,I - IFA,No,1-10,4,generationwealth.co.uk
https://financialadvisers.co.uk/financial-planning/ilchester-ba22/?pl_p=10&pl_m=40,Hawker and Palmer Wealth Management Limited,I - IFA,No,,,hawkerandpalmer.com
https://financialadvisers.co.uk/financial-planning/ilchester-ba22/?pl_p=10&pl_m=40,Swan Wealth Management Ltd,I - IFA,No,,,swanwealthmanagement.co.uk
https://financialadvisers.co.uk/financial-planning/ilchester-ba22/?pl_p=10&pl_m=40,Fairwater Financial Services Ltd,,,,,
https://financialadvisers.co.uk/financial-planning/ilchester-ba22/?pl_p=10&pl_m=40,Holroyd Wealth Management Limited,,,,,
https://financialadvisers.co.uk/financial-planning/ilchester-ba22/?pl_p=10&pl_m=40,Star House Financial Services Limited,I - IFA,No,1-10,8,star-house.co.uk
https://financialadvisers.co.uk/financial-planning/ilchester-ba22/?pl_p=10&pl_m=40,MW Mortgages Ltd,,,,,
https://financialadvisers.co.uk/financial-planning/ilchester-ba22/?pl_p=10&pl_m=40,Prosper Financial Solutions Ltd,I - IFA,No,11-50,2,prosperfinancialsolutions.com
https://financialadvisers.co.uk/financial-planning/ilchester-ba22/?pl_p=10&pl_m=40,Lab Financial Planning Ltd,I - IFA,No,,,labfp.co.uk
https://financialadvisers.co.uk/financial-planning/ilchester-ba22/?pl_p=10&pl_m=40,Joyce Oliver,I - IFA,No,,1,joyceoliver.co.uk
https://financialadvisers.co.uk/financial-planning/ilchester-ba22/?pl_p=10&pl_m=40,Alpha House Wealth Management Limited,I - IFA,No,1-10,1,alphahousewm.co.uk
https://financialadvisers.co.uk/financial-planning/ilchester-ba22/?pl_p=10&pl_m=40,Robson Financial Limited,I - IFA,No,1-10,11,robsonifa.co.uk
https://financialadvisers.co.uk/financial-planning/ilchester-ba22/?pl_p=10&pl_m=40,Mortgage Mind Financial Solutions Ltd,,,,,
https://financialadvisers.co.uk/financial-planning/ilchester-ba22/?pl_p=10&pl_m=40,Whitlow Financial Planning Limited,I - IFA,No,,,stanfieldfp.co.uk
https://financialadvisers.co.uk/financial-planning/ilchester-ba22/?pl_p=10&pl_m=40,Elite Financial Planning Limited,I - IFA,No,,,elitefp.co.uk
https://financialadvisers.co.uk/financial-planning/ilchester-ba22/?pl_p=10&pl_m=40,Carter Dawes IFA Solutions Limited,I - IFA,No,11-50,25,carterdawes.com
https://financialadvisers.co.uk/financial-planning/ilchester-ba22/?pl_p=11&pl_m=40,Tierney Financial Services Ltd,I - IFA,No,,,ifaadviser.co.uk
https://financialadvisers.co.uk/financial-planning/ilchester-ba22/?pl_p=11&pl_m=40,John Katsouris & Company,I - IFA,No,"501-1,000",753,openwork.uk.com
https://financialadvisers.co.uk/financial-planning/ilchester-ba22/?pl_p=11&pl_m=40,Carrington Bond Wealth Management,I - IFA,No,,,carringtonbond.co.uk
https://financialadvisers.co.uk/financial-planning/ilchester-ba22/?pl_p=11&pl_m=40,Jonathan West,I - IFA,No,"1,001-5,000",3514,partnership.sjp.co.uk/partner/jonathanwest
https://financialadvisers.co.uk/financial-planning/ilchester-ba22/?pl_p=11&pl_m=40,Beewise FS Ltd,I - IFA,No,1-10,3,beewisefs.co.uk
https://financialadvisers.co.uk/financial-planning/ilchester-ba22/?pl_p=11&pl_m=40,Citadel Financial Solutions Ltd,I - DFM without Centralised Research; I - IFA,No,1,60,visionifp.co.uk
https://financialadvisers.co.uk/financial-planning/ilchester-ba22/?pl_p=11&pl_m=40,Sage Independent Advisers Ltd,I - IFA,No,,,sageindadvisers.co.uk
https://financialadvisers.co.uk/financial-planning/ilchester-ba22/?pl_p=11&pl_m=40,Fiveways Financial Planning Limited,I - IFA,No,11-50,13,fivewaysfp.co.uk
https://financialadvisers.co.uk/financial-planning/ilchester-ba22/?pl_p=11&pl_m=40,Seventy Six Financial Planning Ltd,I - IFA,No,,,seventysixfp.co.uk
https://financialadvisers.co.uk/financial-planning/ilchester-ba22/?pl_p=11&pl_m=40,PBF Wealth Management Ltd,I - IFA,No,,,pbfwm.co.uk
https://financialadvisers.co.uk/financial-planning/ilchester-ba22/?pl_p=11&pl_m=40,Neales Financial Management Limited,I - IFA,No,,,nealesfmgt.co.uk
https://financialadvisers.co.uk/financial-planning/ilchester-ba22/?pl_p=11&pl_m=40,VISION WEST & WALES LIMITED,I - IFA,No,1-10,2,visionwestandwales.co.uk
https://financialadvisers.co.uk/financial-planning/ilchester-ba22/?pl_p=11&pl_m=40,WESTON MORTGAGES ONLINE LTD,I - IFA,No,,,swmortgages.com
https://financialadvisers.co.uk/financial-planning/ilchester-ba22/?pl_p=11&pl_m=40,Laver Wealth Management Limited,I - IFA,No,1-10,5,laverwealth.co.uk
https://financialadvisers.co.uk/financial-planning/ilchester-ba22/?pl_p=11&pl_m=40,The Moneytree Corporation Limited,I - IFA,No,1-10,2,savvyfp.co.uk
https://financialadvisers.co.uk/financial-planning/ilchester-ba22/?pl_p=12&pl_m=40,Explore Money Ltd,I - IFA,No,,2,mawbeyifa.co.uk
https://financialadvisers.co.uk/financial-planning/ilchester-ba22/?pl_p=12&pl_m=40,David Travers Financial Services,I - IFA,No,,,eclipse.co.uk
https://financialadvisers.co.uk/financial-planning/ilchester-ba22/?pl_p=12&pl_m=40,Aureus Wealth Management Ltd,I - DFM without Centralised Research; I - IFA,No,1,60,visionifp.co.uk
https://financialadvisers.co.uk/financial-planning/ilchester-ba22/?pl_p=12&pl_m=40,Mayfair Associates,I - IFA,No,,,mayfairproperties.net
https://financialadvisers.co.uk/financial-planning/ilchester-ba22/?pl_p=12&pl_m=40,Hawthorn Financial Services (Wealth Management) Limited,I - IFA,No,,,hawthornfs.co.uk
https://financialadvisers.co.uk/financial-planning/ilchester-ba22/?pl_p=12&pl_m=40,Nicholas Carroll & Financial Associates Limited,I - IFA,No,,,ncfa.uk
https://financialadvisers.co.uk/financial-planning/ilchester-ba22/?pl_p=12&pl_m=40,James Young Associates Ltd,I - IFA,No,,,jyagroup.co.uk
https://financialadvisers.co.uk/financial-planning/ilchester-ba22/?pl_p=12&pl_m=40,PAUL BARNFIELD FINANCIAL PLANNING LTD,I - DFM without Centralised Research; I - IFA,No,1,60,visionifp.co.uk
https://financialadvisers.co.uk/financial-planning/ilchester-ba22/?pl_p=12&pl_m=40,Church Financial Services Limited,I - IFA,No,,,churchfinancialservices.co.uk
https://financialadvisers.co.uk/financial-planning/ilchester-ba22/?pl_p=12&pl_m=40,Nicholas Corfield,I - IFA,No,,,impactfinancialplanning.co.uk
https://financialadvisers.co.uk/financial-planning/ilchester-ba22/?pl_p=12&pl_m=40,Barlow & Bartlett Wealth Management,I - IFA,No,,,barlowandbartlettwealthmanagement.co.uk
https://financialadvisers.co.uk/financial-planning/ilchester-ba22/?pl_p=12&pl_m=40,Informed Choice (South West) Limited,I - IFA,No,,,infomedchoice-sw.co.uk
https://financialadvisers.co.uk/financial-planning/ilchester-ba22/?pl_p=12&pl_m=40,Michael Milne Wealth Management Ltd,I - IFA,No,,,michaelmilne.co.uk
https://financialadvisers.co.uk/financial-planning/ilchester-ba22/?pl_p=12&pl_m=40,Golden Valley Financial Planning Limited,I - IFA,No,"5,001-10,000",2710,mandgwealth.com/goldenvalleyfinancialplanning
https://financialadvisers.co.uk/financial-planning/ilchester-ba22/?pl_p=12&pl_m=40,Jacqueline Norman,I - IFA,No,,,jacquinorman.co.uk
https://financialadvisers.co.uk/financial-planning/ilchester-ba22/?pl_p=13&pl_m=40,Holt Financial Services Limited,I - IFA,No,201-500,323,2plan.com
https://financialadvisers.co.uk/financial-planning/ilchester-ba22/?pl_p=13&pl_m=40,Chesil Financial Planning Ltd,I - IFA,No,,,chesilfinancialplanning.co.uk
https://financialadvisers.co.uk/financial-planning/ilchester-ba22/?pl_p=13&pl_m=40,Money Matters Financial Solutions Ltd,I - IFA,No,,,moneymattersdirect.co.uk
https://financialadvisers.co.uk/financial-planning/ilchester-ba22/?pl_p=13&pl_m=40,Mike Coram Associates,I - IFA,No,,,coramfinancial.com
https://financialadvisers.co.uk/financial-planning/ilchester-ba22/?pl_p=13&pl_m=40,Pennywise Advisory Services Limited,I - IFA,No,,1,pennywisefs.co.uk
https://financialadvisers.co.uk/financial-planning/ilchester-ba22/?pl_p=13&pl_m=40,J. Edward Sellars & Partners Limited,I - IFA,No,11-50,6,jesellars.co.uk
https://financialadvisers.co.uk/financial-planning/ilchester-ba22/?pl_p=13&pl_m=40,Jack Simpson,,,,,
https://financialadvisers.co.uk/financial-planning/ilchester-ba22/?pl_p=13&pl_m=40,Paul Ewins,,,,,
https://financialadvisers.co.uk/financial-planning/ilchester-ba22/?pl_p=13&pl_m=40,Goodwill Financial Services Limited,I - IFA,No,1-10,,goodwill.co.uk
https://financialadvisers.co.uk/financial-planning/ilchester-ba22/?pl_p=13&pl_m=40,Thompson Tobin Financial Ltd,I - IFA,No,,,thompson-tobin.co.uk
https://financialadvisers.co.uk/financial-planning/ilchester-ba22/?pl_p=13&pl_m=40,Bowmore Financial Planning Limited,I - IFA,No,,,bowmorefp.com
https://financialadvisers.co.uk/financial-planning/ilchester-ba22/?pl_p=13&pl_m=40,Med-Ex Financial Advisory Services Limited,I - IFA,No,1-10,9,med-ex.co.uk
https://financialadvisers.co.uk/financial-planning/ilchester-ba22/?pl_p=13&pl_m=40,First Affinity Limited,I - IFA,No,11-50,,firstaffinity.co.uk
https://financialadvisers.co.uk/financial-planning/ilchester-ba22/?pl_p=13&pl_m=40,Robert Angell Financial Services Limited,I - IFA,No,,,angellfs.co.uk
https://financialadvisers.co.uk/financial-planning/ilchester-ba22/?pl_p=13&pl_m=40,Sneddon Financial Planning Partnership,I - IFA,No,,,sneddonfp.co.uk
https://financialadvisers.co.uk/financial-planning/ilchester-ba22/?pl_p=14&pl_m=40,Strong Mortgage Solutions Limited,,,,,
https://financialadvisers.co.uk/financial-planning/ilchester-ba22/?pl_p=14&pl_m=40,Accord International Planning Ltd,I - IFA,No,,,accordinternationalplanning.com
https://financialadvisers.co.uk/financial-planning/ilchester-ba22/?pl_p=14&pl_m=40,Fidelius Ltd,I - IFA,No,51-200,126,fidelius.co.uk
https://financialadvisers.co.uk/financial-planning/ilchester-ba22/?pl_p=14&pl_m=40,Zen Wealth LLP,I - IFA,No,11-50,1,zen-wealth.com
https://financialadvisers.co.uk/financial-planning/ilchester-ba22/?pl_p=14&pl_m=40,Hunter Barrington Limited,I - IFA,No,1-10,,hunterbarrington.co.uk
https://financialadvisers.co.uk/financial-planning/ilchester-ba22/?pl_p=14&pl_m=40,Knee Financial Planning Ltd,I - IFA,No,,,kneefinancialplanning.co.uk
https://financialadvisers.co.uk/financial-planning/ilchester-ba22/?pl_p=14&pl_m=40,LTC Solutions Ltd,I - IFA,No,,,ltcsolutionsltd.co.uk
https://financialadvisers.co.uk/financial-planning/ilchester-ba22/?pl_p=14&pl_m=40,Jerime Attah FP Ltd,I - IFA,No,,,jerimeattah.co.uk
https://financialadvisers.co.uk/financial-planning/ilchester-ba22/?pl_p=14&pl_m=40,Bath & West Wealth Management Ltd,I - IFA,No,,1,bathandwestwealth.co.uk
https://financialadvisers.co.uk/financial-planning/ilchester-ba22/?pl_p=14&pl_m=40,Wychwood Financial Services Limited,I - IFA,No,,,wychwoodfs.co.uk
https://financialadvisers.co.uk/financial-planning/ilchester-ba22/?pl_p=14&pl_m=40,Belgrave Asset Management Limited,I - IFA,No,1-10,,belgraveifa.co.uk
https://financialadvisers.co.uk/financial-planning/ilchester-ba22/?pl_p=14&pl_m=40,Unividual Limited,I - IFA,No,11-50,20,unividual.co.uk
https://financialadvisers.co.uk/financial-planning/ilchester-ba22/?pl_p=14&pl_m=40,Merit Financial Services Ltd,I - IFA,No,,,meritfinancialservices.co.uk
https://financialadvisers.co.uk/financial-planning/ilchester-ba22/?pl_p=14&pl_m=40,McKenzie Wealth Management Ltd,I - IFA,No,,,mckenziewealthmanagement.co.uk
https://financialadvisers.co.uk/financial-planning/ilchester-ba22/?pl_p=14&pl_m=40,Ian St John Hendry,I - IFA,No,1-10,,professional-partners.co.uk
https://financialadvisers.co.uk/financial-planning/ilchester-ba22/?pl_p=15&pl_m=40,Crane Williams Ltd,I - IFA,No,,,lucidfs.com
https://financialadvisers.co.uk/financial-planning/ilchester-ba22/?pl_p=15&pl_m=40,Andrews & Partners Limited,I - IFA,No,"501-1,000",397,andrewsonline.co.uk
https://financialadvisers.co.uk/financial-planning/ilchester-ba22/?pl_p=15&pl_m=40,Watson Financial Limited,I - IFA,No,,8,watsonfinancial.co.uk
https://financialadvisers.co.uk/financial-planning/ilchester-ba22/?pl_p=15&pl_m=40,Thomas Porter,I - IFA,No,,,thomasporterwm.co.uk
https://financialadvisers.co.uk/financial-planning/ilchester-ba22/?pl_p=15&pl_m=40,Westward Financial Management Limited,I - IFA,No,,,westward-fm.com
https://financialadvisers.co.uk/financial-planning/ilchester-ba22/?pl_p=15&pl_m=40,Hunt Financial Planning Ltd,I - Asset Manager with Multi-Asset; I - IFA,No,201-500,1064,tpllp.com
https://financialadvisers.co.uk/financial-planning/ilchester-ba22/?pl_p=15&pl_m=40,Accrue Investment Management Ltd,I - IFA,No,,,accrueinvest.co.uk
https://financialadvisers.co.uk/financial-planning/ilchester-ba22/?pl_p=15&pl_m=40,Matheson Charles Limited,I - IFA,No,1-10,2,mathesoncharles.com
https://financialadvisers.co.uk/financial-planning/ilchester-ba22/?pl_p=15&pl_m=40,Bath Mortgages Online Limited,I - IFA,No,,,bathmortgagesonline.com
https://financialadvisers.co.uk/financial-planning/ilchester-ba22/?pl_p=15&pl_m=40,Owen and Associates,I - IFA,No,,,owenandassociates.co.uk
https://financialadvisers.co.uk/financial-planning/ilchester-ba22/?pl_p=15&pl_m=40,Morgans Ltd,I - IFA,No,11-50,14,mfgl.com
https://financialadvisers.co.uk/financial-planning/ilchester-ba22/?pl_p=15&pl_m=40,Bailey Cook Financial Planning Ltd,I - IFA,No,1-10,10,baileycookfp.co.uk
https://financialadvisers.co.uk/financial-planning/ilchester-ba22/?pl_p=15&pl_m=40,Richardson's Financial Ltd,,,,,
https://financialadvisers.co.uk/financial-planning/ilchester-ba22/?pl_p=15&pl_m=40,Combined Financial Strategies Ltd,I - IFA,No,1-10,1,cfsorg.com
https://financialadvisers.co.uk/financial-planning/ilchester-ba22/?pl_p=15&pl_m=40,Synthesis Wealth Management Ltd,I - IFA,No,1-10,6,synthesis-wealth.co.uk
https://financialadvisers.co.uk/financial-planning/ilchester-ba22/?pl_p=16&pl_m=40,City Financial Planning Ltd,I - IFA,No,11-50,33,cityfinancialplanning.co.uk
https://financialadvisers.co.uk/financial-planning/ilchester-ba22/?pl_p=16&pl_m=40,Washington Square Ltd,I - IFA,No,1-10,4,washington-square.co.uk
https://financialadvisers.co.uk/financial-planning/ilchester-ba22/?pl_p=16&pl_m=40,Stewart Investment Planning Limited,I - IFA,No,,,stewartinvestmentplanning.co.uk
https://financialadvisers.co.uk/financial-planning/ilchester-ba22/?pl_p=16&pl_m=40,WATTSIIS LTD,I - IFA,No,,,wattsiis.co.uk
https://financialadvisers.co.uk/financial-planning/ilchester-ba22/?pl_p=16&pl_m=40,Nailsea Financial Services Limited,I - IFA,No,1-10,8,nailseafinancialservices.co.uk
https://financialadvisers.co.uk/financial-planning/ilchester-ba22/?pl_p=16&pl_m=40,Tower House Financial Management Limited,,,,,
https://financialadvisers.co.uk/financial-planning/ilchester-ba22/?pl_p=16&pl_m=40,Hill Hannay Wealth Management Ltd,,,,,
https://financialadvisers.co.uk/financial-planning/ilchester-ba22/?pl_p=16&pl_m=40,Montgomery Charles Financial Management Ltd,I - IFA,No,11-50,13,montgomerycharles.co.uk
https://financialadvisers.co.uk/financial-planning/ilchester-ba22/?pl_p=16&pl_m=40,Oculus Wealth Management (Bradford on Avon) Limited,I - IFA,No,11-50,44,oculuswealth.co.uk
https://financialadvisers.co.uk/financial-planning/ilchester-ba22/?pl_p=16&pl_m=40,King's Court Financial Planning LLP,I - IFA,No,,,kcfp.co.uk
https://financialadvisers.co.uk/financial-planning/ilchester-ba22/?pl_p=16&pl_m=40,FX Mortgages Limited,I - IFA,No,,6,fxmortgages.co.uk
https://financialadvisers.co.uk/financial-planning/ilchester-ba22/?pl_p=16&pl_m=40,Richmonde Laine Wealth Management Ltd,I - IFA,No,,4,richmondelaine.co.uk
https://financialadvisers.co.uk/financial-planning/ilchester-ba22/?pl_p=16&pl_m=40,Elite Financial Consulting Ltd,I - IFA,No,1-10,15,elitefinancialconsulting.co.uk
https://financialadvisers.co.uk/financial-planning/ilchester-ba22/?pl_p=16&pl_m=40,Wiltshire Wealth Ltd,I - IFA,No,1,2,wiltshirewealth.com
https://financialadvisers.co.uk/financial-planning/ilchester-ba22/?pl_p=16&pl_m=40,John Gaulton Independent Financial Advisors,I - IFA,No,,,jgifa.co.uk
https://financialadvisers.co.uk/financial-planning/ilchester-ba22/?pl_p=17&pl_m=40,Kingfisher Independent Financial Planning LLP,I - IFA,No,1-10,1,kingfisherifa.co.uk
https://financialadvisers.co.uk/financial-planning/ilchester-ba22/?pl_p=17&pl_m=40,Aisa Retirement Planning LLP,I - IFA,No,,,aisagroup.org
https://financialadvisers.co.uk/financial-planning/ilchester-ba22/?pl_p=17&pl_m=40,Advance Investments Limited,I - IFA,No,1-10,9,advanceinvestments.com
https://financialadvisers.co.uk/financial-planning/ilchester-ba22/?pl_p=17&pl_m=40,Diana Thal-Jantzen,I - DFM without Centralised Research; I - IFA,No,"1,001-5,000",3514,sjpp.co.uk/dianathaljantzen
https://financialadvisers.co.uk/financial-planning/ilchester-ba22/?pl_p=17&pl_m=40,Sulis Wealth Limited,I - IFA,No,,1,suliswealth.co.uk/
https://financialadvisers.co.uk/financial-planning/ilchester-ba22/?pl_p=17&pl_m=40,C J Hannan Ltd,I - IFA,No,,,cjhannan.biz
https://financialadvisers.co.uk/financial-planning/ilchester-ba22/?pl_p=17&pl_m=40,Corporate Solutions (Poole) Limited,I - IFA,No,,,corporatesolutions-ifa.com
https://financialadvisers.co.uk/financial-planning/ilchester-ba22/?pl_p=17&pl_m=40,Kussul Wealth Management Limited,I - IFA,No,,,jacksonwm.co.uk
https://financialadvisers.co.uk/financial-planning/ilchester-ba22/?pl_p=17&pl_m=40,Greenfields Financial Management Limited,I - IFA,No,1-10,4,greenfields.biz
https://financialadvisers.co.uk/financial-planning/ilchester-ba22/?pl_p=17&pl_m=40,Newman Langley & Stavri Financial Consulting Limited,I - IFA,No,,,newmanlangley.co.uk
https://financialadvisers.co.uk/financial-planning/ilchester-ba22/?pl_p=17&pl_m=40,Andover Financial Planning Ltd,I - IFA,No,,,cranbournehouse.org
https://financialadvisers.co.uk/financial-planning/ilchester-ba22/?pl_p=17&pl_m=40,Oliver Financial Planning Ltd,,,,,
https://financialadvisers.co.uk/financial-planning/ilchester-ba22/?pl_p=17&pl_m=40,Mike Smith IFA Limited,I - IFA,No,1-10,2,mikesmithifa.co.uk
https://financialadvisers.co.uk/financial-planning/ilchester-ba22/?pl_p=17&pl_m=40,Huw Watts Independent Financial Planning Ltd,I - IFA,No,,,huwwatts-ifp.co.uk
https://financialadvisers.co.uk/financial-planning/ilchester-ba22/?pl_p=17&pl_m=40,Alma Vale Wealth Management Limited,I - IFA,No,,,almavalewealthmanagement.co.uk
https://financialadvisers.co.uk/financial-planning/ilchester-ba22/?pl_p=18&pl_m=40,Payne Spencer Harris Financial Advisers Limited,,,,,
https://financialadvisers.co.uk/financial-planning/ilchester-ba22/?pl_p=18&pl_m=40,Britton Associates Wealth Management Ltd,I - IFA,No,1-10,2,brittonassociates.co.uk
https://financialadvisers.co.uk/financial-planning/ilchester-ba22/?pl_p=18&pl_m=40,Marta Semenowicz,I - Asset Manager with Multi-Asset; I - IFA,No,"5,001-10,000",2710,mandg.com
https://financialadvisers.co.uk/financial-planning/ilchester-ba22/?pl_p=18&pl_m=40,Inspirational Financial Planning Ltd,I - IFA,No,,,inspirationalfp.co.uk
https://financialadvisers.co.uk/financial-planning/ilchester-ba22/?pl_p=18&pl_m=40,LAP Mortgage Management Ltd,I - IFA,No,,,lparmleymm.co.uk
https://financialadvisers.co.uk/financial-planning/ilchester-ba22/?pl_p=18&pl_m=40,Framtiden Wealth Ltd,I - IFA,No,,,framtidenwealth.co.uk
https://financialadvisers.co.uk/financial-planning/ilchester-ba22/?pl_p=18&pl_m=40,Henri James Wealth Ltd,I - IFA,No,,,henrijameswealth.com
https://financialadvisers.co.uk/financial-planning/ilchester-ba22/?pl_p=18&pl_m=40,DJ Financial Advice Ltd,I - IFA,No,1-10,2,djfa.co.uk
https://financialadvisers.co.uk/financial-planning/ilchester-ba22/?pl_p=18&pl_m=40,Hargreaves Lansdown Advisory Services Limited,I - Asset Manager without Multi-Asset; I - DFM with Centralised Research; I - IFA,No,"1,001-5,000",2037,hl.co.uk/financial-advice
https://financialadvisers.co.uk/financial-planning/ilchester-ba22/?pl_p=18&pl_m=40,Cooper Knowles Limited,,,,,
https://financialadvisers.co.uk/financial-planning/ilchester-ba22/?pl_p=18&pl_m=40,Ovation Finance Limited,I - IFA,No,11-50,14,ovationfinance.co.uk
https://financialadvisers.co.uk/financial-planning/ilchester-ba22/?pl_p=18&pl_m=40,Centurion Wealth Management Limited,I - IFA,No,11-50,13,centurioncfp.co.uk
https://financialadvisers.co.uk/financial-planning/ilchester-ba22/?pl_p=18&pl_m=40,Coleridge Wealth Management Limited,I - IFA,No,1-10,1,coleridgewm.co.uk
https://financialadvisers.co.uk/financial-planning/ilchester-ba22/?pl_p=18&pl_m=40,Digby Associates Limited,I - IFA,No,11-50,21,digby-associates.co.uk
https://financialadvisers.co.uk/financial-planning/ilchester-ba22/?pl_p=18&pl_m=40,National Friendly Financial Solutions Limited,I - IFA,No,11-50,9,nffs.co.uk
https://financialadvisers.co.uk/financial-planning/ilchester-ba22/?pl_p=19&pl_m=40,The McHattie Group,I - IFA,No,,,tipsheets.co.uk
https://financialadvisers.co.uk/financial-planning/ilchester-ba22/?pl_p=19&pl_m=40,Morris Trice Associates Ltd,I - IFA,No,,,morristrice.co.uk
https://financialadvisers.co.uk/financial-planning/ilchester-ba22/?pl_p=19&pl_m=40,GL Integrity Financial Planning Ltd,I - IFA,No,1-10,,integrity-financial.co.uk
https://financialadvisers.co.uk/financial-planning/ilchester-ba22/?pl_p=19&pl_m=40,The Aspire Partnership LLP,I - IFA,No,11-50,16,aspirellp.co.uk
https://financialadvisers.co.uk/financial-planning/ilchester-ba22/?pl_p=19&pl_m=40,The Aspire Consultancy (Bristol) Ltd,I - IFA,No,,,aspirecb.co.uk
https://financialadvisers.co.uk/financial-planning/ilchester-ba22/?pl_p=19&pl_m=40,Meridan Pension Services Limited,I - IFA,No,11-50,2,meridan.co.uk
https://financialadvisers.co.uk/financial-planning/ilchester-ba22/?pl_p=19&pl_m=40,R C Brown Investment Management Plc,I - DFM without Centralised Research; I - IFA,No,1-10,4,rcbim.co.uk
https://financialadvisers.co.uk/financial-planning/ilchester-ba22/?pl_p=19&pl_m=40,Simon James John,,,,,
https://financialadvisers.co.uk/financial-planning/ilchester-ba22/?pl_p=19&pl_m=40,Arlington Row Wealth Management Ltd,I - IFA,No,,,arlingtonrowwm.co.uk
https://financialadvisers.co.uk/financial-planning/ilchester-ba22/?pl_p=19&pl_m=40,Anderson Financial Management Ltd,I - IFA,No,1-10,9,andersonfinancial.co.uk
https://financialadvisers.co.uk/financial-planning/ilchester-ba22/?pl_p=19&pl_m=40,Clifton Wealth Management Ltd,I - IFA,No,1-10,4,cliftonwealthmanagement.co.uk
https://financialadvisers.co.uk/financial-planning/ilchester-ba22/?pl_p=19&pl_m=40,Marshall Zoing Limited,I - IFA,No,201-500,281,wealthatwork.co.uk
https://financialadvisers.co.uk/financial-planning/ilchester-ba22/?pl_p=19&pl_m=40,Affinity Financial Awareness Limited,I - IFA,No,51-200,23,affinityadvise.co.uk
https://financialadvisers.co.uk/financial-planning/ilchester-ba22/?pl_p=19&pl_m=40,Rapprocher Ltd,I - IFA,No,,,rapprocher.com
https://financialadvisers.co.uk/financial-planning/ilchester-ba22/?pl_p=19&pl_m=40,Nicholls Stevens (Financial Services) Limited,I - IFA,No,11-50,7,nichollstevens.com
https://financialadvisers.co.uk/financial-planning/ilchester-ba22/?pl_p=20&pl_m=40,Lifetime Connections Limited,I - IFA,No,1-10,4,lifetimeconnections.co.uk
https://financialadvisers.co.uk/financial-planning/ilchester-ba22/?pl_p=20&pl_m=40,Pensions Matter Limited,I - IFA,No,,,pensionsmatter.org.uk
https://financialadvisers.co.uk/financial-planning/ilchester-ba22/?pl_p=20&pl_m=40,Inspire Wealth Solutions Ltd,I - IFA,No,,,inspirews.co.uk
https://financialadvisers.co.uk/financial-planning/ilchester-ba22/?pl_p=20&pl_m=40,Andrew Paul Zbijowski,I - IFA,No,,,azfinancial.co.uk
https://financialadvisers.co.uk/financial-planning/ilchester-ba22/?pl_p=20&pl_m=40,Brunel Wealth Limited,I - IFA,No,1-10,12,brunelwealth.co.uk
https://financialadvisers.co.uk/financial-planning/ilchester-ba22/?pl_p=20&pl_m=40,Academy Associates Wealth Management Ltd,I - IFA,No,,,academy-associates.co.uk
https://financialadvisers.co.uk/financial-planning/ilchester-ba22/?pl_p=20&pl_m=40,Manning Gee Investments Limited,I - IFA,No,,,mgi-ifa.co.uk
https://financialadvisers.co.uk/financial-planning/ilchester-ba22/?pl_p=20&pl_m=40,Titan Wealth Planning Limited,I - IFA,No,51-200,126,aspirafp.co.uk
https://financialadvisers.co.uk/financial-planning/ilchester-ba22/?pl_p=20&pl_m=40,Continuity Financial Planning Ltd,I - IFA,No,,,continuityfp.co.uk
https://financialadvisers.co.uk/financial-planning/ilchester-ba22/?pl_p=20&pl_m=40,Ben Hiles Wealth Management Limited,I - IFA,No,,2,benhiles.co.uk
https://financialadvisers.co.uk/financial-planning/ilchester-ba22/?pl_p=20&pl_m=40,Julie Reeve,,,,,
https://financialadvisers.co.uk/financial-planning/ilchester-ba22/?pl_p=20&pl_m=40,J Lewis Financial Planning Ltd,I - IFA,No,201-500,323,2plan.com
https://financialadvisers.co.uk/financial-planning/ilchester-ba22/?pl_p=20&pl_m=40,Ifamax Limited,I - IFA,No,1-10,6,ifamax.com
https://financialadvisers.co.uk/financial-planning/ilchester-ba22/?pl_p=20&pl_m=40,Otter Financial Services Limited,I - IFA,No,1-10,,otterfinancial.co.uk
https://financialadvisers.co.uk/financial-planning/ilchester-ba22/?pl_p=20&pl_m=40,Medical and General Independent Financial Advisers Ltd,I - IFA,No,11-50,10,medicalandgeneral.co.uk
https://financialadvisers.co.uk/financial-planning/ilchester-ba22/?pl_p=21&pl_m=40,Court Ross Financial Management Limited,I - IFA,No,,4,courtross.co.uk
https://financialadvisers.co.uk/financial-planning/ilchester-ba22/?pl_p=21&pl_m=40,Frazer James Ltd,I - IFA,No,1-10,2,frazerjames.co.uk
https://financialadvisers.co.uk/financial-planning/ilchester-ba22/?pl_p=21&pl_m=40,Clifton Financial Planning Limited,I - IFA,No,,1,cliftonfp.co.uk
https://financialadvisers.co.uk/financial-planning/ilchester-ba22/?pl_p=21&pl_m=40,Atomos Financial Planning Limited,I - Asset Manager with Multi-Asset; I - DFM without Centralised Research; I - IFA,No,201-500,323,atomos.co.uk
https://financialadvisers.co.uk/financial-planning/ilchester-ba22/?pl_p=21&pl_m=40,Pembroke Asset Management LLP,I - IFA,No,1-10,4,pembrokeam.co.uk
https://financialadvisers.co.uk/financial-planning/ilchester-ba22/?pl_p=21&pl_m=40,Acuma Ltd,I - IFA,No,1-10,3,acuma.tv
https://financialadvisers.co.uk/financial-planning/ilchester-ba22/?pl_p=21&pl_m=40,Neil Bird,I - IFA,No,1,1,birdiefs.co.uk
https://financialadvisers.co.uk/financial-planning/ilchester-ba22/?pl_p=21&pl_m=40,Lansdown Place Wealth Management Ltd,I - IFA,No,11-50,30,lansdownplace.co.uk
https://financialadvisers.co.uk/financial-planning/ilchester-ba22/?pl_p=21&pl_m=40,Wealthmasters Financial Management Ltd,I - IFA,No,,,begbies-traynor.com
https://financialadvisers.co.uk/financial-planning/ilchester-ba22/?pl_p=21&pl_m=40,Rumwell Financial Services Ltd,I - IFA,No,,,rumwellfs.co.uk
https://financialadvisers.co.uk/financial-planning/ilchester-ba22/?pl_p=21&pl_m=40,Operii Financial Planning LLP,I - IFA,No,1-10,3,operii.co.uk
https://financialadvisers.co.uk/financial-planning/ilchester-ba22/?pl_p=21&pl_m=40,Churchill Wealth Management Ltd,I - IFA,No,1-10,5,churchillwealthmanagement.co.uk
https://financialadvisers.co.uk/financial-planning/ilchester-ba22/?pl_p=21&pl_m=40,Six Q Financial Planning Limited,I - IFA,No,1-10,1,sixqfinancialplanning.co.uk
https://financialadvisers.co.uk/financial-planning/ilchester-ba22/?pl_p=21&pl_m=40,Lampiers Financial Planning Ltd,I - IFA,No,11-50,15,lampiers.com
https://financialadvisers.co.uk/financial-planning/ilchester-ba22/?pl_p=21&pl_m=40,Ellis Davies Financial Planning Limited,I - IFA,No,1-10,6,ellisdaviesfp.co.uk
https://financialadvisers.co.uk/financial-planning/ilchester-ba22/?pl_p=22&pl_m=40,Octagon Consultancy Ltd,I - IFA,No,11-50,15,octagonconsultancy.co.uk
https://financialadvisers.co.uk/financial-planning/ilchester-ba22/?pl_p=22&pl_m=40,Prosperity Planning Ltd,I - IFA,No,,,prosperityplanning.co.uk
https://financialadvisers.co.uk/financial-planning/ilchester-ba22/?pl_p=22&pl_m=40,Coronation Wealth Management LLP,I - IFA,No,11-50,4,coronationwealth.co.uk
https://financialadvisers.co.uk/financial-planning/ilchester-ba22/?pl_p=22&pl_m=40,Paul Russell Financial Services Ltd,,,,,
https://financialadvisers.co.uk/financial-planning/ilchester-ba22/?pl_p=22&pl_m=40,LWM Consultants Limited,I - IFA,No,"501-1,000",1,lwmconsultants.com
https://financialadvisers.co.uk/financial-planning/ilchester-ba22/?pl_p=22&pl_m=40,Redland Wealth Management Group Limited,I - IFA,No,,,redlandfinancial.co.uk
https://financialadvisers.co.uk/financial-planning/ilchester-ba22/?pl_p=22&pl_m=40,Moneo Wealth Management Ltd,I - IFA,No,1-10,3,moneo-ifa.co.uk
https://financialadvisers.co.uk/financial-planning/ilchester-ba22/?pl_p=22&pl_m=40,Kerswell Stone & Company,I - IFA,No,,,kerswellstone.co.uk
https://financialadvisers.co.uk/financial-planning/ilchester-ba22/?pl_p=22&pl_m=40,Seven Stars Asset Management Limited,I - IFA,No,1-10,,kohncougar.co.uk
https://financialadvisers.co.uk/financial-planning/ilchester-ba22/?pl_p=22&pl_m=40,Independent Financial Advisory Service Limited,I - IFA,No,,,ifasgroup.co.uk
https://financialadvisers.co.uk/financial-planning/ilchester-ba22/?pl_p=22&pl_m=40,Sunrise Independent Financial Advisers Limited,I - IFA,No,,,sunrise-ifa.co.uk
https://financialadvisers.co.uk/financial-planning/ilchester-ba22/?pl_p=22&pl_m=40,Gough Mortgage & Protection Ltd,I - IFA,No,1-10,1,goughmortgage.co.uk
https://financialadvisers.co.uk/financial-planning/ilchester-ba22/?pl_p=22&pl_m=40,Whitechurch Securities Limited,I - IFA,No,51-200,26,whitechurch.co.uk
https://financialadvisers.co.uk/financial-planning/ilchester-ba22/?pl_p=22&pl_m=40,Investment & Financial Solutions Partnership LLP,I - IFA,No,,,ifsp-llp.co.uk
https://financialadvisers.co.uk/financial-planning/ilchester-ba22/?pl_p=22&pl_m=40,Momentum Investing Ltd,I - IFA,No,,,momentum-investing.co.uk
https://financialadvisers.co.uk/financial-planning/ilchester-ba22/?pl_p=23&pl_m=40,Andy Cole Financial Planning LTD,I - IFA,No,"5,001-10,000",2710,mandgwealth.com/andycolefinancialplanning
https://financialadvisers.co.uk/financial-planning/ilchester-ba22/?pl_p=23&pl_m=40,Everard Investment Planning Ltd,I - IFA,No,,,everardifa.co.uk
https://financialadvisers.co.uk/financial-planning/ilchester-ba22/?pl_p=23&pl_m=40,Leaf Financial Advisers Ltd,I - IFA,No,1-10,,leafifa.co.uk
https://financialadvisers.co.uk/financial-planning/ilchester-ba22/?pl_p=23&pl_m=40,Cedar Wealth Management Limited,I - IFA,No,,,cedarwm.co.uk
https://financialadvisers.co.uk/financial-planning/ilchester-ba22/?pl_p=23&pl_m=40,Scottsbridge Financial Planning Ltd,I - IFA,No,,,scottsbridge.co.uk
https://financialadvisers.co.uk/financial-planning/ilchester-ba22/?pl_p=23&pl_m=40,Ian Stuart Mortgages Limited,I - IFA,No,1-10,2,ianstuartmortgages.co.uk
https://financialadvisers.co.uk/financial-planning/ilchester-ba22/?pl_p=23&pl_m=40,Clifton Wealth Partnership Portishead Limited,I - IFA,No,51-200,60,clifton-asset.co.uk
https://financialadvisers.co.uk/financial-planning/ilchester-ba22/?pl_p=23&pl_m=40,Grosvenor Consultancy Limited,I - IFA,No,11-50,29,grosvenorconsultancy.co.uk
https://financialadvisers.co.uk/financial-planning/ilchester-ba22/?pl_p=23&pl_m=40,CLIFTON WEALTH LIMITED,I - IFA,No,,,cliftonasset.co.uk
https://financialadvisers.co.uk/financial-planning/ilchester-ba22/?pl_p=23&pl_m=40,Clifton Wealth Partnership Ltd,I - IFA,No,,,cliftonwealthpartnership.co.uk
https://financialadvisers.co.uk/financial-planning/ilchester-ba22/?pl_p=23&pl_m=40,Wollen Michelmore Financial Planning Ltd,I - IFA,No,,,wollensfp.co.uk
https://financialadvisers.co.uk/financial-planning/ilchester-ba22/?pl_p=23&pl_m=40,Alternative Business Funding Ltd,I - IFA,No,11-50,7,alternativebusinessfunding.co.uk
https://financialadvisers.co.uk/financial-planning/ilchester-ba22/?pl_p=23&pl_m=40,Clifton Compliance Services Ltd,I - IFA,No,51-200,60,clifton-asset.co.uk
https://financialadvisers.co.uk/financial-planning/ilchester-ba22/?pl_p=23&pl_m=40,Paradigm Norton Financial Planning Ltd,I - IFA,No,51-200,79,paradigmnorton.co.uk
https://financialadvisers.co.uk/financial-planning/ilchester-ba22/?pl_p=23&pl_m=40,CLIFTON CONSULTING LIMITED,I - IFA,No,51-200,60,clifton-asset.co.uk
https://financialadvisers.co.uk/financial-planning/ilchester-ba22/?pl_p=24&pl_m=40,RFC Financial Services Ltd,I - IFA,No,1-10,,rfcfinancial.co.uk
https://financialadvisers.co.uk/financial-planning/ilchester-ba22/?pl_p=24&pl_m=40,Apex CB Financial Planning Ltd,I - IFA,No,1-10,7,apexcb.com
https://financialadvisers.co.uk/financial-planning/ilchester-ba22/?pl_p=24&pl_m=40,Bottriell Adams LLP,I - IFA,No,11-50,4,bottrielladams.co.uk
https://financialadvisers.co.uk/financial-planning/ilchester-ba22/?pl_p=24&pl_m=40,Positive Independent Financial Planning Limited,,,,,
https://financialadvisers.co.uk/financial-planning/ilchester-ba22/?pl_p=24&pl_m=40,Alex Alton,I - IFA,No,,,altonwealth.co.uk
https://financialadvisers.co.uk/financial-planning/ilchester-ba22/?pl_p=24&pl_m=40,LV Nicholas Financial Planning Limited,I - IFA,No,,,lvnfp.com
https://financialadvisers.co.uk/financial-planning/ilchester-ba22/?pl_p=24&pl_m=40,November March Limited,I - IFA,No,,,molyneuxfp.co.uk
https://financialadvisers.co.uk/financial-planning/ilchester-ba22/?pl_p=24&pl_m=40,John Morrison,I - IFA,No,,,jhmwm.com
https://financialadvisers.co.uk/financial-planning/ilchester-ba22/?pl_p=24&pl_m=40,Practical Financial Planning Ltd,I - IFA,No,,,pfp.uk.net
https://financialadvisers.co.uk/financial-planning/ilchester-ba22/?pl_p=24&pl_m=40,Paolo Joseph Mark Rosolek,,,,,
https://financialadvisers.co.uk/financial-planning/ilchester-ba22/?pl_p=24&pl_m=40,Chase Buckingham Limited,I - IFA,No,,,chasebuckingham.com
https://financialadvisers.co.uk/financial-planning/ilchester-ba22/?pl_p=24&pl_m=40,Richard J K Brown Wealth Management LLP,I - IFA,No,,2,richardjkbrown.co.uk
https://financialadvisers.co.uk/financial-planning/ilchester-ba22/?pl_p=24&pl_m=40,Absolute Wealth Management Ltd,I - IFA,No,1-10,3,absolutewm.co.uk
https://financialadvisers.co.uk/financial-planning/ilchester-ba22/?pl_p=24&pl_m=40,Triple A Advice Ltd,I - IFA,No,,,acklandifa.com
https://financialadvisers.co.uk/financial-planning/ilchester-ba22/?pl_p=24&pl_m=40,PDT Financial Services Ltd,I - IFA,No,,,pdtfs.co.uk
https://financialadvisers.co.uk/financial-planning/ilchester-ba22/?pl_p=25&pl_m=40,Powell & Associates Financial Planning,I - IFA,No,"1,001-5,000",3514,partnership.sjp.co.uk/partner/richpowell
https://financialadvisers.co.uk/financial-planning/ilchester-ba22/?pl_p=25&pl_m=40,Anglebury Financial Associates LLP,I - IFA,No,,,advice4afa.co.uk
https://financialadvisers.co.uk/financial-planning/ilchester-ba22/?pl_p=25&pl_m=40,Lester Brunt Wealth Management Ltd,I - IFA,No,11-50,36,lesterbrunt.co.uk
https://financialadvisers.co.uk/financial-planning/ilchester-ba22/?pl_p=25&pl_m=40,Neptune Financial Management Limited,I - IFA,No,,,neptunefinancialmanagement.co.uk
https://financialadvisers.co.uk/financial-planning/ilchester-ba22/?pl_p=25&pl_m=40,Kellands (Bristol) Limited,I - IFA,No,,,kelland.co.uk
https://financialadvisers.co.uk/financial-planning/ilchester-ba22/?pl_p=25&pl_m=40,Andrew David Associates (Holdings) Limited,I - IFA,No,1-10,5,andrewdavid.co.uk
https://financialadvisers.co.uk/financial-planning/ilchester-ba22/?pl_p=25&pl_m=40,K M Financial Consultants (Wessex) Ltd,I - IFA,No,,,aol.com
https://financialadvisers.co.uk/financial-planning/ilchester-ba22/?pl_p=25&pl_m=40,Colin Of Mar,I - IFA,No,,,colinofmar.com
https://financialadvisers.co.uk/financial-planning/ilchester-ba22/?pl_p=25&pl_m=40,Clarke Robinson & Co Ltd,I - IFA,No,,1,clarkerobinson.co.uk
https://financialadvisers.co.uk/financial-planning/ilchester-ba22/?pl_p=25&pl_m=40,The Minster Partnership Ltd,I - IFA,No,,,tmplimited.co.uk
https://financialadvisers.co.uk/financial-planning/ilchester-ba22/?pl_p=25&pl_m=40,BLP Wealth Management Ltd,I - IFA,No,"5,001-10,000",2710,mandgwealth.com/blpwealthmanagement
https://financialadvisers.co.uk/financial-planning/ilchester-ba22/?pl_p=25&pl_m=40,Roger Carey,I - IFA,No,,,careyandcofinancialsolutions.co.uk
https://financialadvisers.co.uk/financial-planning/ilchester-ba22/?pl_p=25&pl_m=40,Morrison Financial Associates Limited,Invalid domain,No,,,garymorrisonwm@co.uk
https://financialadvisers.co.uk/financial-planning/ilchester-ba22/?pl_p=25&pl_m=40,Insurance & Financial Services Ltd,I - IFA,No,1-10,3,minsterwealthmanagement.co.uk
https://financialadvisers.co.uk/financial-planning/ilchester-ba22/?pl_p=25&pl_m=40,Oculus Wealth Management (Bath) Ltd,I - IFA,No,11-50,44,oculuswealth.co.uk
https://financialadvisers.co.uk/financial-planning/ilchester-ba22/?pl_p=26&pl_m=40,Westview Financial Services Ltd,I - IFA,No,1-10,1,westviewfinancial.co.uk
https://financialadvisers.co.uk/financial-planning/ilchester-ba22/?pl_p=26&pl_m=40,Brooks Wealth Management LLP,I - IFA,No,,,brookswm.co.uk
https://financialadvisers.co.uk/financial-planning/ilchester-ba22/?pl_p=26&pl_m=40,Horizon Wealth Management Limited,I - IFA,No,,,horizonwealth.co.uk
https://financialadvisers.co.uk/financial-planning/ilchester-ba22/?pl_p=26&pl_m=40,John Atkinson,,,,,
https://financialadvisers.co.uk/financial-planning/ilchester-ba22/?pl_p=26&pl_m=40,Bob Farrington Ltd,I - IFA,No,,,bobfarrington.ifa-web.co.uk
https://financialadvisers.co.uk/financial-planning/ilchester-ba22/?pl_p=26&pl_m=40,Jasmine Financial Services Limited,,,,,
https://financialadvisers.co.uk/financial-planning/ilchester-ba22/?pl_p=26&pl_m=40,Weston Associates IFA Limited,I - IFA,No,1-10,4,westonassociates.co.uk
https://financialadvisers.co.uk/financial-planning/ilchester-ba22/?pl_p=26&pl_m=40,Marcus John Dean,,,,,
https://financialadvisers.co.uk/financial-planning/ilchester-ba22/?pl_p=26&pl_m=40,Dolphin Wealth Management Ltd,I - IFA,No,,,yahoo.co.uk
https://financialadvisers.co.uk/financial-planning/ilchester-ba22/?pl_p=26&pl_m=40,Cardens Limited,I - IFA,No,1-10,7,cardens.co.uk
https://financialadvisers.co.uk/financial-planning/ilchester-ba22/?pl_p=26&pl_m=40,Blue Financial Group Limited,I - IFA,No,1-10,5,bluewealth.co.uk
https://financialadvisers.co.uk/financial-planning/ilchester-ba22/?pl_p=26&pl_m=40,Simon Turner Financial Consultants,I - IFA,No,,,simonturnerfc.co.uk
https://financialadvisers.co.uk/financial-planning/ilchester-ba22/?pl_p=26&pl_m=40,Thomas Fear & Co Limited,I - IFA,No,,,thomasfear.co.uk
https://financialadvisers.co.uk/financial-planning/ilchester-ba22/?pl_p=26&pl_m=40,Purple Fox Financial Planning Ltd,I - IFA,No,,,purplefoxfp.co.uk
https://financialadvisers.co.uk/financial-planning/ilchester-ba22/?pl_p=26&pl_m=40,Hartsfield Financial Services Limited,I - IFA,No,11-50,19,hartsfield.co.uk
https://financialadvisers.co.uk/financial-planning/ilchester-ba22/?pl_p=27&pl_m=40,Worldwide Investment Corporation Ltd,I - IFA,No,1-10,8,bristolmortgagesonline.com
https://financialadvisers.co.uk/financial-planning/ilchester-ba22/?pl_p=27&pl_m=40,Hive Financial Planning Ltd,I - IFA,No,"1,001-5,000",3514,partnership.sjp.co.uk/partner/sebastianroizdesa
https://financialadvisers.co.uk/financial-planning/ilchester-ba22/?pl_p=27&pl_m=40,MKFP Limited,I - IFA,No,11-50,9,mkfp.co.uk
https://financialadvisers.co.uk/financial-planning/ilchester-ba22/?pl_p=27&pl_m=40,Catalyst Financial Consulting LLP,I - IFA,No,,,catalystfinancialconsulting.co.uk
https://financialadvisers.co.uk/financial-planning/ilchester-ba22/?pl_p=27&pl_m=40,Mathieu Baudry,I - IFA,No,"1,001-5,000",3514,partnership.sjp.co.uk/partner/baudrywealthmanagement
https://financialadvisers.co.uk/financial-planning/ilchester-ba22/?pl_p=27&pl_m=40,Blue Label Wealth Management Ltd,I - DFM without Centralised Research; I - IFA,No,1,60,visionifp.co.uk
https://financialadvisers.co.uk/financial-planning/ilchester-ba22/?pl_p=27&pl_m=40,Harold Stephens Ltd,I - IFA,No,1-10,5,haroldstephens.co.uk
https://financialadvisers.co.uk/financial-planning/ilchester-ba22/?pl_p=27&pl_m=40,Dumnonia Financial Services Limited,,,,,
https://financialadvisers.co.uk/financial-planning/ilchester-ba22/?pl_p=27&pl_m=40,The Clifton Business Consultancy Ltd,I - IFA,No,,,cliftonbc.co.uk
https://financialadvisers.co.uk/financial-planning/ilchester-ba22/?pl_p=27&pl_m=40,Sparks & Co Financial Services Limited,I - IFA,No,201-500,323,2plan.com
https://financialadvisers.co.uk/financial-planning/ilchester-ba22/?pl_p=27&pl_m=40,OCULUS WEALTH MANAGEMENT (EAST DORSET) LIMITED,,,,,
https://financialadvisers.co.uk/financial-planning/ilchester-ba22/?pl_p=27&pl_m=40,Bristol & West Financial Services Ltd,I - IFA,No,1-10,1,bristolandwestfs.co.uk
https://financialadvisers.co.uk/financial-planning/ilchester-ba22/?pl_p=27&pl_m=40,Rathmore Financial Ltd,I - IFA,No,1-10,9,rathmorefinancial.com
https://financialadvisers.co.uk/financial-planning/ilchester-ba22/?pl_p=27&pl_m=40,Perennial Wealth Ltd,I - IFA,No,1-10,3,perennialwealth.co.uk
https://financialadvisers.co.uk/financial-planning/ilchester-ba22/?pl_p=27&pl_m=40,The Complete Mortgage Shop Limited,I - IFA,No,1-10,3,thecompletemortgageshop.co.uk
https://financialadvisers.co.uk/financial-planning/ilchester-ba22/?pl_p=28&pl_m=40,Domus Financial Services,I - IFA,No,1-10,2,domusfinancial.co.uk
https://financialadvisers.co.uk/financial-planning/ilchester-ba22/?pl_p=28&pl_m=40,Bluechip Financial Limited,I - IFA,No,11-50,6,bluechip-financial.co.uk
https://financialadvisers.co.uk/financial-planning/ilchester-ba22/?pl_p=28&pl_m=40,Symes Wealth Management Limited,I - IFA,No,1-10,10,scottsymeswm.co.uk
https://financialadvisers.co.uk/financial-planning/ilchester-ba22/?pl_p=28&pl_m=40,Brampton Financial Management Ltd,I - IFA,No,,,bramptonfinancialmanagement.co.uk
https://financialadvisers.co.uk/financial-planning/ilchester-ba22/?pl_p=28&pl_m=40,Kingfisher Wealth Management Ltd,I - IFA,No,,,kingfisherwealth.com
https://financialadvisers.co.uk/financial-planning/ilchester-ba22/?pl_p=28&pl_m=40,Vicki Roscorla,I - IFA,No,,,vrfp.co.uk
https://financialadvisers.co.uk/financial-planning/ilchester-ba22/?pl_p=28&pl_m=40,Ashley Marshall Financial Planning Ltd,I - IFA,No,"5,001-10,000",2710,mandgwealth.com/ashleymarshallfinancialplanning
https://financialadvisers.co.uk/financial-planning/ilchester-ba22/?pl_p=28&pl_m=40,Rockman Wealth Ltd,I - IFA,No,1-10,2,sterlingjameswealth.com
https://financialadvisers.co.uk/financial-planning/ilchester-ba22/?pl_p=28&pl_m=40,Willingale Wealth Management Limited,I - IFA,No,,,willingalewealthmanagement.co.uk
https://financialadvisers.co.uk/financial-planning/ilchester-ba22/?pl_p=28&pl_m=40,Andrew Vrettos Wealth Management Limited,I - IFA,No,,1,andrewvrettos.co.uk
https://financialadvisers.co.uk/financial-planning/ilchester-ba22/?pl_p=28&pl_m=40,IMI FP Ltd,I - IFA,No,,,imigroup.co.uk
https://financialadvisers.co.uk/financial-planning/ilchester-ba22/?pl_p=28&pl_m=40,Croudace Financial Services Ltd,I - IFA,No,,,samuelcroudacewm.co.uk
https://financialadvisers.co.uk/financial-planning/ilchester-ba22/?pl_p=28&pl_m=40,Thomas Reynolds,I - IFA,No,,,thomasreynoldsfp.co.uk
https://financialadvisers.co.uk/financial-planning/ilchester-ba22/?pl_p=28&pl_m=40,Brigstow Independent Financial Planning Limited,,,,,
https://financialadvisers.co.uk/financial-planning/ilchester-ba22/?pl_p=28&pl_m=40,MRIB Limited,I - IFA,No,11-50,23,integrity365.co.uk
https://financialadvisers.co.uk/financial-planning/ilchester-ba22/?pl_p=29&pl_m=40,GORDIAN WEALTH MANAGEMENT LTD,I - IFA,No,,,gordianwealth.co.uk
https://financialadvisers.co.uk/financial-planning/ilchester-ba22/?pl_p=29&pl_m=40,Plan Financial Ltd,I - IFA,No,,,planfinancial.co.uk
https://financialadvisers.co.uk/financial-planning/ilchester-ba22/?pl_p=29&pl_m=40,Ideal Financial Solutions Ltd,I - IFA,No,1-10,2,idealfinancialsolutions.co.uk
https://financialadvisers.co.uk/financial-planning/ilchester-ba22/?pl_p=29&pl_m=40,Paul Forman-Cummings,I - IFA,No,,,paulformanfs.co.uk
https://financialadvisers.co.uk/financial-planning/ilchester-ba22/?pl_p=29&pl_m=40,Forgeron Financial Planning Ltd,I - IFA,No,,,outlook.com
https://financialadvisers.co.uk/financial-planning/ilchester-ba22/?pl_p=29&pl_m=40,Hall Wealth LLP,,,,,
https://financialadvisers.co.uk/financial-planning/ilchester-ba22/?pl_p=29&pl_m=40,Walker Wealth Management Limited,I - IFA,No,1-10,6,walkerwm.co.uk
https://financialadvisers.co.uk/financial-planning/ilchester-ba22/?pl_p=29&pl_m=40,Nicholas Jowett,,,,,
https://financialadvisers.co.uk/financial-planning/ilchester-ba22/?pl_p=29&pl_m=40,Davey Wealth Management Ltd,I - IFA,No,,,daveywm.co.uk
https://financialadvisers.co.uk/financial-planning/ilchester-ba22/?pl_p=29&pl_m=40,4 Financial Planning Ltd,I - IFA,No,1,2,4-fp.co.uk
https://financialadvisers.co.uk/financial-planning/ilchester-ba22/?pl_p=29&pl_m=40,Lucra Mortgages Ltd,I - IFA,No,1-10,15,lucramortgages.co.uk
https://financialadvisers.co.uk/financial-planning/ilchester-ba22/?pl_p=29&pl_m=40,Nautilus Financial Planning Ltd,I - IFA,No,,,nautilusfp.co.uk
https://financialadvisers.co.uk/financial-planning/ilchester-ba22/?pl_p=29&pl_m=40,Smart Advice Financial Solutions Ltd,I - IFA,No,51-200,40,smartadvicefs.co.uk
https://financialadvisers.co.uk/financial-planning/ilchester-ba22/?pl_p=29&pl_m=40,Paul Hipkiss,I - IFA,No,,1,paulhipkiss.co.uk
https://financialadvisers.co.uk/financial-planning/ilchester-ba22/?pl_p=29&pl_m=40,Acumen Investment Solutions Ltd,I - IFA,No,,,acumenifa.co.uk
https://financialadvisers.co.uk/financial-planning/ilchester-ba22/?pl_p=30&pl_m=40,Hugh Thompson,I - IFA,No,,7,thompsonfinancialplanning.co.uk
https://financialadvisers.co.uk/financial-planning/ilchester-ba22/?pl_p=30&pl_m=40,Davidson Deem Limited,I - IFA,No,,1,davidsondeem.co.uk
https://financialadvisers.co.uk/financial-planning/ilchester-ba22/?pl_p=30&pl_m=40,Clarke and Partners LLP,I - IFA,No,,,ifacp.co.uk
https://financialadvisers.co.uk/financial-planning/ilchester-ba22/?pl_p=30&pl_m=40,Abacus Financial Options Limited,I - IFA,No,11-50,12,abacusfinancialoptions.co.uk
https://financialadvisers.co.uk/financial-planning/ilchester-ba22/?pl_p=30&pl_m=40,MIT Fiscal Ltd,I - IFA,No,,,mitfiscal.co.uk
https://financialadvisers.co.uk/financial-planning/ilchester-ba22/?pl_p=30&pl_m=40,Baggette & Company Wealth Management Limited,I - IFA,No,11-50,27,baggette.co.uk
https://financialadvisers.co.uk/financial-planning/ilchester-ba22/?pl_p=30&pl_m=40,Imperial Independent Mortgage Services Ltd,I - IFA,No,,,imperialfinancial.co.uk
https://financialadvisers.co.uk/financial-planning/ilchester-ba22/?pl_p=30&pl_m=40,Ward Goodman Financial Services Ltd,I - IFA,No,51-200,42,wardgoodman.co.uk
https://financialadvisers.co.uk/financial-planning/ilchester-ba22/?pl_p=30&pl_m=40,Blanchards Bailey Financial Services Ltd,I - IFA,No,,,blanchardsbaileyfs.co.uk
https://financialadvisers.co.uk/financial-planning/ilchester-ba22/?pl_p=30&pl_m=40,HK Financial Advice Service Ltd,I - IFA,No,,,hkfas.co.uk
https://financialadvisers.co.uk/financial-planning/ilchester-ba22/?pl_p=30&pl_m=40,Elizabeth Humby,,,,,
https://financialadvisers.co.uk/financial-planning/ilchester-ba22/?pl_p=30&pl_m=40,Crystal Wealth Management Ltd,I - IFA,No,11-50,15,crystalwm.com
https://financialadvisers.co.uk/financial-planning/ilchester-ba22/?pl_p=30&pl_m=40,Eastgate Financial Services (Exeter) Limited,I - IFA,No,,,eastgatefs.co.uk
https://financialadvisers.co.uk/financial-planning/ilchester-ba22/?pl_p=30&pl_m=40,PFM Associates Limited,I - IFA,No,11-50,15,pfmassociates.co.uk
https://financialadvisers.co.uk/financial-planning/ilchester-ba22/?pl_p=30&pl_m=40,Finitor Wealth Platform Ltd,I - IFA,No,,,finitorwealth.com
https://financialadvisers.co.uk/financial-planning/ilchester-ba22/?pl_p=31&pl_m=40,Integrated Financial Solutions Ltd,I - IFA,No,,,integratedfs.co.uk
https://financialadvisers.co.uk/financial-planning/ilchester-ba22/?pl_p=31&pl_m=40,Mayne Solutions Limited,I - IFA,No,1-10,3,premfp.com
https://financialadvisers.co.uk/financial-planning/ilchester-ba22/?pl_p=31&pl_m=40,Oakridge Financial Planning Ltd,I - IFA,No,,,oakridgefp.co.uk
https://financialadvisers.co.uk/financial-planning/ilchester-ba22/?pl_p=31&pl_m=40,Cleeve Financial Planning Ltd,I - IFA,No,1-10,9,cleevefinancialplanning.co.uk
https://financialadvisers.co.uk/financial-planning/ilchester-ba22/?pl_p=31&pl_m=40,Woodside Financial Services Ltd,,,,,
https://financialadvisers.co.uk/financial-planning/ilchester-ba22/?pl_p=31&pl_m=40,Skybound Financial Planning Limited,I - IFA,No,11-50,27,skyboundfp.co.uk
https://financialadvisers.co.uk/financial-planning/ilchester-ba22/?pl_p=31&pl_m=40,Baker Davies Limited,I - IFA,No,11-50,13,bakerdavies.com
https://financialadvisers.co.uk/financial-planning/ilchester-ba22/?pl_p=31&pl_m=40,Calon Wealth Management Ltd,I - IFA,No,"5,001-10,000",2710,mandgwealth.com/calonwealthmanagement
https://financialadvisers.co.uk/financial-planning/ilchester-ba22/?pl_p=31&pl_m=40,Chris Price Financial Consultancy Ltd,I - IFA,No,,,cpfc.org.uk
https://financialadvisers.co.uk/financial-planning/ilchester-ba22/?pl_p=31&pl_m=40,Black Label Wealth Management Ltd,,,,,
https://financialadvisers.co.uk/financial-planning/ilchester-ba22/?pl_p=31&pl_m=40,Home Group Financial Ltd,I - IFA,No,1-10,6,homegroupfinancial.co.uk
https://financialadvisers.co.uk/financial-planning/ilchester-ba22/?pl_p=31&pl_m=40,Smith Hobbs Wealth Management Limited,I - IFA,No,1-10,3,smithhobbswealth.co.uk
https://financialadvisers.co.uk/financial-planning/ilchester-ba22/?pl_p=31&pl_m=40,Adam James Wealth Management Ltd,I - IFA,No,,,adamjameswm.co.uk
https://financialadvisers.co.uk/financial-planning/ilchester-ba22/?pl_p=31&pl_m=40,GM2 Ltd,I - IFA,No,1-10,6,gm2.co.uk
https://financialadvisers.co.uk/financial-planning/ilchester-ba22/?pl_p=31&pl_m=40,Brighton Williams & Partners,I - IFA,No,11-50,19,brightonwilliams.com
https://financialadvisers.co.uk/financial-planning/ilchester-ba22/?pl_p=32&pl_m=40,Curo Advisers Limited,I - IFA,No,11-50,4,curoadvisers.com
https://financialadvisers.co.uk/financial-planning/ilchester-ba22/?pl_p=32&pl_m=40,AC & J Financial Services Limited,,,,,
https://financialadvisers.co.uk/financial-planning/ilchester-ba22/?pl_p=32&pl_m=40,Neligan Financial Limited,I - IFA,No,1,1,neliganfinancial.co.uk
https://financialadvisers.co.uk/financial-planning/ilchester-ba22/?pl_p=32&pl_m=40,Lime Wealth Limited,I - IFA,No,1-10,11,cadreadvisory.co.uk
https://financialadvisers.co.uk/financial-planning/ilchester-ba22/?pl_p=32&pl_m=40,Harper's Financial Services Ltd,I - IFA,No,1-10,,harpersfinancial.co.uk
https://financialadvisers.co.uk/financial-planning/ilchester-ba22/?pl_p=32&pl_m=40,Voyager Financial Services Ltd,,,,,
https://financialadvisers.co.uk/financial-planning/ilchester-ba22/?pl_p=32&pl_m=40,Brown & Cane Financial Services Ltd,I - IFA,No,,,browncane.co.uk
https://financialadvisers.co.uk/financial-planning/ilchester-ba22/?pl_p=32&pl_m=40,Romilly Associates IFA Limited,I - IFA,No,11-50,5,romillyifa.com
https://financialadvisers.co.uk/financial-planning/ilchester-ba22/?pl_p=32&pl_m=40,Lewis & Co (Investments & Pensions) Limited,I - IFA,No,11-50,30,lewisinvestment.co.uk
https://financialadvisers.co.uk/financial-planning/ilchester-ba22/?pl_p=32&pl_m=40,Life Matters Financial Planning Ltd,I - IFA,No,1-10,6,lifemattersfp.com
https://financialadvisers.co.uk/financial-planning/ilchester-ba22/?pl_p=32&pl_m=40,Ingenuity Financial Services Limited,I - IFA,No,,,ingenuityfinancialservices.co.uk
https://financialadvisers.co.uk/financial-planning/ilchester-ba22/?pl_p=32&pl_m=40,P&P Financial Care Consultancy Limited,I - IFA,No,,,pandpifa.co.uk
https://financialadvisers.co.uk/financial-planning/ilchester-ba22/?pl_p=32&pl_m=40,David Lyttleton Smith,I - IFA,No,51-200,20,pramworld.co.uk
https://financialadvisers.co.uk/financial-planning/ilchester-ba22/?pl_p=32&pl_m=40,Kingston PTM Limited,I - IFA,No,11-50,9,kingston-solutions.com
https://financialadvisers.co.uk/financial-planning/ilchester-ba22/?pl_p=32&pl_m=40,Martin Radford,,,,,
https://financialadvisers.co.uk/financial-planning/ilchester-ba22/?pl_p=33&pl_m=40,Fresh Perspective Financial Planning Ltd,I - IFA,No,1-10,2,fp-fp.co.uk
https://financialadvisers.co.uk/financial-planning/ilchester-ba22/?pl_p=33&pl_m=40,William Dixon & Associates Ltd,I - IFA,No,11-50,7,wdanda.com
https://financialadvisers.co.uk/financial-planning/ilchester-ba22/?pl_p=33&pl_m=40,Bourlet Financial Planning Limited,I - IFA,No,1-10,10,bourletconsulting.com
https://financialadvisers.co.uk/financial-planning/ilchester-ba22/?pl_p=33&pl_m=40,Hoadley Financial Planning Ltd,I - IFA,No,1-10,3,hoadley-financial.co.uk
https://financialadvisers.co.uk/financial-planning/ilchester-ba22/?pl_p=33&pl_m=40,Lansdowne Woodward Financial Services Limited,I - IFA,No,11-50,15,lansdowne-woodward.co.uk
https://financialadvisers.co.uk/financial-planning/ilchester-ba22/?pl_p=33&pl_m=40,JTM Financial Services Limited,I - IFA,No,,,jtmfs.com
https://financialadvisers.co.uk/financial-planning/ilchester-ba22/?pl_p=33&pl_m=40,Atkins Bland Limited,I - IFA,No,11-50,9,atkinsbland.co.uk
https://financialadvisers.co.uk/financial-planning/ilchester-ba22/?pl_p=33&pl_m=40,Suitable Money Advice Ltd,,,,,
https://financialadvisers.co.uk/financial-planning/ilchester-ba22/?pl_p=33&pl_m=40,DREAM CASA MORTGAGE CONSULTANCY LTD,I - IFA,No,,,dreamcasamortgages.com
https://financialadvisers.co.uk/financial-planning/ilchester-ba22/?pl_p=33&pl_m=40,James & Associates Financial Services Ltd,I - IFA,No,,,jamesandassociates.co.uk
https://financialadvisers.co.uk/financial-planning/ilchester-ba22/?pl_p=33&pl_m=40,Blue Pebble Finance Limited,I - IFA,No,1-10,,bluepebblemoney.co.uk
https://financialadvisers.co.uk/financial-planning/ilchester-ba22/?pl_p=33&pl_m=40,Vale Asset Management,I - IFA,No,1-10,1,valeam.co.uk
https://financialadvisers.co.uk/financial-planning/ilchester-ba22/?pl_p=33&pl_m=40,Evolution Financial Management Limited,I - IFA,No,,,evolutionfm.com
https://financialadvisers.co.uk/financial-planning/ilchester-ba22/?pl_p=33&pl_m=40,Brian Mark Chambers,,,,,
https://financialadvisers.co.uk/financial-planning/ilchester-ba22/?pl_p=33&pl_m=40,John Rolfe Financial Services Limited,I - IFA,No,,,jrfsl.co.uk
https://financialadvisers.co.uk/financial-planning/ilchester-ba22/?pl_p=34&pl_m=40,Fortress Financial Services Limited,I - IFA,No,,,fortressfinancial.co.uk
https://financialadvisers.co.uk/financial-planning/ilchester-ba22/?pl_p=34&pl_m=40,Aspirations Financial Advice Ltd,I - IFA,No,11-50,14,aspirationsfp.co.uk
https://financialadvisers.co.uk/financial-planning/ilchester-ba22/?pl_p=34&pl_m=40,Summit Financial Advisers And Wealth Management Ltd,I - Asset Manager with Multi-Asset; I - IFA,No,"5,001-10,000",2710,mandg.com
https://financialadvisers.co.uk/financial-planning/ilchester-ba22/?pl_p=34&pl_m=40,Nicholas Carter,I - IFA,No,,,nickcarterwm.co.uk
https://financialadvisers.co.uk/financial-planning/ilchester-ba22/?pl_p=34&pl_m=40,Cardiff Financial Partnership LLP,I - IFA,No,,,cfp-llp.co.uk
https://financialadvisers.co.uk/financial-planning/ilchester-ba22/?pl_p=34&pl_m=40,Christopher Newcombe,Invalid domain,No,,,cdnlifesolutions.com.
https://financialadvisers.co.uk/financial-planning/ilchester-ba22/?pl_p=34&pl_m=40,Withers Parke Limited,I - IFA,No,"1,001-5,000",3514,partnership.sjp.co.uk/partner/andywithers
https://financialadvisers.co.uk/financial-planning/ilchester-ba22/?pl_p=34&pl_m=40,Julian Escott Financial Services Ltd,,,,,
https://financialadvisers.co.uk/financial-planning/ilchester-ba22/?pl_p=34&pl_m=40,11.2 Financial Planning Ltd,I - IFA,No,1-10,,eleven-2.uk
https://financialadvisers.co.uk/financial-planning/ilchester-ba22/?pl_p=34&pl_m=40,Fletcher Shaw & Co Ltd,I - IFA,No,,,fletchershaw.co.uk
https://financialadvisers.co.uk/financial-planning/ilchester-ba22/?pl_p=34&pl_m=40,Grafton Court Wealth Management Limited,I - IFA,No,,,graftoncourt.co.uk
https://financialadvisers.co.uk/financial-planning/ilchester-ba22/?pl_p=34&pl_m=40,James Fuller,I - IFA,No,,,jamesfuller.uk
https://financialadvisers.co.uk/financial-planning/ilchester-ba22/?pl_p=34&pl_m=40,Independent Financial Planning Limited,I - IFA,No,1-10,16,ifplonline.co.uk
https://financialadvisers.co.uk/financial-planning/ilchester-ba22/?pl_p=34&pl_m=40,Franklin Davies (IFA) Ltd,I - IFA,No,,,franklindavies.com
https://financialadvisers.co.uk/financial-planning/ilchester-ba22/?pl_p=34&pl_m=40,Louis Mark Simpson,I - IFA,No,"501-1,000",753,openwork.uk.com
https://financialadvisers.co.uk/financial-planning/ilchester-ba22/?pl_p=35&pl_m=40,H&C Financial Planning Ltd,I - IFA,No,,,hcfinancialplanning.co.uk
https://financialadvisers.co.uk/financial-planning/ilchester-ba22/?pl_p=35&pl_m=40,Grovely Financial Limited,I - IFA,No,1,1,grovelycoaching.co.uk
https://financialadvisers.co.uk/financial-planning/ilchester-ba22/?pl_p=35&pl_m=40,Christopher Wordsworth,I - IFA,No,,,chriswordsworthfinancialplanning.co.uk
https://financialadvisers.co.uk/financial-planning/ilchester-ba22/?pl_p=35&pl_m=40,Grindal Wealth Management Ltd,I - IFA,No,,,grindalwealthmanagement.co.uk
https://financialadvisers.co.uk/financial-planning/ilchester-ba22/?pl_p=35&pl_m=40,Liam Hobbs,,,,,
https://financialadvisers.co.uk/financial-planning/ilchester-ba22/?pl_p=35&pl_m=40,Four Wealth Management Limited,I - IFA,No,11-50,6,fourwealthmanagement.co.uk
https://financialadvisers.co.uk/financial-planning/ilchester-ba22/?pl_p=35&pl_m=40,Sullivan & Co. Financial Planning,I - IFA,No,,,sullivanandcofp.co.uk
https://financialadvisers.co.uk/financial-planning/ilchester-ba22/?pl_p=35&pl_m=40,Stephanie Beddis,I - IFA,No,,,kilsaranfp.co.uk
https://financialadvisers.co.uk/financial-planning/ilchester-ba22/?pl_p=35&pl_m=40,James Hildreth,I - IFA,No,,,hildrethfinancial.com
https://financialadvisers.co.uk/financial-planning/ilchester-ba22/?pl_p=35&pl_m=40,Tom Campbell Wealth Management Ltd,I - IFA,No,,,tomcampbellwm.co.uk
https://financialadvisers.co.uk/financial-planning/ilchester-ba22/?pl_p=35&pl_m=40,Wood Mitchell Financial Planning Limited,I - IFA,No,,,woodmitchellfp.co.uk
https://financialadvisers.co.uk/financial-planning/ilchester-ba22/?pl_p=35&pl_m=40,Julian Mobsby,I - IFA,No,,,julianmobsby.co.uk
https://financialadvisers.co.uk/financial-planning/ilchester-ba22/?pl_p=35&pl_m=40,Burn-Jones Wealth Management LLP,I - IFA,No,,,burn-joneswealthmanagement.co.uk
https://financialadvisers.co.uk/financial-planning/ilchester-ba22/?pl_p=35&pl_m=40,Bath Wealth Management Limited,I - IFA,No,,,crockerandpartners.co.uk
https://financialadvisers.co.uk/financial-planning/ilchester-ba22/?pl_p=35&pl_m=40,Eleos Financial Planning Limited,I - IFA,No,,,e-f-p.co.uk
https://financialadvisers.co.uk/financial-planning/ilchester-ba22/?pl_p=36&pl_m=40,Southgate Wealth Management Ltd,,,,,
https://financialadvisers.co.uk/financial-planning/ilchester-ba22/?pl_p=36&pl_m=40,Hamilton Pullen Financial Planning Ltd,I - IFA,No,,,hamiltonpullenfp.co.uk
https://financialadvisers.co.uk/financial-planning/ilchester-ba22/?pl_p=36&pl_m=40,Biddulph Wealth Management Limited,I - IFA,No,,,obwealth.co.uk
https://financialadvisers.co.uk/financial-planning/ilchester-ba22/?pl_p=36&pl_m=40,Russell Archer,I - Asset Manager without Multi-Asset; I - IFA,No,"1,001-5,000",3514,sjp.co.uk/russellarcher
https://financialadvisers.co.uk/financial-planning/ilchester-ba22/?pl_p=36&pl_m=40,Stuart Boyd,I - IFA,No,,,stuartboydfp.co.uk
https://financialadvisers.co.uk/financial-planning/ilchester-ba22/?pl_p=36&pl_m=40,Frank McMillan,I - IFA,No,,,frankmcmillan.co.uk
https://financialadvisers.co.uk/financial-planning/ilchester-ba22/?pl_p=36&pl_m=40,The Paul Edward Magee Partnership,I - IFA,No,1-10,,paulmageewealthmanagement.co.uk
https://financialadvisers.co.uk/financial-planning/ilchester-ba22/?pl_p=36&pl_m=40,Tiffany Beard,I - IFA,No,,,trbeardwealth.co.uk
https://financialadvisers.co.uk/financial-planning/ilchester-ba22/?pl_p=36&pl_m=40,The Royall Wealth Partnership Limited,I - IFA,No,,,royallwealth.com
https://financialadvisers.co.uk/financial-planning/ilchester-ba22/?pl_p=36&pl_m=40,Severnside Financial Planning Ltd,I - IFA,No,,,severnsidefp.co.uk
https://financialadvisers.co.uk/financial-planning/ilchester-ba22/?pl_p=36&pl_m=40,Milne Wealth Management Limited,I - IFA,No,,,milnewealth.co.uk
https://financialadvisers.co.uk/financial-planning/ilchester-ba22/?pl_p=36&pl_m=40,Jonathan Hull,,,,,
https://financialadvisers.co.uk/financial-planning/ilchester-ba22/?pl_p=36&pl_m=40,Marten Wealth Management,I - IFA,No,,,martenwm.co.uk
https://financialadvisers.co.uk/financial-planning/ilchester-ba22/?pl_p=36&pl_m=40,Tomas O'Neill,I - IFA,No,,,beaconswealth.co.uk
https://financialadvisers.co.uk/financial-planning/ilchester-ba22/?pl_p=36&pl_m=40,Richard Burchnall,I - IFA,No,,,richardburchnall.co.uk
https://financialadvisers.co.uk/financial-planning/ilchester-ba22/?pl_p=37&pl_m=40,BYBROOK WEALTH MANAGEMENT LTD,I - IFA,No,,,bybrookwm.co.uk
https://financialadvisers.co.uk/financial-planning/ilchester-ba22/?pl_p=37&pl_m=40,Laura Joyce,I - IFA,No,,,laurajoycewealthmanagement.co.uk
https://financialadvisers.co.uk/financial-planning/ilchester-ba22/?pl_p=37&pl_m=40,Hartington Financial Consultancy Limited,I - DFM without Centralised Research; I - IFA,No,"1,001-5,000",3514,sjpp.co.uk/andrewevans
https://financialadvisers.co.uk/financial-planning/ilchester-ba22/?pl_p=37&pl_m=40,Romilly Park Wealth Management Ltd,I - IFA,No,,,rpwm.co.uk
https://financialadvisers.co.uk/financial-planning/ilchester-ba22/?pl_p=37&pl_m=40,Probert Financial Ltd,-,Yes,201-500,323,2plan.com
https://financialadvisers.co.uk/financial-planning/ilchester-ba22/?pl_p=37&pl_m=40,Matthew James Piggin,I - IFA,No,,,matthewpigginwm.co.uk
https://financialadvisers.co.uk/financial-planning/ilchester-ba22/?pl_p=37&pl_m=40,Michael Fox,I - IFA,No,,,foxfinancialmanagement.co.uk
https://financialadvisers.co.uk/financial-planning/ilchester-ba22/?pl_p=37&pl_m=40,The Michelle Sheppard Practice Ltd,I - IFA,No,,,michellesheppard.co.uk
https://financialadvisers.co.uk/financial-planning/ilchester-ba22/?pl_p=37&pl_m=40,Sandle Nash Limited,I - IFA,No,1-10,3,sandlenash.co.uk
https://financialadvisers.co.uk/financial-planning/ilchester-ba22/?pl_p=37&pl_m=40,Glamis Limited,I - IFA,No,1-10,5,glamis-ifa.co.uk
https://financialadvisers.co.uk/financial-planning/ilchester-ba22/?pl_p=37&pl_m=40,Officium Private Wealth Ltd,I - IFA,No,1-10,3,officiumwealth.co.uk
https://financialadvisers.co.uk/financial-planning/ilchester-ba22/?pl_p=37&pl_m=40,Regal Independent Financial Services Ltd,I - IFA,No,11-50,6,regalifs.com
https://financialadvisers.co.uk/financial-planning/ilchester-ba22/?pl_p=37&pl_m=40,Andrew Pratt,I - IFA,No,,,andrewpratt.co.uk
https://financialadvisers.co.uk/financial-planning/ilchester-ba22/?pl_p=37&pl_m=40,Golden Gate IFA Ltd,I - IFA,No,1-10,2,goldengateifa.co.uk
https://financialadvisers.co.uk/financial-planning/ilchester-ba22/?pl_p=37&pl_m=40,Spence Financial Ltd,I - IFA,No,,,spencefinancial.co.uk
https://financialadvisers.co.uk/financial-planning/ilchester-ba22/?pl_p=38&pl_m=40,BIRCH FINANCIAL SERVICES LTD,I - IFA,No,,,birchfinancialservices.co.uk
https://financialadvisers.co.uk/financial-planning/ilchester-ba22/?pl_p=38&pl_m=40,Main Financial Solutions,I - IFA,No,,,mainfinancialsolutions.co.uk
https://financialadvisers.co.uk/financial-planning/ilchester-ba22/?pl_p=38&pl_m=40,Ferris & Culverwell Financial Services Ltd,I - IFA,No,51-200,3,ferrisandculverwell.co.uk
https://financialadvisers.co.uk/financial-planning/ilchester-ba22/?pl_p=38&pl_m=40,Devizes Financial Services Ltd,-,Yes,2-10,2,devizesfs.co.uk
https://financialadvisers.co.uk/financial-planning/ilchester-ba22/?pl_p=38&pl_m=40,Kennet Financial Services LLP,I - IFA,No,,,kennetfinancialservices.co.uk
https://financialadvisers.co.uk/financial-planning/ilchester-ba22/?pl_p=38&pl_m=40,AMA Financial Solutions,I - IFA,No,1-10,4,amafs.co.uk
https://financialadvisers.co.uk/financial-planning/ilchester-ba22/?pl_p=38&pl_m=40,Avalon (Bournemouth) Ltd,I - IFA,No,1-10,5,richardstalley.com
https://financialadvisers.co.uk/financial-planning/ilchester-ba22/?pl_p=38&pl_m=40,Opulence Investment Management Limited,I - DFM without Centralised Research; I - IFA,No,1-10,6,o-im.co.uk
https://financialadvisers.co.uk/financial-planning/ilchester-ba22/?pl_p=38&pl_m=40,Peter Hillman,I - IFA,No,,,pjhifa.co.uk
https://financialadvisers.co.uk/financial-planning/ilchester-ba22/?pl_p=38&pl_m=40,Sanctuary Financial Ltd,I - IFA,No,1-10,6,sanfp.co.uk
https://financialadvisers.co.uk/financial-planning/ilchester-ba22/?pl_p=38&pl_m=40,H V Financial Planning Ltd,I - IFA,No,,,hvfp.co.uk
https://financialadvisers.co.uk/financial-planning/ilchester-ba22/?pl_p=38&pl_m=40,Karl Wiltshire,I - IFA,No,,,wiltshirewm.co.uk
https://financialadvisers.co.uk/financial-planning/ilchester-ba22/?pl_p=38&pl_m=40,Blue Sky Financial Planning Limited,I - DFM without Centralised Research; I - IFA,No,11-50,25,blueskyfp.co.uk
https://financialadvisers.co.uk/financial-planning/ilchester-ba22/?pl_p=38&pl_m=40,Spire Independent Financial Planning Ltd,,,,,
https://financialadvisers.co.uk/financial-planning/ilchester-ba22/?pl_p=38&pl_m=40,Breed Elliott (S.W.) Limited,I - IFA,No,,,breedelliott.com
https://financialadvisers.co.uk/financial-planning/ilchester-ba22/?pl_p=39&pl_m=40,Whichers IFA LIMITED,I - IFA,No,11-50,39,dmsluk.com
https://financialadvisers.co.uk/financial-planning/ilchester-ba22/?pl_p=39&pl_m=40,Shipman Wealth Management Ltd,I - IFA,No,51-200,18,shipmanwm.co.uk
https://financialadvisers.co.uk/financial-planning/ilchester-ba22/?pl_p=39&pl_m=40,Shipman Financial Planning Ltd,I - IFA,No,11-50,24,shipmanfp.co.uk
https://financialadvisers.co.uk/financial-planning/ilchester-ba22/?pl_p=39&pl_m=40,Fhoenix Estates Limited,I - IFA,No,1-10,10,fhoenix.com
https://financialadvisers.co.uk/financial-planning/ilchester-ba22/?pl_p=39&pl_m=40,F1rst Financial Services Ltd,I - IFA,No,,,firstfinancialservices.co.uk
https://financialadvisers.co.uk/financial-planning/ilchester-ba22/?pl_p=39&pl_m=40,Struan Financial Management Limited,I - IFA,No,,,struanfm.co.uk
https://financialadvisers.co.uk/financial-planning/ilchester-ba22/?pl_p=39&pl_m=40,Zensco Wealth Management Ltd,I - IFA,No,,,zenscowealth.com
https://financialadvisers.co.uk/financial-planning/ilchester-ba22/?pl_p=39&pl_m=40,Dave Barry Wealth Management Limited,,,,,
https://financialadvisers.co.uk/financial-planning/ilchester-ba22/?pl_p=39&pl_m=40,ValidPath Limited,I - IFA,No,51-200,44,validpath.co.uk
https://financialadvisers.co.uk/financial-planning/ilchester-ba22/?pl_p=39&pl_m=40,ValidPath Financial Limited,I - IFA,No,51-200,21,rimbal.com
https://financialadvisers.co.uk/financial-planning/ilchester-ba22/?pl_p=39&pl_m=40,Annetts & Orchard Ltd,I - IFA,No,,,annettsandorchard.co.uk
https://financialadvisers.co.uk/financial-planning/ilchester-ba22/?pl_p=39&pl_m=40,Lee Perkes,I - IFA,No,,,leeperkes.co.uk
https://financialadvisers.co.uk/financial-planning/ilchester-ba22/?pl_p=39&pl_m=40,The Wealth Care Partnership Limited,I - IFA,No,11-50,6,thewealthcarepartnership.co.uk
https://financialadvisers.co.uk/financial-planning/ilchester-ba22/?pl_p=39&pl_m=40,Bevan Charles Limited,I - IFA,No,,,bevancharles.co.uk
https://financialadvisers.co.uk/financial-planning/ilchester-ba22/?pl_p=39&pl_m=40,PENGUIN WEALTH PLANNERS LIMITED,I - IFA,No,11-50,46,penguinwealth.com
https://financialadvisers.co.uk/financial-planning/ilchester-ba22/?pl_p=40&pl_m=40,Gresham Financial Limited,I - IFA,No,1-10,5,greshamfinancial.co.uk
https://financialadvisers.co.uk/financial-planning/ilchester-ba22/?pl_p=40&pl_m=40,Liverpool Victoria Financial Advice Services Limited,I - IFA,No,"1,001-5,000",3491,lv.com
https://financialadvisers.co.uk/financial-planning/ilchester-ba22/?pl_p=40&pl_m=40,Maidenhead Independent Limited,,,,,
https://financialadvisers.co.uk/financial-planning/ilchester-ba22/?pl_p=40&pl_m=40,Hurst Financial Consultancy Limited,I - IFA,No,,,unbiased-advice.co.uk
https://financialadvisers.co.uk/financial-planning/ilchester-ba22/?pl_p=40&pl_m=40,GBIM Limited,I - DFM without Centralised Research; I - IFA,No,11-50,17,gbim.co.uk
https://financialadvisers.co.uk/financial-planning/ilchester-ba22/?pl_p=40&pl_m=40,Windsor Financial Services,I - IFA,No,,,windsorfinancial.co.uk
https://financialadvisers.co.uk/financial-planning/ilchester-ba22/?pl_p=40&pl_m=40,GoddardFry Wealth Management Limited,I - IFA,No,1-10,5,goddardfry.co.uk
https://financialadvisers.co.uk/financial-planning/ilchester-ba22/?pl_p=40&pl_m=40,Casterbridge Wealth Limited,I - IFA,No,11-50,29,casterbridgewealth.co.uk
https://financialadvisers.co.uk/financial-planning/ilchester-ba22/?pl_p=40&pl_m=40,Dominic Batty,I - IFA,No,,,foresightfs.co.uk
https://financialadvisers.co.uk/financial-planning/ilchester-ba22/?pl_p=40&pl_m=40,Cobalt II Limited,I - IFA,No,,,cobaltmoney.com
https://financialadvisers.co.uk/financial-planning/ilchester-ba22/?pl_p=40&pl_m=40,Talbot Woods Wealth Management Ltd,,,,,
https://financialadvisers.co.uk/financial-planning/ilchester-ba22/?pl_p=40&pl_m=40,Tony Tyler Financial Services Ltd,I - IFA,No,1-10,4,tonytylerfinancialservices.co.uk
https://financialadvisers.co.uk/financial-planning/ilchester-ba22/?pl_p=40&pl_m=40,Tailormade Financial Services Limited,I - IFA,No,,,tailormade-ifa.com
https://financialadvisers.co.uk/financial-planning/ilchester-ba22/?pl_p=40&pl_m=40,FD Cummins Financial Planning Limited,I - IFA,No,"5,001-10,000",2710,mandgwealth.com/fdcumminsfinancialplanning
https://financialadvisers.co.uk/financial-planning/ilchester-ba22/?pl_p=40&pl_m=40,Sound Mortgage Solutions Ltd,I - IFA,No,,3,soundmortgagesolutions.co.uk
https://financialadvisers.co.uk/financial-planning/ilchester-ba22/?pl_p=41&pl_m=40,Heron Wealth Management Limited,I - IFA,No,,,heronwm.co.uk
https://financialadvisers.co.uk/financial-planning/ilchester-ba22/?pl_p=41&pl_m=40,JWA Financial Planning Ltd,I - IFA,No,,,jwafinance.com
https://financialadvisers.co.uk/financial-planning/ilchester-ba22/?pl_p=41&pl_m=40,Charlwood IFA Limited,I - IFA,No,1-10,4,charlwoodifa.com
https://financialadvisers.co.uk/financial-planning/ilchester-ba22/?pl_p=41&pl_m=40,Bryant Associates Wealth Management Limited,I - IFA,No,,,bryantassociates.co.uk
https://financialadvisers.co.uk/financial-planning/ilchester-ba22/?pl_p=41&pl_m=40,Edward Chappell Financial Services Ltd,I - IFA,No,1-10,,edwardchappell.co.uk
https://financialadvisers.co.uk/financial-planning/ilchester-ba22/?pl_p=41&pl_m=40,Sierra Asset Management Limited,I - IFA,No,,,sierraam.co.uk
https://financialadvisers.co.uk/financial-planning/ilchester-ba22/?pl_p=41&pl_m=40,Littlewell Financial Management Limited,I - IFA,No,,,littlewell.co.uk
https://financialadvisers.co.uk/financial-planning/ilchester-ba22/?pl_p=41&pl_m=40,St George's Financial Services Ltd,I - IFA,No,,,stgeorgesfs.co.uk
https://financialadvisers.co.uk/financial-planning/ilchester-ba22/?pl_p=41&pl_m=40,GH Financial Solutions,I - IFA,No,,,ghfinancialsolutions.co.uk
https://financialadvisers.co.uk/financial-planning/ilchester-ba22/?pl_p=41&pl_m=40,FTA Financial & Wealth Management Limited,I - IFA,No,1-10,4,meridian-financial.co.uk
https://financialadvisers.co.uk/financial-planning/ilchester-ba22/?pl_p=41&pl_m=40,Archytas Corporate Planning Ltd,I - IFA,No,1-10,1,archytas-strategic.com
https://financialadvisers.co.uk/financial-planning/ilchester-ba22/?pl_p=41&pl_m=40,Jigsaw Financial Planning Limited,I - IFA,No,,,jigsaw-fp.co.uk
https://financialadvisers.co.uk/financial-planning/ilchester-ba22/?pl_p=41&pl_m=40,Financial Innovations,I - IFA,No,,,fin-innovations.com
https://financialadvisers.co.uk/financial-planning/ilchester-ba22/?pl_p=41&pl_m=40,David Gunter,I - IFA,No,1-10,2,quintetfinancial.com
https://financialadvisers.co.uk/financial-planning/ilchester-ba22/?pl_p=41&pl_m=40,Consilium Asset Management Limited,I - IFA,No,1-10,2,consilium-ifa.co.uk
https://financialadvisers.co.uk/financial-planning/ilchester-ba22/?pl_p=42&pl_m=40,Strategic Solutions Financial Services,I - DFM without Centralised Research; I - IFA,No,11-50,43,ssfs.co.uk
https://financialadvisers.co.uk/financial-planning/ilchester-ba22/?pl_p=42&pl_m=40,Hugh James Solicitors,I - IFA,No,"501-1,000",697,hughjames.com
https://financialadvisers.co.uk/financial-planning/ilchester-ba22/?pl_p=42&pl_m=40,The Exeter Practice Limited,I - IFA,No,,,boulterbowen.co.uk
https://financialadvisers.co.uk/financial-planning/ilchester-ba22/?pl_p=42&pl_m=40,Strawberry Invest Limited,I - IFA,No,1-10,4,strawberryinvest.com
https://financialadvisers.co.uk/financial-planning/ilchester-ba22/?pl_p=42&pl_m=40,JLW Financial Solutions Ltd,I - IFA,No,,,jlwifa.co.uk
https://financialadvisers.co.uk/financial-planning/ilchester-ba22/?pl_p=42&pl_m=40,Bespoke Financial Advice Limited,I - IFA,No,,1,bespokefinancial.co.uk
https://financialadvisers.co.uk/financial-planning/ilchester-ba22/?pl_p=42&pl_m=40,ROCKWEALTH CARDIFF LTD,I - IFA,No,,,cardiff-ifa.co.uk
https://financialadvisers.co.uk/financial-planning/ilchester-ba22/?pl_p=42&pl_m=40,Tracey Payne,I - IFA,No,"1,001-5,000",3514,partnership.sjp.co.uk/partner/traceypayne
https://financialadvisers.co.uk/financial-planning/ilchester-ba22/?pl_p=42&pl_m=40,Headstart Financial Planning Limited,I - IFA,No,1-10,1,headstartfinancialplanning.co.uk
https://financialadvisers.co.uk/financial-planning/ilchester-ba22/?pl_p=42&pl_m=40,Lionel David Eustace Thomas,I - IFA,No,,,thomas-crown.co.uk
https://financialadvisers.co.uk/financial-planning/ilchester-ba22/?pl_p=42&pl_m=40,Mint FS Limited,I - IFA,No,1-10,7,mintfinancialservices.co.uk
https://financialadvisers.co.uk/financial-planning/ilchester-ba22/?pl_p=42&pl_m=40,Keith Montgomery Associates Limited,I - IFA,No,1-10,3,montgomeryassociates.co.uk
https://financialadvisers.co.uk/financial-planning/ilchester-ba22/?pl_p=42&pl_m=40,Finhawk Mortgages Ltd,I - IFA,No,1-10,2,finhawkmortgages.co.uk
https://financialadvisers.co.uk/financial-planning/ilchester-ba22/?pl_p=42&pl_m=40,William Perkins,I - IFA,No,,,ifa.eu.com
https://financialadvisers.co.uk/financial-planning/ilchester-ba22/?pl_p=42&pl_m=40,Huw Williams,,,,,
https://financialadvisers.co.uk/financial-planning/ilchester-ba22/?pl_p=43&pl_m=40,Hill & Co Financial Advisers Ltd,I - IFA,No,,,hillandcofa.co.uk
https://financialadvisers.co.uk/financial-planning/ilchester-ba22/?pl_p=43&pl_m=40,Jolyon Roderick,I - IFA,No,,,jolyonroderickfp.co.uk
https://financialadvisers.co.uk/financial-planning/ilchester-ba22/?pl_p=43&pl_m=40,GE Wealth Management Ltd,I - IFA,No,,,gewealthmanagement.co.uk
https://financialadvisers.co.uk/financial-planning/ilchester-ba22/?pl_p=43&pl_m=40,Habitual Wealth Ltd,,,,,
https://financialadvisers.co.uk/financial-planning/ilchester-ba22/?pl_p=43&pl_m=40,Richard John Owens,I - IFA,No,,,owenswealthmanagement.co.uk
https://financialadvisers.co.uk/financial-planning/ilchester-ba22/?pl_p=43&pl_m=40,Joel Golding,I - IFA,No,"1,001-5,000",3514,partnership.sjp.co.uk/partner/goldingwealth
https://financialadvisers.co.uk/financial-planning/ilchester-ba22/?pl_p=43&pl_m=40,Lauren Carless,I - IFA,No,"1,001-5,000",3514,partnership.sjp.co.uk/partner/lcfinancialplanning
https://financialadvisers.co.uk/financial-planning/ilchester-ba22/?pl_p=43&pl_m=40,JP Private Clients LLP,I - IFA,No,,,jpprivateclients.co.uk
https://financialadvisers.co.uk/financial-planning/ilchester-ba22/?pl_p=43&pl_m=40,Paul Jones,I - IFA,No,,,pjwealth.co.uk
https://financialadvisers.co.uk/financial-planning/ilchester-ba22/?pl_p=43&pl_m=40,Jeremy Coltman,I - IFA,No,1,1,jeremycoltmanwm.co.uk
https://financialadvisers.co.uk/financial-planning/ilchester-ba22/?pl_p=43&pl_m=40,Suzanne Ward,I - IFA,No,,,bloomfinancialplanning.co.uk
https://financialadvisers.co.uk/financial-planning/ilchester-ba22/?pl_p=43&pl_m=40,Marion Small,,,,,
https://financialadvisers.co.uk/financial-planning/ilchester-ba22/?pl_p=43&pl_m=40,Matthew Norman,I - IFA,No,,,hyderfinancial.co.uk
https://financialadvisers.co.uk/financial-planning/ilchester-ba22/?pl_p=43&pl_m=40,Daniel Jones,Invalid domain,No,,,partnership.sjp.co.ukpartnerdanieljones
https://financialadvisers.co.uk/financial-planning/ilchester-ba22/?pl_p=43&pl_m=40,Tom Sterling,I - IFA,No,"1,001-5,000",3514,partnership.sjp.co.uk/partner/tomsterling
https://financialadvisers.co.uk/financial-planning/ilchester-ba22/?pl_p=44&pl_m=40,Cepen Independent Financial Advice Limited,,,,,
https://financialadvisers.co.uk/financial-planning/ilchester-ba22/?pl_p=44&pl_m=40,The Financial Assets Management Consultancy Limited,I - IFA,No,,,clara.co.uk
https://financialadvisers.co.uk/financial-planning/ilchester-ba22/?pl_p=44&pl_m=40,Harry Robinson Wealth Management Limited,I - IFA,No,,,harryrobinsonwm.co.uk
https://financialadvisers.co.uk/financial-planning/ilchester-ba22/?pl_p=44&pl_m=40,Andy Ingram,I - IFA,No,,2,ingramwealthmanagement.co.uk
https://financialadvisers.co.uk/financial-planning/ilchester-ba22/?pl_p=44&pl_m=40,Robert Liam Ingram,I - IFA,No,1-10,,robingram.co.uk
https://financialadvisers.co.uk/financial-planning/ilchester-ba22/?pl_p=44&pl_m=40,Adam Hughes Wealth Management Ltd,I - IFA,No,,,ahwm.co.uk
https://financialadvisers.co.uk/financial-planning/ilchester-ba22/?pl_p=44&pl_m=40,TD Financial Ltd,I - IFA,No,1-10,4,tdfinancial.co.uk
https://financialadvisers.co.uk/financial-planning/ilchester-ba22/?pl_p=44&pl_m=40,David Spence Financial Options,I - IFA,No,,,dspence.com
https://financialadvisers.co.uk/financial-planning/ilchester-ba22/?pl_p=44&pl_m=40,Optimal Planning Ltd,I - IFA,No,1-10,2,optimalplanning.co.uk
https://financialadvisers.co.uk/financial-planning/ilchester-ba22/?pl_p=44&pl_m=40,AOJV1 Limited,I - IFA,No,1-10,12,adv-accountancy.co.uk
https://financialadvisers.co.uk/financial-planning/ilchester-ba22/?pl_p=44&pl_m=40,Nine Wealth Management LLP,I - IFA,No,1-10,9,ninewealth.co.uk
https://financialadvisers.co.uk/financial-planning/ilchester-ba22/?pl_p=44&pl_m=40,Morris Paley Wealth Management Limited,I - IFA,No,1-10,2,morrispaleywealth.com
https://financialadvisers.co.uk/financial-planning/ilchester-ba22/?pl_p=44&pl_m=40,Tudor House Financial Services Limited,I - IFA,No,1-10,3,tudorhousefs.co.uk
https://financialadvisers.co.uk/financial-planning/ilchester-ba22/?pl_p=44&pl_m=40,Macsen Wealth Management Ltd,I - IFA,No,11-50,3,macsenwealth.com
https://financialadvisers.co.uk/financial-planning/ilchester-ba22/?pl_p=44&pl_m=40,Dugdale Taylor Ltd,I - IFA,No,,6,dtandco.com
https://financialadvisers.co.uk/financial-planning/ilchester-ba22/?pl_p=45&pl_m=40,Burley Fox Limited,I - IFA,No,1-10,9,burleyfox.com
https://financialadvisers.co.uk/financial-planning/ilchester-ba22/?pl_p=45&pl_m=40,Argentis Financial Planning Ltd,I - IFA,No,201-500,102,argentis.co.uk
https://financialadvisers.co.uk/financial-planning/ilchester-ba22/?pl_p=45&pl_m=40,Greenaway Financial Planning Limited,I - IFA,No,"5,001-10,000",2710,mandgwealth.com/greenawayfinancialplanning
https://financialadvisers.co.uk/financial-planning/ilchester-ba22/?pl_p=45&pl_m=40,Independence Assured Ltd,I - IFA,No,,,independenceassured.com
https://financialadvisers.co.uk/financial-planning/ilchester-ba22/?pl_p=45&pl_m=40,Perry Insurance Consultants Ltd,I - IFA,No,,,aol.com
https://financialadvisers.co.uk/financial-planning/ilchester-ba22/?pl_p=45&pl_m=40,Wynford Davies & Co,,,,,
https://financialadvisers.co.uk/financial-planning/ilchester-ba22/?pl_p=45&pl_m=40,Mander Duffill Financial Services Ltd,I - IFA,No,51-200,17,manderduffill.com
https://financialadvisers.co.uk/financial-planning/ilchester-ba22/?pl_p=45&pl_m=40,Mander Duffill Financial Advisers Ltd,I - IFA,No,51-200,17,manderduffill.com
https://financialadvisers.co.uk/financial-planning/ilchester-ba22/?pl_p=45&pl_m=40,Owl Private Office Holdings Limited,I - IFA,No,,2,owlprivate.co.uk
https://financialadvisers.co.uk/financial-planning/ilchester-ba22/?pl_p=45&pl_m=40,Chilvester Limited,I - IFA,No,11-50,12,chilvester.co.uk
https://financialadvisers.co.uk/financial-planning/ilchester-ba22/?pl_p=45&pl_m=40,Financial Planning (Wales) Ltd,I - IFA,No,,,financialplanningwales.co.uk
https://financialadvisers.co.uk/financial-planning/ilchester-ba22/?pl_p=45&pl_m=40,Portland Wealth Management Ltd,I - IFA,No,1-10,1,portlandwm.com
