Source,Company Name,Website Link
https://financialadvisers.co.uk/financial-planning/derry-londonderry/?pl_p=1&pl_m=40,Foyle Financial Ltd,foylefinancial.co.uk
https://financialadvisers.co.uk/financial-planning/derry-londonderry/?pl_p=1&pl_m=40,Yodelar Investments Limited,yodelar.com
https://financialadvisers.co.uk/financial-planning/derry-londonderry/?pl_p=1&pl_m=40,KMC Wealth Management Ltd,kmcwealthmanagement.co.uk
https://financialadvisers.co.uk/financial-planning/derry-londonderry/?pl_p=1&pl_m=40,James Armstrong,
https://financialadvisers.co.uk/financial-planning/derry-londonderry/?pl_p=1&pl_m=40,Neil Allan,derrymortgagecentre.com
https://financialadvisers.co.uk/financial-planning/derry-londonderry/?pl_p=1&pl_m=40,Brian Guy,partnership.sjp.co.uk/partner/brianguy
https://financialadvisers.co.uk/financial-planning/derry-londonderry/?pl_p=1&pl_m=40,Barry Guy,sjpp.co.uk/barryguy
https://financialadvisers.co.uk/financial-planning/derry-londonderry/?pl_p=1&pl_m=40,Irvin H Osbourne,
https://financialadvisers.co.uk/financial-planning/derry-londonderry/?pl_p=1&pl_m=40,Strabane Mortgage Centre Ltd,strabanemortgagecentre.net
https://financialadvisers.co.uk/financial-planning/derry-londonderry/?pl_p=1&pl_m=40,Derek A Forsythe Financial Advisors Ltd,
https://financialadvisers.co.uk/financial-planning/derry-londonderry/?pl_p=1&pl_m=40,Wallace Financial Services,
https://financialadvisers.co.uk/financial-planning/derry-londonderry/?pl_p=1&pl_m=40,Sharon Quinn,sharonquinnfp.co.uk
https://financialadvisers.co.uk/financial-planning/derry-londonderry/?pl_p=1&pl_m=40,Aidan O'Neill,
https://financialadvisers.co.uk/financial-planning/derry-londonderry/?pl_p=1&pl_m=40,Clarke Financial Planning Ltd,clarkefinancialplanning.co.uk
https://financialadvisers.co.uk/financial-planning/derry-londonderry/?pl_p=1&pl_m=40,Lodge Financial Advice Ltd,lodgefinancial.co.uk
https://financialadvisers.co.uk/financial-planning/derry-londonderry/?pl_p=2&pl_m=40,Capital Trust Financial Management LTD,capitaltrust.co.uk
https://financialadvisers.co.uk/financial-planning/derry-londonderry/?pl_p=2&pl_m=40,S R Smyth,srsmyth.co.uk
https://financialadvisers.co.uk/financial-planning/derry-londonderry/?pl_p=2&pl_m=40,Arkinson Mortgage & Investment Solutions Ltd,arkinson-ifa.co.uk
https://financialadvisers.co.uk/financial-planning/derry-londonderry/?pl_p=2&pl_m=40,Bradley Financial Services Limited,
https://financialadvisers.co.uk/financial-planning/derry-londonderry/?pl_p=2&pl_m=40,The Mortgage Advice Centre,themortgageadvicecentre.net
https://financialadvisers.co.uk/financial-planning/derry-londonderry/?pl_p=2&pl_m=40,Gibson Financial Planning Ltd,gibsonfp.com
https://financialadvisers.co.uk/financial-planning/derry-londonderry/?pl_p=2&pl_m=40,Gerard Moore,partnership.sjp.co.ukpartnergerardmoore
https://financialadvisers.co.uk/financial-planning/derry-londonderry/?pl_p=2&pl_m=40,KCM Wealth Management Ltd,kcmwm.co.uk
https://financialadvisers.co.uk/financial-planning/derry-londonderry/?pl_p=2&pl_m=40,Universal Finance (Omagh) Ltd,universal-finance.co.uk
https://financialadvisers.co.uk/financial-planning/derry-londonderry/?pl_p=2&pl_m=40,HR Wilson Associates Ltd,hrwilsonassociates.com
https://financialadvisers.co.uk/financial-planning/derry-londonderry/?pl_p=2&pl_m=40,Sean Hurson,
https://financialadvisers.co.uk/financial-planning/derry-londonderry/?pl_p=2&pl_m=40,MBFS Financial Ltd,mbfs-financial.com
https://financialadvisers.co.uk/financial-planning/derry-londonderry/?pl_p=2&pl_m=40,Devine Wealth Management,partnership.sjp.co.uk/devinewealthmanagement
https://financialadvisers.co.uk/financial-planning/derry-londonderry/?pl_p=2&pl_m=40,Peter Falls,
https://financialadvisers.co.uk/financial-planning/derry-londonderry/?pl_p=2&pl_m=40,Temple Gray Limited,templegray.co.uk
https://financialadvisers.co.uk/financial-planning/derry-londonderry/?pl_p=3&pl_m=40,Verity Pensions Ltd,verityfinancial.co.uk
https://financialadvisers.co.uk/financial-planning/derry-londonderry/?pl_p=3&pl_m=40,Dean Financial Solutions,deanfinancialsolutions.co.uk
https://financialadvisers.co.uk/financial-planning/derry-londonderry/?pl_p=3&pl_m=40,Astute Financial Limited,astuteni.com
https://financialadvisers.co.uk/financial-planning/derry-londonderry/?pl_p=3&pl_m=40,Karen Donnelly,karendonnelly.co.uk
https://financialadvisers.co.uk/financial-planning/derry-londonderry/?pl_p=3&pl_m=40,JMC Wealth Management Ltd,JMCWEALTH.CO.UK
https://financialadvisers.co.uk/financial-planning/derry-londonderry/?pl_p=3&pl_m=40,Kenneth Brown Financial Services Ltd,
https://financialadvisers.co.uk/financial-planning/derry-londonderry/?pl_p=3&pl_m=40,Peter Mulrone,petermulronefp.co.uk
https://financialadvisers.co.uk/financial-planning/derry-londonderry/?pl_p=3&pl_m=40,AD Mitchell Financial Planning Ltd,admitchellfinancialplanning.co.uk
https://financialadvisers.co.uk/financial-planning/derry-londonderry/?pl_p=3&pl_m=40,From Acorns Financial Planning Ltd,fromacornsfp.com
https://financialadvisers.co.uk/financial-planning/derry-londonderry/?pl_p=3&pl_m=40,Corin Berry Associates Limited,corinberryassociates.com
https://financialadvisers.co.uk/financial-planning/derry-londonderry/?pl_p=3&pl_m=40,Darryl Martin Investments Limited,darrylmartin.co.uk
https://financialadvisers.co.uk/financial-planning/derry-londonderry/?pl_p=3&pl_m=40,Absolute Protection and Wealth  Ltd,
https://financialadvisers.co.uk/financial-planning/derry-londonderry/?pl_p=3&pl_m=40,McGlone & McCabe Estate Agents & Financial Services,mcglonemccabe.com
https://financialadvisers.co.uk/financial-planning/derry-londonderry/?pl_p=3&pl_m=40,B McKernan & Co Ltd,bmckernan.co.uk
