Source,Company Name,Website Link
https://financialadvisers.co.uk/financial-planning/dumbarton/?pl_p=1&pl_m=40,Strathleven Financial Services Ltd,strathlevenfinancialservicessites.simplymembersites.co.uk
https://financialadvisers.co.uk/financial-planning/dumbarton/?pl_p=1&pl_m=40,Gordon McNaughton,partnership.sjp.co.uk/partner/mcnaughtonwealth
https://financialadvisers.co.uk/financial-planning/dumbarton/?pl_p=1&pl_m=40,Patrick Kane,partnership.sjp.co.uk/partner/patkanewm
https://financialadvisers.co.uk/financial-planning/dumbarton/?pl_p=1&pl_m=40,Lomond Financial Management Limited,lomondfinancial.com
https://financialadvisers.co.uk/financial-planning/dumbarton/?pl_p=1&pl_m=40,Advanced (Scotland) Limited,advancedonline.co.uk
https://financialadvisers.co.uk/financial-planning/dumbarton/?pl_p=1&pl_m=40,Avonbrae Financial Services Limited,
https://financialadvisers.co.uk/financial-planning/dumbarton/?pl_p=1&pl_m=40,North of Scotland Financial Services Ltd,mandgwealth.com/northofscotlandfinancialservices
https://financialadvisers.co.uk/financial-planning/dumbarton/?pl_p=1&pl_m=40,Brierie Financial Planning Ltd,brieriefp.co.uk
https://financialadvisers.co.uk/financial-planning/dumbarton/?pl_p=1&pl_m=40,Gerald Mulhern,
https://financialadvisers.co.uk/financial-planning/dumbarton/?pl_p=1&pl_m=40,Affluent Financial Planning Ltd,affluentfp.co.uk
https://financialadvisers.co.uk/financial-planning/dumbarton/?pl_p=1&pl_m=40,Stewart IFA Ltd,stewartifa.co.uk
https://financialadvisers.co.uk/financial-planning/dumbarton/?pl_p=1&pl_m=40,Docherty & Co Financial Services Limited,men.com
https://financialadvisers.co.uk/financial-planning/dumbarton/?pl_p=1&pl_m=40,J McGhee (Financial Consultant) Ltd,
https://financialadvisers.co.uk/financial-planning/dumbarton/?pl_p=1&pl_m=40,Brandane Financial Services Ltd,brandaneifa.com
https://financialadvisers.co.uk/financial-planning/dumbarton/?pl_p=1&pl_m=40,Clydebank Financial Services Ltd,clydebankmm.co.uk
https://financialadvisers.co.uk/financial-planning/dumbarton/?pl_p=2&pl_m=40,CK Financial Advisory Ltd,mortgage-shop-greenock.co.uk
https://financialadvisers.co.uk/financial-planning/dumbarton/?pl_p=2&pl_m=40,JC Roxburgh (Financial Services) Limited,roxburgh-group.co.uk
https://financialadvisers.co.uk/financial-planning/dumbarton/?pl_p=2&pl_m=40,Eleanor Bruce,eleanorbrucewealth.co.uk
https://financialadvisers.co.uk/financial-planning/dumbarton/?pl_p=2&pl_m=40,Advantage Wealth Management Ltd,advantagewealthmanagement.co.uk
https://financialadvisers.co.uk/financial-planning/dumbarton/?pl_p=2&pl_m=40,Gary Breslin,breslinfs.co.uk
https://financialadvisers.co.uk/financial-planning/dumbarton/?pl_p=2&pl_m=40,GPD Mortgage Solutions Ltd,gpdmortgagesolutions.co.uk
https://financialadvisers.co.uk/financial-planning/dumbarton/?pl_p=2&pl_m=40,Phoenix Wealth Solutions Limited,phoenixwealthsolutions.com
https://financialadvisers.co.uk/financial-planning/dumbarton/?pl_p=2&pl_m=40,D2 Financial Solutions (UK) Ltd,d2cs.com
https://financialadvisers.co.uk/financial-planning/dumbarton/?pl_p=2&pl_m=40,Financial Planning Objectives Limited,finplan.co.uk
https://financialadvisers.co.uk/financial-planning/dumbarton/?pl_p=2&pl_m=40,Perspect Financial Planning Limited,
https://financialadvisers.co.uk/financial-planning/dumbarton/?pl_p=2&pl_m=40,James Anderson Barr t/a Anderson Barr Consultants,andersonbarrconsultants.co.uk
https://financialadvisers.co.uk/financial-planning/dumbarton/?pl_p=2&pl_m=40,Independent First Limited,independentfirst.com
https://financialadvisers.co.uk/financial-planning/dumbarton/?pl_p=2&pl_m=40,AKL Financial Management Limited,aklfm.co.uk
https://financialadvisers.co.uk/financial-planning/dumbarton/?pl_p=2&pl_m=40,Milne Craig,milnecraig.co.uk
https://financialadvisers.co.uk/financial-planning/dumbarton/?pl_p=2&pl_m=40,Alan Roderick Thomson Waugh,agilityfinancialmanagement.co.uk
https://financialadvisers.co.uk/financial-planning/dumbarton/?pl_p=3&pl_m=40,Cochran Dickie & MacKenzie Limited,cochrandickie.co.uk
https://financialadvisers.co.uk/financial-planning/dumbarton/?pl_p=3&pl_m=40,Financial Planning Options Ltd,fpoptions.co.uk
https://financialadvisers.co.uk/financial-planning/dumbarton/?pl_p=3&pl_m=40,Advanced Financial Strategies Ltd,advancedfinancialstrategies.co.uk
https://financialadvisers.co.uk/financial-planning/dumbarton/?pl_p=3&pl_m=40,Grant Morrison,scopefinancial.co.uk
https://financialadvisers.co.uk/financial-planning/dumbarton/?pl_p=3&pl_m=40,Garthland Wealth Limited,partnership.sjp.co.uk/partner/robertheron
https://financialadvisers.co.uk/financial-planning/dumbarton/?pl_p=3&pl_m=40,CNB Wealth Management Limited,partnership.sjp.co.uk/partner/chrisbrown
https://financialadvisers.co.uk/financial-planning/dumbarton/?pl_p=3&pl_m=40,James Irvine Financial Planning Limited,
https://financialadvisers.co.uk/financial-planning/dumbarton/?pl_p=3&pl_m=40,Independent Financial Advice Centre (Glasgow) Ltd,ifacentre.net
https://financialadvisers.co.uk/financial-planning/dumbarton/?pl_p=3&pl_m=40,St Clair Financial Planning Ltd,stclairfinancialplanning.co.uk
https://financialadvisers.co.uk/financial-planning/dumbarton/?pl_p=3&pl_m=40,Lockhart Grey Financial Planning Ltd,lockhartgrey.co.uk
https://financialadvisers.co.uk/financial-planning/dumbarton/?pl_p=3&pl_m=40,Peter Reilly,prfinancial.co.uk
https://financialadvisers.co.uk/financial-planning/dumbarton/?pl_p=3&pl_m=40,Selwyn Goldberg,millernairngoldberg.co.uk
https://financialadvisers.co.uk/financial-planning/dumbarton/?pl_p=3&pl_m=40,Arthur Beverly Financial Management Limited,abfm.co.uk
https://financialadvisers.co.uk/financial-planning/dumbarton/?pl_p=3&pl_m=40,Wisdom Consulting Limited,wisdomconsulting.co.uk
https://financialadvisers.co.uk/financial-planning/dumbarton/?pl_p=3&pl_m=40,Bespoke Retirements Limited,guiide.co.uk
https://financialadvisers.co.uk/financial-planning/dumbarton/?pl_p=4&pl_m=40,Farrell Financial Planning Limited,ffpgroup.co.uk
https://financialadvisers.co.uk/financial-planning/dumbarton/?pl_p=4&pl_m=40,Lamont Financial Planners Ltd,openwork.uk.com
https://financialadvisers.co.uk/financial-planning/dumbarton/?pl_p=4&pl_m=40,Astute Invest Ltd,astuteinvest.co.uk
https://financialadvisers.co.uk/financial-planning/dumbarton/?pl_p=4&pl_m=40,Money Advice & Planning Ltd,mapfinances.co.uk
https://financialadvisers.co.uk/financial-planning/dumbarton/?pl_p=4&pl_m=40,Macdonalds Independent Financial Advisers Limited,
https://financialadvisers.co.uk/financial-planning/dumbarton/?pl_p=4&pl_m=40,Scotia Independent Financial Services,scotiaindependent.com
https://financialadvisers.co.uk/financial-planning/dumbarton/?pl_p=4&pl_m=40,PFM Financial Ltd,pfmfinancial.co.uk
https://financialadvisers.co.uk/financial-planning/dumbarton/?pl_p=4&pl_m=40,Alistair Craig Financial Services Ltd,bakermckenzie.com
https://financialadvisers.co.uk/financial-planning/dumbarton/?pl_p=4&pl_m=40,Personal Investment Planning Ltd,pipglasgow.co.uk
https://financialadvisers.co.uk/financial-planning/dumbarton/?pl_p=4&pl_m=40,Capital Independent Financial Consultants Ltd,capitalifc.com
https://financialadvisers.co.uk/financial-planning/dumbarton/?pl_p=4&pl_m=40,Hicks & McNish LLP,hicksandmcnish.org
https://financialadvisers.co.uk/financial-planning/dumbarton/?pl_p=4&pl_m=40,Calcluth and Sangster Limited,calcuthandsangsterfs.co.uk
https://financialadvisers.co.uk/financial-planning/dumbarton/?pl_p=4&pl_m=40,Calcluth & Sangster (Financial Services) Limited,calcluthandsangster.co.uk
https://financialadvisers.co.uk/financial-planning/dumbarton/?pl_p=4&pl_m=40,Ralph M Mitchell Financial Planning Ltd,openwork.uk.com
https://financialadvisers.co.uk/financial-planning/dumbarton/?pl_p=4&pl_m=40,Moran Wealth Management Ltd,moranwealthmanagement.co.uk
https://financialadvisers.co.uk/financial-planning/dumbarton/?pl_p=5&pl_m=40,John Delaney Financial Planning Ltd,
https://financialadvisers.co.uk/financial-planning/dumbarton/?pl_p=5&pl_m=40,Professional Wealth Planning Limited,pwplan.co.uk
https://financialadvisers.co.uk/financial-planning/dumbarton/?pl_p=5&pl_m=40,MB Wealth Management Limited,mbwealthmanagement.co.uk
https://financialadvisers.co.uk/financial-planning/dumbarton/?pl_p=5&pl_m=40,McLeod Ross Financial Planning LLP,mcleodross.com
https://financialadvisers.co.uk/financial-planning/dumbarton/?pl_p=5&pl_m=40,CIB Financial Management Limited,cibfinancialmanagement.co.uk
https://financialadvisers.co.uk/financial-planning/dumbarton/?pl_p=5&pl_m=40,Mackenzie Taylor Asset Management Limited,mtassetmanagement.co.uk
https://financialadvisers.co.uk/financial-planning/dumbarton/?pl_p=5&pl_m=40,The Internet IFA Ltd,adassociates.co.uk
https://financialadvisers.co.uk/financial-planning/dumbarton/?pl_p=5&pl_m=40,Orr Kerr Dykes Financial Services Limited,okdfs.co.uk
https://financialadvisers.co.uk/financial-planning/dumbarton/?pl_p=5&pl_m=40,Optimize Financial Solutions Limited,kpwinvestments.co.uk
https://financialadvisers.co.uk/financial-planning/dumbarton/?pl_p=5&pl_m=40,Begley Brown Financial Solutions Ltd,begleybrown.co.uk
https://financialadvisers.co.uk/financial-planning/dumbarton/?pl_p=5&pl_m=40,KPW Investments LLP,kpwinvestments.co.uk
https://financialadvisers.co.uk/financial-planning/dumbarton/?pl_p=5&pl_m=40,Henderson Stone & Co Ltd,hendersonstone.co.uk
https://financialadvisers.co.uk/financial-planning/dumbarton/?pl_p=5&pl_m=40,Leven Wealth Management Limited,levenwealth.co.uk
https://financialadvisers.co.uk/financial-planning/dumbarton/?pl_p=5&pl_m=40,Henderson Stone Asset Management Limited,pensionadvicescotland.com
https://financialadvisers.co.uk/financial-planning/dumbarton/?pl_p=5&pl_m=40,Nexus Wealth Planning Ltd,nexuswp.co.uk
https://financialadvisers.co.uk/financial-planning/dumbarton/?pl_p=6&pl_m=40,Colin R Bauld,finchwealth.com
https://financialadvisers.co.uk/financial-planning/dumbarton/?pl_p=6&pl_m=40,Interactive Wealth Management Limited,interactivewealth.co.uk
https://financialadvisers.co.uk/financial-planning/dumbarton/?pl_p=6&pl_m=40,Independent Financial Strategies Ltd,clarkgillone.co.uk
https://financialadvisers.co.uk/financial-planning/dumbarton/?pl_p=6&pl_m=40,Cleveden Park Wealth Ltd,clevedenparkwealth.co.uk
https://financialadvisers.co.uk/financial-planning/dumbarton/?pl_p=6&pl_m=40,Echo Wealth Management Limited,echowealth.co.uk
https://financialadvisers.co.uk/financial-planning/dumbarton/?pl_p=6&pl_m=40,ILM Financial Limited,ilmfinancial.co.uk
https://financialadvisers.co.uk/financial-planning/dumbarton/?pl_p=6&pl_m=40,Castlebay Investment Partners LLP,castlebayinvestments.com
https://financialadvisers.co.uk/financial-planning/dumbarton/?pl_p=6&pl_m=40,Davidson Asset Management Limited,damgoodpensions.com
https://financialadvisers.co.uk/financial-planning/dumbarton/?pl_p=6&pl_m=40,EIS Financial Services Ltd,eisfs.co.uk
https://financialadvisers.co.uk/financial-planning/dumbarton/?pl_p=6&pl_m=40,Semple Buchan Financial Management Ltd,
https://financialadvisers.co.uk/financial-planning/dumbarton/?pl_p=6&pl_m=40,Castlebank Financial Planning Limited,castle-bank.co.uk
https://financialadvisers.co.uk/financial-planning/dumbarton/?pl_p=6&pl_m=40,Melrose Wemyss Associates Limited,mwassocites.net
https://financialadvisers.co.uk/financial-planning/dumbarton/?pl_p=6&pl_m=40,S K Nanda Financial Services,
https://financialadvisers.co.uk/financial-planning/dumbarton/?pl_p=6&pl_m=40,Blackmount Private Wealth Limited,blackmountwealth.co.uk
https://financialadvisers.co.uk/financial-planning/dumbarton/?pl_p=6&pl_m=40,FD Wealth Ltd,fdwealth.co.uk
https://financialadvisers.co.uk/financial-planning/dumbarton/?pl_p=7&pl_m=40,Simple Financial Services Ltd,simplefinancial.co.uk
https://financialadvisers.co.uk/financial-planning/dumbarton/?pl_p=7&pl_m=40,Capital Managers LLP,capitalmanagers.co.uk
https://financialadvisers.co.uk/financial-planning/dumbarton/?pl_p=7&pl_m=40,APC Financial Solutions and Consultancy Services Limited,apcfinancial.co.uk
https://financialadvisers.co.uk/financial-planning/dumbarton/?pl_p=7&pl_m=40,Citypoint Wealth Limited,citypointwealth.uk
https://financialadvisers.co.uk/financial-planning/dumbarton/?pl_p=7&pl_m=40,Rosemount Asset Management Ltd,rosemountasset.co.uk
https://financialadvisers.co.uk/financial-planning/dumbarton/?pl_p=7&pl_m=40,Kyle Consulting Ltd,kyleconsulting.co.uk
https://financialadvisers.co.uk/financial-planning/dumbarton/?pl_p=7&pl_m=40,Strategic Retirement Solutions Ltd,srsifa.co.uk
https://financialadvisers.co.uk/financial-planning/dumbarton/?pl_p=7&pl_m=40,Stewart Financial Management Limited,stewartfm.co.uk
https://financialadvisers.co.uk/financial-planning/dumbarton/?pl_p=7&pl_m=40,Thomson McCallum Ltd,thomsonmccallum.co.uk
https://financialadvisers.co.uk/financial-planning/dumbarton/?pl_p=7&pl_m=40,Paton Wealth Management Limited,patonwealthmanagement.co.uk
https://financialadvisers.co.uk/financial-planning/dumbarton/?pl_p=7&pl_m=40,Holland (Glasgow) Insurance Brokers Ltd,hollandinsurancebrokers.com
https://financialadvisers.co.uk/financial-planning/dumbarton/?pl_p=7&pl_m=40,Finesco Financial Services Limited,finesco.com
https://financialadvisers.co.uk/financial-planning/dumbarton/?pl_p=7&pl_m=40,Mandan Financial Management,mandanifa.co.uk
https://financialadvisers.co.uk/financial-planning/dumbarton/?pl_p=7&pl_m=40,Aspire Wealth (Scotland) Limited,aspirewealthscotland.com
https://financialadvisers.co.uk/financial-planning/dumbarton/?pl_p=7&pl_m=40,Stewart Asset Management Limited,stewartassetmanagement.co.uk
https://financialadvisers.co.uk/financial-planning/dumbarton/?pl_p=8&pl_m=40,Advanced Asset Consultants Ltd,advancedasset.co.uk
https://financialadvisers.co.uk/financial-planning/dumbarton/?pl_p=8&pl_m=40,Martin Aitken Financial Services Limited,mafsltd.co.uk
https://financialadvisers.co.uk/financial-planning/dumbarton/?pl_p=8&pl_m=40,"Wright, Johnston & MacKenzie LLP",wjm.co.uk
https://financialadvisers.co.uk/financial-planning/dumbarton/?pl_p=8&pl_m=40,Elite Financial Advice Ltd,elitefinancialadvice.co.uk
https://financialadvisers.co.uk/financial-planning/dumbarton/?pl_p=8&pl_m=40,M B Financial Planning Limited,mbfp.co.uk
https://financialadvisers.co.uk/financial-planning/dumbarton/?pl_p=8&pl_m=40,Muir Brown Limited,muirbrown.com
https://financialadvisers.co.uk/financial-planning/dumbarton/?pl_p=8&pl_m=40,Whiteleigh Financial Planning Ltd,partnership.sjp.co.uk/robertmcilroy
https://financialadvisers.co.uk/financial-planning/dumbarton/?pl_p=8&pl_m=40,Paterson Financial Planning Ltd,patersonfp.co.uk
https://financialadvisers.co.uk/financial-planning/dumbarton/?pl_p=8&pl_m=40,CORRAN FINANCIAL LTD,justfinancialgroup.co.uk
https://financialadvisers.co.uk/financial-planning/dumbarton/?pl_p=8&pl_m=40,Just Financial Group Ltd,Justfinancialgroup.co.uk
https://financialadvisers.co.uk/financial-planning/dumbarton/?pl_p=8&pl_m=40,Bright Rivers Wealth Management Ltd,justfinancialgroup.co.uk
https://financialadvisers.co.uk/financial-planning/dumbarton/?pl_p=8&pl_m=40,RA Financial Planning Limited,WWW.KELVINFP.COM
https://financialadvisers.co.uk/financial-planning/dumbarton/?pl_p=8&pl_m=40,DC Premier Wealth Management Limited,justfinancialgroup.co.uk
https://financialadvisers.co.uk/financial-planning/dumbarton/?pl_p=8&pl_m=40,Kelvin Financial Planning Limited,kelvinfp.com
https://financialadvisers.co.uk/financial-planning/dumbarton/?pl_p=8&pl_m=40,VWM Consulting Limited,vwmwealth.com
https://financialadvisers.co.uk/financial-planning/dumbarton/?pl_p=9&pl_m=40,Kelvin Smith Financial Planning Ltd,kelvinsmith.com
https://financialadvisers.co.uk/financial-planning/dumbarton/?pl_p=9&pl_m=40,Argyle Consulting Ltd,argyleconsulting.co.uk
https://financialadvisers.co.uk/financial-planning/dumbarton/?pl_p=9&pl_m=40,Forrest Financial Management Limited,forrestfinancialmanagement.co.uk
https://financialadvisers.co.uk/financial-planning/dumbarton/?pl_p=9&pl_m=40,Investax Limited,investaxlimited.co.uk
https://financialadvisers.co.uk/financial-planning/dumbarton/?pl_p=9&pl_m=40,The Wealth Office Ltd,thewealthoffice.co.uk
https://financialadvisers.co.uk/financial-planning/dumbarton/?pl_p=9&pl_m=40,Advanta Direct Ltd,mooreifa.co.uk
https://financialadvisers.co.uk/financial-planning/dumbarton/?pl_p=9&pl_m=40,Gilliland Neilson Brown Limited,gnbfs.co.uk
https://financialadvisers.co.uk/financial-planning/dumbarton/?pl_p=9&pl_m=40,Bonum Wealth Ltd,bonumwealth.co.uk
https://financialadvisers.co.uk/financial-planning/dumbarton/?pl_p=9&pl_m=40,Kenneth Ross Independent Financial Advisers Ltd,kennethross.co.uk
https://financialadvisers.co.uk/financial-planning/dumbarton/?pl_p=9&pl_m=40,D L Bloomer Limited,dlbloomer.com
https://financialadvisers.co.uk/financial-planning/dumbarton/?pl_p=9&pl_m=40,McLay McAlister (Financial Services) Limited,mmmca.co.uk
https://financialadvisers.co.uk/financial-planning/dumbarton/?pl_p=9&pl_m=40,Murphy Wealth Limited,murphywealth.co.uk
https://financialadvisers.co.uk/financial-planning/dumbarton/?pl_p=9&pl_m=40,Adam Leech,partnership.sjp.co.uk/partner/ajleech
https://financialadvisers.co.uk/financial-planning/dumbarton/?pl_p=9&pl_m=40,Buchanan Financial Planning Ltd,buchananfp.co.uk
https://financialadvisers.co.uk/financial-planning/dumbarton/?pl_p=9&pl_m=40,June Murray Wealth Management Ltd,partnership.sjp.co.uk/partner/junemurraywealthmanagement
https://financialadvisers.co.uk/financial-planning/dumbarton/?pl_p=10&pl_m=40,Anthony Blake,anthonyblakefinancialplanning.co.uk
https://financialadvisers.co.uk/financial-planning/dumbarton/?pl_p=10&pl_m=40,Ryan Quinn,partnership.sjp.co.uk/partner/rqfinancialmanagement
https://financialadvisers.co.uk/financial-planning/dumbarton/?pl_p=10&pl_m=40,Waseem Afsar,wa-wm.co.uk
https://financialadvisers.co.uk/financial-planning/dumbarton/?pl_p=10&pl_m=40,Julie Robertson,partnership.sjp.co.uk/partner/myafinancial
https://financialadvisers.co.uk/financial-planning/dumbarton/?pl_p=10&pl_m=40,Tait Wealth Management Limited,taitwealthmanagement.co.uk
https://financialadvisers.co.uk/financial-planning/dumbarton/?pl_p=10&pl_m=40,Martin McLaughlan,martinmclaughlanwm.co.uk
https://financialadvisers.co.uk/financial-planning/dumbarton/?pl_p=10&pl_m=40,Ross Johnston,617fm.co.uk
https://financialadvisers.co.uk/financial-planning/dumbarton/?pl_p=10&pl_m=40,Lisa McCreadie,lmcfinancialplanning.co.uk
https://financialadvisers.co.uk/financial-planning/dumbarton/?pl_p=10&pl_m=40,Jonathan Reid,partnership.sjp.co.uk/partner/reidfinancialplanning
https://financialadvisers.co.uk/financial-planning/dumbarton/?pl_p=10&pl_m=40,Jack Wyllie,partnership.sjp.co.uk/partner/wylliewealthmanagement
https://financialadvisers.co.uk/financial-planning/dumbarton/?pl_p=10&pl_m=40,Seven Wealth Ltd,seven-wealth.co.uk
https://financialadvisers.co.uk/financial-planning/dumbarton/?pl_p=10&pl_m=40,Martin Campbell,martincampbellfinancial.co.uk
https://financialadvisers.co.uk/financial-planning/dumbarton/?pl_p=10&pl_m=40,Blythswood Associates Ltd,blythswood.com
https://financialadvisers.co.uk/financial-planning/dumbarton/?pl_p=10&pl_m=40,Bruce Harvey,sjpp.co.uk/bruceaharvey
https://financialadvisers.co.uk/financial-planning/dumbarton/?pl_p=10&pl_m=40,Hina Zia,hinaziawm.co.uk
https://financialadvisers.co.uk/financial-planning/dumbarton/?pl_p=11&pl_m=40,Alexanders Wealth Management Ltd,alexanderswm.co.uk
https://financialadvisers.co.uk/financial-planning/dumbarton/?pl_p=11&pl_m=40,Bradley Financial Planning Ltd,paulinebulloch.co.uk
https://financialadvisers.co.uk/financial-planning/dumbarton/?pl_p=11&pl_m=40,Dean Financial Management Limited,partnership.sjp.co.uk/partner/deanfinancialmanagement
https://financialadvisers.co.uk/financial-planning/dumbarton/?pl_p=11&pl_m=40,Jill Young,partnership.sjp.co.uk/partner/jillyoungwm
https://financialadvisers.co.uk/financial-planning/dumbarton/?pl_p=11&pl_m=40,John Cumming,sjpp.co.uk/johncumming
https://financialadvisers.co.uk/financial-planning/dumbarton/?pl_p=11&pl_m=40,Stuart Aitken,lochranzawealth.co.uk
https://financialadvisers.co.uk/financial-planning/dumbarton/?pl_p=11&pl_m=40,Jagdip Bhandal,singhwealth.co.uk
https://financialadvisers.co.uk/financial-planning/dumbarton/?pl_p=11&pl_m=40,Daniele Tuveri,glenstonewealth.co.uk
https://financialadvisers.co.uk/financial-planning/dumbarton/?pl_p=11&pl_m=40,Daniel Burke,partnership.sjp.co.uk/partner/danielburke
https://financialadvisers.co.uk/financial-planning/dumbarton/?pl_p=11&pl_m=40,Kevin Pinkerton,kevinpinkerton.co.uk
https://financialadvisers.co.uk/financial-planning/dumbarton/?pl_p=11&pl_m=40,Gemmell & Co Wealth Management Ltd,williamgemmell.co.uk
https://financialadvisers.co.uk/financial-planning/dumbarton/?pl_p=11&pl_m=40,Craig Paterson,sjpp.co.uk/craigpaterson
https://financialadvisers.co.uk/financial-planning/dumbarton/?pl_p=11&pl_m=40,Cowan Financial Consultants Limited,cowanfinancial.co.uk
https://financialadvisers.co.uk/financial-planning/dumbarton/?pl_p=11&pl_m=40,Adam Edward Tweedie,covewealth.co.uk
https://financialadvisers.co.uk/financial-planning/dumbarton/?pl_p=11&pl_m=40,Renata Cook Wealth Management Ltd,rcwealthmanagement.co.uk
https://financialadvisers.co.uk/financial-planning/dumbarton/?pl_p=12&pl_m=40,William Wallace Wealth Management,lgim.com
https://financialadvisers.co.uk/financial-planning/dumbarton/?pl_p=12&pl_m=40,Save & Invest FT Limited,saveandinvest.co.uk
https://financialadvisers.co.uk/financial-planning/dumbarton/?pl_p=12&pl_m=40,Save & Invest (Financial Planning) Limited,saveandinvest.com
https://financialadvisers.co.uk/financial-planning/dumbarton/?pl_p=12&pl_m=40,Talon Associates Limited,talonassociates.co.uk
https://financialadvisers.co.uk/financial-planning/dumbarton/?pl_p=12&pl_m=40,Cedarwood Wealth Management Ltd,wcedarwoodwm.co.uk
https://financialadvisers.co.uk/financial-planning/dumbarton/?pl_p=12&pl_m=40,Erdley Hand T/A Wright Hand Associates,wh-associates.co.uk
https://financialadvisers.co.uk/financial-planning/dumbarton/?pl_p=12&pl_m=40,SPECTRUM WEALTH GROUP LTD,spectrumwealthgroup.com
https://financialadvisers.co.uk/financial-planning/dumbarton/?pl_p=12&pl_m=40,Traquair Financial Services Ltd,
https://financialadvisers.co.uk/financial-planning/dumbarton/?pl_p=12&pl_m=40,Fraser Spy Financial Services Ltd,fraserspy.co.uk
https://financialadvisers.co.uk/financial-planning/dumbarton/?pl_p=12&pl_m=40,Intelligent Pensions Ltd,intelligentpensions.com
https://financialadvisers.co.uk/financial-planning/dumbarton/?pl_p=12&pl_m=40,CFG Investment Services Ltd,cfgwealthmanagement.co.uk
https://financialadvisers.co.uk/financial-planning/dumbarton/?pl_p=12&pl_m=40,The Carruth Financial Group Limited,cfgfinancialadvisors.co.uk
https://financialadvisers.co.uk/financial-planning/dumbarton/?pl_p=12&pl_m=40,D A Calder Limited,dacalder.com
https://financialadvisers.co.uk/financial-planning/dumbarton/?pl_p=12&pl_m=40,David McDonald Financial Services Ltd,davidmcdonald.co.uk
https://financialadvisers.co.uk/financial-planning/dumbarton/?pl_p=12&pl_m=40,Cairn Financial Management Limited,cairnfm.co.uk
https://financialadvisers.co.uk/financial-planning/dumbarton/?pl_p=13&pl_m=40,David Vance Consulting Ltd,vancefm.co.uk
https://financialadvisers.co.uk/financial-planning/dumbarton/?pl_p=13&pl_m=40,Craig Kilgour Independent Financial Planning Limited,craigkilgour.com
https://financialadvisers.co.uk/financial-planning/dumbarton/?pl_p=13&pl_m=40,Fitzallan Ltd,fitzallan.com
https://financialadvisers.co.uk/financial-planning/dumbarton/?pl_p=13&pl_m=40,Morton Hill Ltd,mcknightfinancial.co.uk
https://financialadvisers.co.uk/financial-planning/dumbarton/?pl_p=13&pl_m=40,Campbell Thomson (Insurance Services) Limited,campbellthomson.co.uk
https://financialadvisers.co.uk/financial-planning/dumbarton/?pl_p=13&pl_m=40,McCrea Financial Services Limited,mccreafs.co.uk
https://financialadvisers.co.uk/financial-planning/dumbarton/?pl_p=13&pl_m=40,Intelligent Capital Ltd,intelligentcapital.biz
https://financialadvisers.co.uk/financial-planning/dumbarton/?pl_p=13&pl_m=40,Christie Financial Planning Limited,christiefp.com
https://financialadvisers.co.uk/financial-planning/dumbarton/?pl_p=13&pl_m=40,Georgetown Wealth Management LLP,georgetownwealthmanagement.co.uk
https://financialadvisers.co.uk/financial-planning/dumbarton/?pl_p=13&pl_m=40,Clark Boyle Limited,clarkboyle.co.uk
https://financialadvisers.co.uk/financial-planning/dumbarton/?pl_p=13&pl_m=40,Craiglyon Financial Management Limited,craiglyonfinancial.co.uk
https://financialadvisers.co.uk/financial-planning/dumbarton/?pl_p=13&pl_m=40,Wellington Wealth (Glasgow) Limited,wellington-wealth.com
https://financialadvisers.co.uk/financial-planning/dumbarton/?pl_p=13&pl_m=40,Verum Wealth Ltd,verumwealth.com
https://financialadvisers.co.uk/financial-planning/dumbarton/?pl_p=13&pl_m=40,AGL Wealth Management Ltd,aglwealth.com
https://financialadvisers.co.uk/financial-planning/dumbarton/?pl_p=13&pl_m=40,Campbell Financial Services Ltd,campbellfs.com
https://financialadvisers.co.uk/financial-planning/dumbarton/?pl_p=14&pl_m=40,Money Right Financial Planning Limited,
https://financialadvisers.co.uk/financial-planning/dumbarton/?pl_p=14&pl_m=40,Thomson Wealth Management Ltd,thomsonwealth.co.uk
https://financialadvisers.co.uk/financial-planning/dumbarton/?pl_p=14&pl_m=40,Lauder Financial Limited,
https://financialadvisers.co.uk/financial-planning/dumbarton/?pl_p=14&pl_m=40,Solicitors Financial Centre Limited,sfcglasgow.co.uk
https://financialadvisers.co.uk/financial-planning/dumbarton/?pl_p=14&pl_m=40,Glasgow Wealth Limited,glasgowwealth.co.uk
https://financialadvisers.co.uk/financial-planning/dumbarton/?pl_p=14&pl_m=40,Rainbow Consulting (Scot) Limited,rcons.co.uk
https://financialadvisers.co.uk/financial-planning/dumbarton/?pl_p=14&pl_m=40,A Henderson Financial Planning Ltd,ahfinplan.co.uk
https://financialadvisers.co.uk/financial-planning/dumbarton/?pl_p=14&pl_m=40,The ER Network Ltd,ernetwork.co.uk
https://financialadvisers.co.uk/financial-planning/dumbarton/?pl_p=14&pl_m=40,Edgar Financial Advice Limited,edgarfinancial.co.uk
https://financialadvisers.co.uk/financial-planning/dumbarton/?pl_p=14&pl_m=40,Gregory Jenkins,
https://financialadvisers.co.uk/financial-planning/dumbarton/?pl_p=14&pl_m=40,CC Financial Management Ltd,csfinancialservices.co.uk
https://financialadvisers.co.uk/financial-planning/dumbarton/?pl_p=14&pl_m=40,Synergy Financial Planning Limited,aabwealth.uk
https://financialadvisers.co.uk/financial-planning/dumbarton/?pl_p=14&pl_m=40,Urquhart Asset Management Limited,urquhartasset.com
https://financialadvisers.co.uk/financial-planning/dumbarton/?pl_p=14&pl_m=40,Argyll Financial Services Limited,argyllfinancial.co.uk
https://financialadvisers.co.uk/financial-planning/dumbarton/?pl_p=14&pl_m=40,Maplewood Wealth Management Ltd.,maplewoodwealth.co.uk
https://financialadvisers.co.uk/financial-planning/dumbarton/?pl_p=15&pl_m=40,Whitebridge Financial Services Ltd,
https://financialadvisers.co.uk/financial-planning/dumbarton/?pl_p=15&pl_m=40,MJS Financial Ltd,mjsfinancialmanagement.co.uk
https://financialadvisers.co.uk/financial-planning/dumbarton/?pl_p=15&pl_m=40,Carley Mearns-Begley,carleymearns.co.uk
https://financialadvisers.co.uk/financial-planning/dumbarton/?pl_p=15&pl_m=40,EK Mortgage Advice Ltd,fpoptions.co.uk
https://financialadvisers.co.uk/financial-planning/dumbarton/?pl_p=15&pl_m=40,Campbell Mackie Limited,campbellmackie.co.uk
https://financialadvisers.co.uk/financial-planning/dumbarton/?pl_p=15&pl_m=40,Paul Simons,
https://financialadvisers.co.uk/financial-planning/dumbarton/?pl_p=15&pl_m=40,Thomson Financial Consultancy,thomsonfc.co.uk
https://financialadvisers.co.uk/financial-planning/dumbarton/?pl_p=15&pl_m=40,Robert Graham Harvie,rgharvie.com
https://financialadvisers.co.uk/financial-planning/dumbarton/?pl_p=15&pl_m=40,Manor Park Financial Services Ltd,manorpark.com
https://financialadvisers.co.uk/financial-planning/dumbarton/?pl_p=15&pl_m=40,Craig Johnston Asset Management Limited,cjamltd.co.uk
https://financialadvisers.co.uk/financial-planning/dumbarton/?pl_p=15&pl_m=40,Holyrood Asset Management Ltd,holyroodam.co.uk
https://financialadvisers.co.uk/financial-planning/dumbarton/?pl_p=15&pl_m=40,Harkin Financial Services Ltd,harkinfs.com
https://financialadvisers.co.uk/financial-planning/dumbarton/?pl_p=15&pl_m=40,Malory Investments Services Ltd,maloryinvestments.co.uk
https://financialadvisers.co.uk/financial-planning/dumbarton/?pl_p=15&pl_m=40,David Melville,melvilleifa.co.uk
https://financialadvisers.co.uk/financial-planning/dumbarton/?pl_p=15&pl_m=40,Simple Financial Planning Ltd,simplefp.co.uk
https://financialadvisers.co.uk/financial-planning/dumbarton/?pl_p=16&pl_m=40,Riverpark Investment & Financial Consultants Limited,riverparkifa.com
https://financialadvisers.co.uk/financial-planning/dumbarton/?pl_p=16&pl_m=40,Brookfield Wealth Management,mandgwealth.com/brookfieldwealthmanagement
https://financialadvisers.co.uk/financial-planning/dumbarton/?pl_p=16&pl_m=40,Pension & Investment Management Services,pensionsandinvestments.co.uk
https://financialadvisers.co.uk/financial-planning/dumbarton/?pl_p=16&pl_m=40,Hutcheson Financial Planning Limited,hutchesonfinancial.co.uk
https://financialadvisers.co.uk/financial-planning/dumbarton/?pl_p=16&pl_m=40,Kenneth MacPhie,amfs.co.uk
https://financialadvisers.co.uk/financial-planning/dumbarton/?pl_p=16&pl_m=40,Thomson Ferrie LLP,thomsonferrie.co.uk
https://financialadvisers.co.uk/financial-planning/dumbarton/?pl_p=16&pl_m=40,MX Independent Financial Services Ltd,mxfinancialservices.com
https://financialadvisers.co.uk/financial-planning/dumbarton/?pl_p=16&pl_m=40,Independent Financial Advice World Ltd,ifa-world.co.uk
https://financialadvisers.co.uk/financial-planning/dumbarton/?pl_p=16&pl_m=40,Malcolm Gibson Wealth Management,malcolmgibsonwealthmanagement.co.uk
https://financialadvisers.co.uk/financial-planning/dumbarton/?pl_p=16&pl_m=40,Handheld Investments Limited,handheldinvestments.com
https://financialadvisers.co.uk/financial-planning/dumbarton/?pl_p=16&pl_m=40,Aldton Park Financial Services Ltd,2plan.com
https://financialadvisers.co.uk/financial-planning/dumbarton/?pl_p=16&pl_m=40,Clyde Financial Services Ltd,clydefinancialservices.com
https://financialadvisers.co.uk/financial-planning/dumbarton/?pl_p=16&pl_m=40,R & G FINANCIAL SERVICES LTD,randgfinancial.co.uk
https://financialadvisers.co.uk/financial-planning/dumbarton/?pl_p=16&pl_m=40,Portfolio & Pension Management Ltd,ppmwealth.co.uk
https://financialadvisers.co.uk/financial-planning/dumbarton/?pl_p=16&pl_m=40,The Ailsa Partnership Ltd,theailsapartnership.com
https://financialadvisers.co.uk/financial-planning/dumbarton/?pl_p=17&pl_m=40,Alistair Black,alistairblack.com
https://financialadvisers.co.uk/financial-planning/dumbarton/?pl_p=17&pl_m=40,Avoca Wealth Management Ltd,avocawealth.com
https://financialadvisers.co.uk/financial-planning/dumbarton/?pl_p=17&pl_m=40,Alexander Campbell McLaughlan,acmwealth.co.uk
https://financialadvisers.co.uk/financial-planning/dumbarton/?pl_p=17&pl_m=40,TDH Financial Planning Ltd,tdhfinancialplanning.co.uk
https://financialadvisers.co.uk/financial-planning/dumbarton/?pl_p=17&pl_m=40,Karen Vorster,partnership.sjp.co.uk/partner/vorsterwealthmanagement
https://financialadvisers.co.uk/financial-planning/dumbarton/?pl_p=17&pl_m=40,Carrick Stuart & Co (Financial Consultants) Ltd,villageestatesfc.co.uk
https://financialadvisers.co.uk/financial-planning/dumbarton/?pl_p=17&pl_m=40,Olcote Lappin Financial Planning Ltd,olcotelappin.co.uk
https://financialadvisers.co.uk/financial-planning/dumbarton/?pl_p=17&pl_m=40,The BT Partnership,thebtpartnership.ifa-web.co.uk
https://financialadvisers.co.uk/financial-planning/dumbarton/?pl_p=17&pl_m=40,R.L Stevenson Ltd,
https://financialadvisers.co.uk/financial-planning/dumbarton/?pl_p=17&pl_m=40,Mortgage Information Bureau Ltd,
https://financialadvisers.co.uk/financial-planning/dumbarton/?pl_p=17&pl_m=40,AML Associates Financial Services Ltd,amlassociates.co.uk
https://financialadvisers.co.uk/financial-planning/dumbarton/?pl_p=17&pl_m=40,Newlands Financial Planning,mandgwealth.com/newlandsfinancialplanning
https://financialadvisers.co.uk/financial-planning/dumbarton/?pl_p=17&pl_m=40,Robert Ashton,partnership.sjp.co.uk/partner/robertashtonf
https://financialadvisers.co.uk/financial-planning/dumbarton/?pl_p=17&pl_m=40,Sterling Scotia Limited,
https://financialadvisers.co.uk/financial-planning/dumbarton/?pl_p=17&pl_m=40,Pinewood Portfolio Management LLP,pinewoodpm.com
https://financialadvisers.co.uk/financial-planning/dumbarton/?pl_p=18&pl_m=40,A.S.K. Wealth Management LLP,askwealthmanagement.co.uk
https://financialadvisers.co.uk/financial-planning/dumbarton/?pl_p=18&pl_m=40,Caledonian Financial Management Limited,caledonianfm.co.uk
https://financialadvisers.co.uk/financial-planning/dumbarton/?pl_p=18&pl_m=40,Quinn & Co Wealth Management Ltd,quinnwealthmanagement.co.uk
https://financialadvisers.co.uk/financial-planning/dumbarton/?pl_p=18&pl_m=40,DM Pension & Investment Solutions Ltd,face2faceadvice.co.uk
https://financialadvisers.co.uk/financial-planning/dumbarton/?pl_p=18&pl_m=40,DJC Wealth Management Ltd,djcwm.co.uk
https://financialadvisers.co.uk/financial-planning/dumbarton/?pl_p=18&pl_m=40,Aveton Gifford Associates Limited,avetongiffordassociates.com
https://financialadvisers.co.uk/financial-planning/dumbarton/?pl_p=18&pl_m=40,SAM Wealth LLP,samwealth.co.uk
https://financialadvisers.co.uk/financial-planning/dumbarton/?pl_p=18&pl_m=40,Strategic Asset Managers Limited,strategicassetmanagers.co.uk
https://financialadvisers.co.uk/financial-planning/dumbarton/?pl_p=18&pl_m=40,JMC Financial Services Limited,jmcfs.com
https://financialadvisers.co.uk/financial-planning/dumbarton/?pl_p=18&pl_m=40,Moorlands Financial Services Ltd,moorlandsfinancial.co.uk
https://financialadvisers.co.uk/financial-planning/dumbarton/?pl_p=18&pl_m=40,Mr Paul O'Brien,tru-ifa.co.uk
https://financialadvisers.co.uk/financial-planning/dumbarton/?pl_p=18&pl_m=40,Brian Innes and Lynn Innes,
https://financialadvisers.co.uk/financial-planning/dumbarton/?pl_p=18&pl_m=40,HAAA Ltd,ek.2plan.com
https://financialadvisers.co.uk/financial-planning/dumbarton/?pl_p=18&pl_m=40,Mcpherson Wealth LTD,mandgwealth.com/mcphersonwealth
https://financialadvisers.co.uk/financial-planning/dumbarton/?pl_p=18&pl_m=40,Stable Financial Group Ltd,
https://financialadvisers.co.uk/financial-planning/dumbarton/?pl_p=19&pl_m=40,JRW Financial Management Ltd,jrwfinancial.co.uk
https://financialadvisers.co.uk/financial-planning/dumbarton/?pl_p=19&pl_m=40,Financial Independent Solutions Limited,financialindependentsolutions.co.uk
https://financialadvisers.co.uk/financial-planning/dumbarton/?pl_p=19&pl_m=40,S.F.S. Investments Limited,southernfs.co.uk
https://financialadvisers.co.uk/financial-planning/dumbarton/?pl_p=19&pl_m=40,Integrity Asset Management Limited,integrityasset.uk
https://financialadvisers.co.uk/financial-planning/dumbarton/?pl_p=19&pl_m=40,OPA Wealth Management Ltd,opawealthmanagement.co.uk
https://financialadvisers.co.uk/financial-planning/dumbarton/?pl_p=19&pl_m=40,Toner Wealth Ltd,partnership.sjp.co.uk/partner/andrewtoner
https://financialadvisers.co.uk/financial-planning/dumbarton/?pl_p=19&pl_m=40,SRB Wealth Management Ltd,srbwm.co.uk
https://financialadvisers.co.uk/financial-planning/dumbarton/?pl_p=19&pl_m=40,MKM Financial Management Ltd,mkmfinancialmanagement.co.uk
https://financialadvisers.co.uk/financial-planning/dumbarton/?pl_p=19&pl_m=40,Mike McGirr Financial Services Limited,kirstybaird.com
https://financialadvisers.co.uk/financial-planning/dumbarton/?pl_p=19&pl_m=40,Capital Wealth Management (UK) Limited,
https://financialadvisers.co.uk/financial-planning/dumbarton/?pl_p=19&pl_m=40,McKendry Dunion Financial Limited,mckendrydunion.co.uk
https://financialadvisers.co.uk/financial-planning/dumbarton/?pl_p=19&pl_m=40,Milecross Financial (Scotland) Ltd,milecrossfs.co.uk
https://financialadvisers.co.uk/financial-planning/dumbarton/?pl_p=19&pl_m=40,FSS Wealth & Pensions Ltd,fsswap.co.uk
https://financialadvisers.co.uk/financial-planning/dumbarton/?pl_p=19&pl_m=40,Ayrshire Financial Services Ltd,afsltd.co.uk
https://financialadvisers.co.uk/financial-planning/dumbarton/?pl_p=19&pl_m=40,KEY FINANCIAL WEALTH SOLUTIONS LIMITED,mandgwealth.com/keyfinancialwealthsolutions
https://financialadvisers.co.uk/financial-planning/dumbarton/?pl_p=20&pl_m=40,S W Financial Management Limited,sw-fm.co.uk
https://financialadvisers.co.uk/financial-planning/dumbarton/?pl_p=20&pl_m=40,Dickson and Co Wealth Management Ltd,dicksonandcowealth.co.uk
https://financialadvisers.co.uk/financial-planning/dumbarton/?pl_p=20&pl_m=40,Robert Douglas,derekdouglaspwm.co.uk
https://financialadvisers.co.uk/financial-planning/dumbarton/?pl_p=20&pl_m=40,Affinity Financial Planning Ltd,affinityfp.com
https://financialadvisers.co.uk/financial-planning/dumbarton/?pl_p=20&pl_m=40,Julie McIntosh Ltd,juliemcintosh.com
https://financialadvisers.co.uk/financial-planning/dumbarton/?pl_p=20&pl_m=40,Platinum Financial Partners Ltd,
https://financialadvisers.co.uk/financial-planning/dumbarton/?pl_p=20&pl_m=40,Bird Stewart Financial Services Limited,birdstewart.co.uk
https://financialadvisers.co.uk/financial-planning/dumbarton/?pl_p=20&pl_m=40,DG Financial Ltd,dmgfinancial.co.uk
https://financialadvisers.co.uk/financial-planning/dumbarton/?pl_p=20&pl_m=40,Jane Ballantyne Limited,sjpp.co.uk/janeballantyne
https://financialadvisers.co.uk/financial-planning/dumbarton/?pl_p=20&pl_m=40,Keith Marwick,sjpp.co.uk/keithmarwick
https://financialadvisers.co.uk/financial-planning/dumbarton/?pl_p=20&pl_m=40,Newark Wealth Ltd,newarkwealth.co.uk
https://financialadvisers.co.uk/financial-planning/dumbarton/?pl_p=20&pl_m=40,Financial Succession Limited,financial-succession.co.uk
https://financialadvisers.co.uk/financial-planning/dumbarton/?pl_p=20&pl_m=40,Ken Binnie Financial Limited,kenbinniefinancialltd.co.uk
https://financialadvisers.co.uk/financial-planning/dumbarton/?pl_p=20&pl_m=40,Pellegrini & Barlow Associates Ltd,pellegriniandbarlowassociates.co.uk
https://financialadvisers.co.uk/financial-planning/dumbarton/?pl_p=20&pl_m=40,Steven Smith,partnership.sjp.co.uk/partner/stevensmithfp
https://financialadvisers.co.uk/financial-planning/dumbarton/?pl_p=21&pl_m=40,Lockhart Consultancy Ltd,lockhartconsultancy.co.uk
https://financialadvisers.co.uk/financial-planning/dumbarton/?pl_p=21&pl_m=40,Paladin Financial Services Ltd,paladinfs.co.uk
https://financialadvisers.co.uk/financial-planning/dumbarton/?pl_p=21&pl_m=40,David Dougan Financial Services Limited,daviddouganfinancial.com
https://financialadvisers.co.uk/financial-planning/dumbarton/?pl_p=21&pl_m=40,Investment & Mortgage Options Scotland Ltd,imoscotland.com
https://financialadvisers.co.uk/financial-planning/dumbarton/?pl_p=21&pl_m=40,A J Options Ltd,
https://financialadvisers.co.uk/financial-planning/dumbarton/?pl_p=21&pl_m=40,MARGARET NOONE FINANCIAL PLANNING LTD,mandgwealth.com/margaretnoonefinancialplanning
https://financialadvisers.co.uk/financial-planning/dumbarton/?pl_p=21&pl_m=40,McIntyre Financial Planning Ltd,mcintyrefinancialplanning.co.uk
https://financialadvisers.co.uk/financial-planning/dumbarton/?pl_p=21&pl_m=40,Alexander Wealth Management Limited,
https://financialadvisers.co.uk/financial-planning/dumbarton/?pl_p=21&pl_m=40,Honest Wealth Management Ltd,honestwealth.co.uk
https://financialadvisers.co.uk/financial-planning/dumbarton/?pl_p=21&pl_m=40,Nineteen87 Financial Ltd,
https://financialadvisers.co.uk/financial-planning/dumbarton/?pl_p=21&pl_m=40,Peter Rooney,
https://financialadvisers.co.uk/financial-planning/dumbarton/?pl_p=21&pl_m=40,Brian McGoldrick Ltd,
https://financialadvisers.co.uk/financial-planning/dumbarton/?pl_p=21&pl_m=40,D&M Financial Ltd,dmfinancialltd.com
https://financialadvisers.co.uk/financial-planning/dumbarton/?pl_p=21&pl_m=40,Capercaillie Financial Advice Limited,mandgwealth.com/capercailliefinancialadvice
https://financialadvisers.co.uk/financial-planning/dumbarton/?pl_p=21&pl_m=40,Alexanders Associates (Scotland) Ltd.,stirlingmortgageshop.co.uk
https://financialadvisers.co.uk/financial-planning/dumbarton/?pl_p=22&pl_m=40,HK Wealth Managers Ltd,hkwm.co.uk
https://financialadvisers.co.uk/financial-planning/dumbarton/?pl_p=22&pl_m=40,Barclay & Bond Financial Planners LLP,barclaybond.co.uk
https://financialadvisers.co.uk/financial-planning/dumbarton/?pl_p=22&pl_m=40,Retirement & Investment Solutions Limited,retinvest.co.uk
https://financialadvisers.co.uk/financial-planning/dumbarton/?pl_p=22&pl_m=40,Heather Macqueen Limited,heathermacqueen.co.uk
https://financialadvisers.co.uk/financial-planning/dumbarton/?pl_p=22&pl_m=40,Catterson Wealth Management Limited,catterson-wealth-management.co.uk
https://financialadvisers.co.uk/financial-planning/dumbarton/?pl_p=22&pl_m=40,Gregor Davidson Wealth Management Limited,partnership.sjp.co.uk/partner/gregordavidson
https://financialadvisers.co.uk/financial-planning/dumbarton/?pl_p=22&pl_m=40,MurrayPaterson Limited,murraypaterson.co.uk
https://financialadvisers.co.uk/financial-planning/dumbarton/?pl_p=22&pl_m=40,Grant Robert Alexander Scholefield,evolveadvice.com
https://financialadvisers.co.uk/financial-planning/dumbarton/?pl_p=22&pl_m=40,Marc Thomson Mortgages & Wealth Ltd,mtmw.co.uk
https://financialadvisers.co.uk/financial-planning/dumbarton/?pl_p=22&pl_m=40,Kings Park Financial Management (Scotland) Ltd,kpfm.co.uk
https://financialadvisers.co.uk/financial-planning/dumbarton/?pl_p=22&pl_m=40,George Gill Financial Services Ltd,
https://financialadvisers.co.uk/financial-planning/dumbarton/?pl_p=22&pl_m=40,Walter Reynolds,
https://financialadvisers.co.uk/financial-planning/dumbarton/?pl_p=22&pl_m=40,Lomond Wealth Management Limited,lomondwealth.com
https://financialadvisers.co.uk/financial-planning/dumbarton/?pl_p=22&pl_m=40,Lomond Financial Management Group Ltd,lomondwealth.com
https://financialadvisers.co.uk/financial-planning/dumbarton/?pl_p=22&pl_m=40,One50 Financial Planning Ltd,one50.co.uk
https://financialadvisers.co.uk/financial-planning/dumbarton/?pl_p=23&pl_m=40,Clydevalley Financial Solutions Limited,clydevalleyfs.co.uk
https://financialadvisers.co.uk/financial-planning/dumbarton/?pl_p=23&pl_m=40,Filsell Wealth Ltd,filsellwealth.co.uk
https://financialadvisers.co.uk/financial-planning/dumbarton/?pl_p=23&pl_m=40,Darren Davidson,claritywealthservices.co.uk
https://financialadvisers.co.uk/financial-planning/dumbarton/?pl_p=23&pl_m=40,Integrated Wealth Management Ltd,iwm-group.com
https://financialadvisers.co.uk/financial-planning/dumbarton/?pl_p=23&pl_m=40,McArthur Smith Financial Management Ltd,mcarthursmith.co.uk
https://financialadvisers.co.uk/financial-planning/dumbarton/?pl_p=23&pl_m=40,The Iris Partnership,irismortgages.co.uk
https://financialadvisers.co.uk/financial-planning/dumbarton/?pl_p=23&pl_m=40,Robertson Jones Wealth Management Ltd,partnership.sjp.co.uk/partner/rjwm
https://financialadvisers.co.uk/financial-planning/dumbarton/?pl_p=23&pl_m=40,Graham Grant IFA Limited,aol.com
https://financialadvisers.co.uk/financial-planning/dumbarton/?pl_p=23&pl_m=40,A&G Financial Planning Limited,mandgwealth.com/aandgfinancialplanning
https://financialadvisers.co.uk/financial-planning/dumbarton/?pl_p=23&pl_m=40,Andrew Reid,
https://financialadvisers.co.uk/financial-planning/dumbarton/?pl_p=23&pl_m=40,DPB Wealth Management Limited,dpbwealth.co.uk
https://financialadvisers.co.uk/financial-planning/dumbarton/?pl_p=23&pl_m=40,TC WEALTH MANAGEMENT LTD,mandgwealth.com/tcwealthmanagement
https://financialadvisers.co.uk/financial-planning/dumbarton/?pl_p=23&pl_m=40,Beaufort Financial (Forth Valley) Ltd,beaufortfinancial.co.uk
https://financialadvisers.co.uk/financial-planning/dumbarton/?pl_p=23&pl_m=40,A.R.D. Consultancy Limited,ardconsultancy.co.uk
https://financialadvisers.co.uk/financial-planning/dumbarton/?pl_p=23&pl_m=40,Iain Lowe Wealth Management Ltd,2plan.com
https://financialadvisers.co.uk/financial-planning/dumbarton/?pl_p=24&pl_m=40,Apple Wealth Ltd,partnership.sjp.co.uk/partner/applewealth
https://financialadvisers.co.uk/financial-planning/dumbarton/?pl_p=24&pl_m=40,Vivid Wealth Ltd,vividwealth.co.uk
https://financialadvisers.co.uk/financial-planning/dumbarton/?pl_p=24&pl_m=40,Juniper Financial Planning Ltd,juniperfp.co.uk
https://financialadvisers.co.uk/financial-planning/dumbarton/?pl_p=24&pl_m=40,Brian Close Wealth Management Limited,brianclose.2plan.com
https://financialadvisers.co.uk/financial-planning/dumbarton/?pl_p=24&pl_m=40,Syndaxi Financial Planning Ltd,syndaxi.co.uk
https://financialadvisers.co.uk/financial-planning/dumbarton/?pl_p=24&pl_m=40,Tanner Financial Advice Ltd,tannerfinancial.co.uk
https://financialadvisers.co.uk/financial-planning/dumbarton/?pl_p=24&pl_m=40,David Munro Financial Services Limited,davidmunrofinancialserviceslimited.co.uk
https://financialadvisers.co.uk/financial-planning/dumbarton/?pl_p=24&pl_m=40,Carrick IFC Ltd,carricklife.co.uk
https://financialadvisers.co.uk/financial-planning/dumbarton/?pl_p=24&pl_m=40,Ardmore Financial Planning Limited,ardmorefinancial.co.uk
https://financialadvisers.co.uk/financial-planning/dumbarton/?pl_p=24&pl_m=40,Hastie Wealth Management Ltd,mandgwealth.com/hastiewealthmanagement
https://financialadvisers.co.uk/financial-planning/dumbarton/?pl_p=24&pl_m=40,Antonine Investment Managers Limited,antonineim.co.uk
https://financialadvisers.co.uk/financial-planning/dumbarton/?pl_p=24&pl_m=40,Libertas Financial Management Ltd,libertasfm.co.uk
https://financialadvisers.co.uk/financial-planning/dumbarton/?pl_p=24&pl_m=40,Campbell Alexander Financial Management Ltd,cafinancial.co.uk
https://financialadvisers.co.uk/financial-planning/dumbarton/?pl_p=24&pl_m=40,TSH (Financial Services) Ltd,
https://financialadvisers.co.uk/financial-planning/dumbarton/?pl_p=24&pl_m=40,Isabelle Cairns,partnership.sjp.co.uk/partner/isabellecairns
https://financialadvisers.co.uk/financial-planning/dumbarton/?pl_p=25&pl_m=40,Brian Lynn Financial Services,
https://financialadvisers.co.uk/financial-planning/dumbarton/?pl_p=25&pl_m=40,Ken Nairn Limited,kennairn.co.uk
https://financialadvisers.co.uk/financial-planning/dumbarton/?pl_p=25&pl_m=40,Lang Financial Scotland Limited,langfinancial.co.uk
https://financialadvisers.co.uk/financial-planning/dumbarton/?pl_p=25&pl_m=40,Alex Philp,
https://financialadvisers.co.uk/financial-planning/dumbarton/?pl_p=25&pl_m=40,Douglas Watson,
https://financialadvisers.co.uk/financial-planning/dumbarton/?pl_p=25&pl_m=40,James Sheldon Hall,goldenyearsmortgages.co.uk
https://financialadvisers.co.uk/financial-planning/dumbarton/?pl_p=25&pl_m=40,GKD Shepherds Ltd,gkdsifa.co.uk
https://financialadvisers.co.uk/financial-planning/dumbarton/?pl_p=25&pl_m=40,WD Wealth Management Limited,wdwealth.co.uk
https://financialadvisers.co.uk/financial-planning/dumbarton/?pl_p=25&pl_m=40,Strathayr Financial Services LLP,strathayr.co.uk
https://financialadvisers.co.uk/financial-planning/dumbarton/?pl_p=25&pl_m=40,AB Vision Financial Ltd,abvision.co.uk
https://financialadvisers.co.uk/financial-planning/dumbarton/?pl_p=25&pl_m=40,Eric Watson Financial Solutions Ltd,ericwatsonfs.co.uk
https://financialadvisers.co.uk/financial-planning/dumbarton/?pl_p=25&pl_m=40,Argyll Wealth Consultants Limited,sjp.co.ukargyll
https://financialadvisers.co.uk/financial-planning/dumbarton/?pl_p=25&pl_m=40,Mackintosh Beardsley Wealth Management Limited,
https://financialadvisers.co.uk/financial-planning/dumbarton/?pl_p=25&pl_m=40,Kayleigh Dorrian,archerjoyfp.co.uk
https://financialadvisers.co.uk/financial-planning/dumbarton/?pl_p=25&pl_m=40,Robert MacIntyre,
https://financialadvisers.co.uk/financial-planning/dumbarton/?pl_p=26&pl_m=40,Resolute Financial Advisers LLP,resolutefa.co.uk
https://financialadvisers.co.uk/financial-planning/dumbarton/?pl_p=26&pl_m=40,Executive Benefit Services (UK) Limited,ebsuk.com
https://financialadvisers.co.uk/financial-planning/dumbarton/?pl_p=26&pl_m=40,R.C. McLeish Insurance Consultants Ltd,rcmcleish.com
https://financialadvisers.co.uk/financial-planning/dumbarton/?pl_p=26&pl_m=40,Scotzone Insurance Consultants Limited,scotzone.co.uk
https://financialadvisers.co.uk/financial-planning/dumbarton/?pl_p=26&pl_m=40,Swilcan Financial Partners Limited,swilcanfinancialpartners.co.uk
https://financialadvisers.co.uk/financial-planning/dumbarton/?pl_p=26&pl_m=40,Adelp Financial Solutions Ltd,adelpfs.co.uk
https://financialadvisers.co.uk/financial-planning/dumbarton/?pl_p=26&pl_m=40,Poise Financial Planning Limited,poisefp.co.uk
https://financialadvisers.co.uk/financial-planning/dumbarton/?pl_p=26&pl_m=40,Vincent Throp Limited,openwork.uk.com
https://financialadvisers.co.uk/financial-planning/dumbarton/?pl_p=26&pl_m=40,Sutherland Mayfair Financial Planning Ltd,partnership.sjp.co.uk/partner/sutherlandmayfair
https://financialadvisers.co.uk/financial-planning/dumbarton/?pl_p=26&pl_m=40,Medical & Professional CFP Ltd,wealthprofessional.co.uk
https://financialadvisers.co.uk/financial-planning/dumbarton/?pl_p=26&pl_m=40,Heritable Limited,heritableltd.co.uk
https://financialadvisers.co.uk/financial-planning/dumbarton/?pl_p=26&pl_m=40,Inglis Financial Advice Ltd,ifascotland.co.uk
https://financialadvisers.co.uk/financial-planning/dumbarton/?pl_p=26&pl_m=40,Forthview Financial Planning Ltd,mandgwealth.com/forthviewfinancialplanning
https://financialadvisers.co.uk/financial-planning/dumbarton/?pl_p=26&pl_m=40,John Yuille Financial Services Ltd,jyfs.co.uk
https://financialadvisers.co.uk/financial-planning/dumbarton/?pl_p=26&pl_m=40,James Robertson,
https://financialadvisers.co.uk/financial-planning/dumbarton/?pl_p=27&pl_m=40,Skyridge Financial Planning LLP,skyridgefinancial.co.uk
https://financialadvisers.co.uk/financial-planning/dumbarton/?pl_p=27&pl_m=40,Stirling Financial Management (UK) Limited,stirfinan.co.uk
https://financialadvisers.co.uk/financial-planning/dumbarton/?pl_p=27&pl_m=40,Alan Steel (Asset Management) Limited,alansteel.com
https://financialadvisers.co.uk/financial-planning/dumbarton/?pl_p=27&pl_m=40,Gillespie Financial Limited,gillespiefinancial.com
https://financialadvisers.co.uk/financial-planning/dumbarton/?pl_p=27&pl_m=40,Jonathan Smith Consulting Ltd,jonathansmithconsulting.co.uk
https://financialadvisers.co.uk/financial-planning/dumbarton/?pl_p=27&pl_m=40,Goldstone Wealth Management Ltd,goldstonewealth.co.uk
https://financialadvisers.co.uk/financial-planning/dumbarton/?pl_p=27&pl_m=40,Policy Services Limited,policyservices.co.uk
https://financialadvisers.co.uk/financial-planning/dumbarton/?pl_p=27&pl_m=40,Steven Auldjo,dynamicws.co.uk
https://financialadvisers.co.uk/financial-planning/dumbarton/?pl_p=27&pl_m=40,Ross Bell Associates Ltd,ross-bell.co.uk
