Source,Company Name,Website Link
https://financialadvisers.co.uk/financial-planning/ipswich/?pl_p=1&pl_m=40,Woodward Markwell Financial Advisers Limited,woodwardmarkwell.co.uk
https://financialadvisers.co.uk/financial-planning/ipswich/?pl_p=1&pl_m=40,Williams Farrall Woodward Ltd,wfw.co.uk
https://financialadvisers.co.uk/financial-planning/ipswich/?pl_p=1&pl_m=40,Personal Financial Solutions Ltd,personalfinancialsolutions.co.uk
https://financialadvisers.co.uk/financial-planning/ipswich/?pl_p=1&pl_m=40,Orwell Securities (Ipswich) Limited,amberriver.com
https://financialadvisers.co.uk/financial-planning/ipswich/?pl_p=1&pl_m=40,Mark Bischoff,medicalinsurance.co.uk
https://financialadvisers.co.uk/financial-planning/ipswich/?pl_p=1&pl_m=40,Big Skies Wealth Management Limited,bigskieswealth.co.uk
https://financialadvisers.co.uk/financial-planning/ipswich/?pl_p=1&pl_m=40,Hutchison Financial Ltd,thinkpositive.co.uk
https://financialadvisers.co.uk/financial-planning/ipswich/?pl_p=1&pl_m=40,Tom Farrell Financial Planning Ltd,tffp.co.uk
https://financialadvisers.co.uk/financial-planning/ipswich/?pl_p=1&pl_m=40,Swallow Financial Investment Management Ltd,swallow-financial.co.uk
https://financialadvisers.co.uk/financial-planning/ipswich/?pl_p=1&pl_m=40,Morgan Law (Financial Services) Limited,morganlawfinancialservices.co.uk
https://financialadvisers.co.uk/financial-planning/ipswich/?pl_p=1&pl_m=40,Manor IFA Limited,manorifa.co.uk
https://financialadvisers.co.uk/financial-planning/ipswich/?pl_p=1&pl_m=40,Heritage Coast Asset Management ltd,heritagecoastifa.co.uk
https://financialadvisers.co.uk/financial-planning/ipswich/?pl_p=1&pl_m=40,Seago Butler + Stopps Financial Services Ltd,seagobutlerstopps.co.uk
https://financialadvisers.co.uk/financial-planning/ipswich/?pl_p=1&pl_m=40,Ipswich Financial Services Limited,ipswichfs.co.uk
https://financialadvisers.co.uk/financial-planning/ipswich/?pl_p=1&pl_m=40,James Roper,partnership.sjp.co.uk/partner/jamesroper
https://financialadvisers.co.uk/financial-planning/ipswich/?pl_p=2&pl_m=40,Citrus Wealth Management Limited,citrusgroup.co.uk
https://financialadvisers.co.uk/financial-planning/ipswich/?pl_p=2&pl_m=40,Parallel Wealth Management Limited,parallelwealthmanagement.co.uk
https://financialadvisers.co.uk/financial-planning/ipswich/?pl_p=2&pl_m=40,Nicholas Financial Limited,nicholasfinancial.co.uk
https://financialadvisers.co.uk/financial-planning/ipswich/?pl_p=2&pl_m=40,Doug Wade Insurance Consultant,dougwade.co.uk
https://financialadvisers.co.uk/financial-planning/ipswich/?pl_p=2&pl_m=40,Hollycroft Financial Management Ltd,hollycroftfm.co.uk
https://financialadvisers.co.uk/financial-planning/ipswich/?pl_p=2&pl_m=40,Cardinal Financial Planning and Wealth Management Limited,cardinalwealth.co.uk
https://financialadvisers.co.uk/financial-planning/ipswich/?pl_p=2&pl_m=40,Pearson Wealth Management Ltd,pearsonfinancial.co.uk
https://financialadvisers.co.uk/financial-planning/ipswich/?pl_p=2&pl_m=40,Stewart Wealth Management Ltd,swm-ltd.co.uk
https://financialadvisers.co.uk/financial-planning/ipswich/?pl_p=2&pl_m=40,Jo Powis Financial Planning Limited,jopowis.co.uk
https://financialadvisers.co.uk/financial-planning/ipswich/?pl_p=2&pl_m=40,TFG (Eastern) Limited,thefg.co.uk
https://financialadvisers.co.uk/financial-planning/ipswich/?pl_p=2&pl_m=40,Galleon Wealth Management Limited,galleonwealth.co.uk
https://financialadvisers.co.uk/financial-planning/ipswich/?pl_p=2&pl_m=40,Glencastle Financial Services Limited,glencastlefs.co.uk
https://financialadvisers.co.uk/financial-planning/ipswich/?pl_p=2&pl_m=40,Andrews Wealth Ltd,andrewswealth.co.uk
https://financialadvisers.co.uk/financial-planning/ipswich/?pl_p=2&pl_m=40,Paul Bryanton,paulbryantonwm.co.uk
https://financialadvisers.co.uk/financial-planning/ipswich/?pl_p=2&pl_m=40,Financial Synergy Ltd,
https://financialadvisers.co.uk/financial-planning/ipswich/?pl_p=3&pl_m=40,Case Wealth Management Limited,casewealth.co.uk
https://financialadvisers.co.uk/financial-planning/ipswich/?pl_p=3&pl_m=40,AJ Senior Wealth Management Ltd,ajseniorwm.co.uk
https://financialadvisers.co.uk/financial-planning/ipswich/?pl_p=3&pl_m=40,Lighthouse Platinum Wealth Management Ltd,lighthouseplatinum.com
https://financialadvisers.co.uk/financial-planning/ipswich/?pl_p=3&pl_m=40,Essential IFA Limited,essentialifa.com
https://financialadvisers.co.uk/financial-planning/ipswich/?pl_p=3&pl_m=40,Kingsfleet Wealth Limited,kingsfleetwealth.co.uk
https://financialadvisers.co.uk/financial-planning/ipswich/?pl_p=3&pl_m=40,Alpha-Omega Financial Services Ltd,ao-fs.co.uk
https://financialadvisers.co.uk/financial-planning/ipswich/?pl_p=3&pl_m=40,MWT Wealth Management Limited,
https://financialadvisers.co.uk/financial-planning/ipswich/?pl_p=3&pl_m=40,D A Mann Limited,
https://financialadvisers.co.uk/financial-planning/ipswich/?pl_p=3&pl_m=40,Fraser-Hann Financial Services Limited,fraser-hann.co.uk
https://financialadvisers.co.uk/financial-planning/ipswich/?pl_p=3&pl_m=40,IMS Wealth Ltd,imswealth.co.uk
https://financialadvisers.co.uk/financial-planning/ipswich/?pl_p=3&pl_m=40,Kevin Doherty,partnership.sjp.co.uk/partner/kevindoherty
https://financialadvisers.co.uk/financial-planning/ipswich/?pl_p=3&pl_m=40,Debenwood Financial Planning Limited,debenwood.co.uk
https://financialadvisers.co.uk/financial-planning/ipswich/?pl_p=3&pl_m=40,Nicholas Plumb,plumbfs.co.uk
https://financialadvisers.co.uk/financial-planning/ipswich/?pl_p=3&pl_m=40,Gary Bunkell,
https://financialadvisers.co.uk/financial-planning/ipswich/?pl_p=3&pl_m=40,Damant Wealth Management Limited,damantwealthmanagement.co.uk
https://financialadvisers.co.uk/financial-planning/ipswich/?pl_p=4&pl_m=40,City & Trust Finance Limited,cityandtrust.co.uk
https://financialadvisers.co.uk/financial-planning/ipswich/?pl_p=4&pl_m=40,XL Independent Financial Advisers Ltd,xlifa.co.uk
https://financialadvisers.co.uk/financial-planning/ipswich/?pl_p=4&pl_m=40,Longbon & Co Ltd,longbon.com
https://financialadvisers.co.uk/financial-planning/ipswich/?pl_p=4&pl_m=40,Organic Financial Solutions Ltd,organicfinancialsolutions.com
https://financialadvisers.co.uk/financial-planning/ipswich/?pl_p=4&pl_m=40,R&J Wealth Ltd,randjwealth.com
https://financialadvisers.co.uk/financial-planning/ipswich/?pl_p=4&pl_m=40,Celia Mason Wealth Management Ltd,celiamason.co.uk
https://financialadvisers.co.uk/financial-planning/ipswich/?pl_p=4&pl_m=40,Deben Private Wealth,debenprivatewealth.co.uk
https://financialadvisers.co.uk/financial-planning/ipswich/?pl_p=4&pl_m=40,Primus Financial Solutions (East Anglia) Ltd,primusfinancial.co.uk
https://financialadvisers.co.uk/financial-planning/ipswich/?pl_p=4&pl_m=40,Toucan Financial Services Ltd,toucanfs.co.uk
https://financialadvisers.co.uk/financial-planning/ipswich/?pl_p=4&pl_m=40,Home Financial Consultants Limited,hfcifa.co.uk
https://financialadvisers.co.uk/financial-planning/ipswich/?pl_p=4&pl_m=40,Matthew Douglas Ltd,matthewdouglas.co.uk
https://financialadvisers.co.uk/financial-planning/ipswich/?pl_p=4&pl_m=40,Elmhurst Financial Planning Ltd,elmhurstfinancialplanning.co.uk
https://financialadvisers.co.uk/financial-planning/ipswich/?pl_p=4&pl_m=40,Mark J Morsley & Associates Limited,markjmorsley.com
https://financialadvisers.co.uk/financial-planning/ipswich/?pl_p=4&pl_m=40,Beechwood Financial Management Ltd,beechwoodfm.co.uk
https://financialadvisers.co.uk/financial-planning/ipswich/?pl_p=4&pl_m=40,John Butters IFA,
https://financialadvisers.co.uk/financial-planning/ipswich/?pl_p=5&pl_m=40,Broadgate Financial Consulting Limited,hugocraggs.co.uk
https://financialadvisers.co.uk/financial-planning/ipswich/?pl_p=5&pl_m=40,CDC Consultancy Limited,cdcadvice.com
https://financialadvisers.co.uk/financial-planning/ipswich/?pl_p=5&pl_m=40,Thompson Financial Consulting Ltd,thompsonfc.com
https://financialadvisers.co.uk/financial-planning/ipswich/?pl_p=5&pl_m=40,Blue Square Financial Limited,bluesquarefinancial.com
https://financialadvisers.co.uk/financial-planning/ipswich/?pl_p=5&pl_m=40,Allen & Company Financial Management Ltd,allenfinancial.co.uk
https://financialadvisers.co.uk/financial-planning/ipswich/?pl_p=5&pl_m=40,Revolution Wealth Management Limited,revolutionwealth.co.uk
https://financialadvisers.co.uk/financial-planning/ipswich/?pl_p=5&pl_m=40,Fiducia Wealth Management Limited,fiduciawealth.co.uk
https://financialadvisers.co.uk/financial-planning/ipswich/?pl_p=5&pl_m=40,Alex Lloyd Wealth Management Ltd,partnership.sjp.co.uk/partner/alexlloyd
https://financialadvisers.co.uk/financial-planning/ipswich/?pl_p=5&pl_m=40,White Mortgage Advice Ltd,whitemortgageadvice.co.uk
https://financialadvisers.co.uk/financial-planning/ipswich/?pl_p=5&pl_m=40,Blake and Day Financial Planning Limited,bdfinancial.co.uk
https://financialadvisers.co.uk/financial-planning/ipswich/?pl_p=5&pl_m=40,Upper Park Trading Limited,upperpark.co.uk
https://financialadvisers.co.uk/financial-planning/ipswich/?pl_p=5&pl_m=40,Ian Brightwell Financial Planning Limited,partnership.sjp.co.uk/partner/ianbright
https://financialadvisers.co.uk/financial-planning/ipswich/?pl_p=5&pl_m=40,Thomlinson Wealth Management Limited,thomlinsonwealthmanagement.co.uk
https://financialadvisers.co.uk/financial-planning/ipswich/?pl_p=5&pl_m=40,Brightside Wealth Management Limited,brightsidewealthmanagement.co.uk
https://financialadvisers.co.uk/financial-planning/ipswich/?pl_p=5&pl_m=40,Douglas Steers & Company Ltd,douglassteers.co.uk
https://financialadvisers.co.uk/financial-planning/ipswich/?pl_p=6&pl_m=40,Peter Cox,
https://financialadvisers.co.uk/financial-planning/ipswich/?pl_p=6&pl_m=40,Mike Charles Watson,mwifa.com
https://financialadvisers.co.uk/financial-planning/ipswich/?pl_p=6&pl_m=40,Woodruff Financial Planning Limited,woodruff-fp.co.uk
https://financialadvisers.co.uk/financial-planning/ipswich/?pl_p=6&pl_m=40,Bryant O'Neill Wealth Management Limited,bowm.co.uk
https://financialadvisers.co.uk/financial-planning/ipswich/?pl_p=6&pl_m=40,Hughes Firman Ovel Asset Management Ltd,hughesfirmanovel.com
https://financialadvisers.co.uk/financial-planning/ipswich/?pl_p=6&pl_m=40,Searles Financial Planning Limited,partnership.sjp.co.uk/partner/juliesearles
https://financialadvisers.co.uk/financial-planning/ipswich/?pl_p=6&pl_m=40,East Anglian Financial Planning Limited,eafp.co.uk
https://financialadvisers.co.uk/financial-planning/ipswich/?pl_p=6&pl_m=40,Lexden Wealth Management Limited,lwml.co.uk
https://financialadvisers.co.uk/financial-planning/ipswich/?pl_p=6&pl_m=40,Winthrop Financial Planning Limited,nickdcox.co.uk
https://financialadvisers.co.uk/financial-planning/ipswich/?pl_p=6&pl_m=40,SHK Finance Ltd,shkfinance.co.uk
https://financialadvisers.co.uk/financial-planning/ipswich/?pl_p=6&pl_m=40,Woodlands WM Ltd,woodlandswealthmanagement.co.uk
https://financialadvisers.co.uk/financial-planning/ipswich/?pl_p=6&pl_m=40,Optimal Financial Services Limited,optimalfinancials.com
https://financialadvisers.co.uk/financial-planning/ipswich/?pl_p=6&pl_m=40,Alan Hill Financial Planning Ltd,alanhillfp.co.uk
https://financialadvisers.co.uk/financial-planning/ipswich/?pl_p=6&pl_m=40,Langham Associates Limited,langham-associates.co.uk
https://financialadvisers.co.uk/financial-planning/ipswich/?pl_p=6&pl_m=40,Stephen Campbell,
https://financialadvisers.co.uk/financial-planning/ipswich/?pl_p=7&pl_m=40,Emery (IFA) Limited,amberriver.com
https://financialadvisers.co.uk/financial-planning/ipswich/?pl_p=7&pl_m=40,Scrutton Bland Financial Services Limited,amberriver.com
https://financialadvisers.co.uk/financial-planning/ipswich/?pl_p=7&pl_m=40,Claire Rowell,sjpp.co.ukclairerowell
https://financialadvisers.co.uk/financial-planning/ipswich/?pl_p=7&pl_m=40,Yew Tree Financial Planning Ltd,yewtreefp.co.uk
https://financialadvisers.co.uk/financial-planning/ipswich/?pl_p=7&pl_m=40,Inspired Mortgage Solutions Limited,inspiremortgages.co.uk
https://financialadvisers.co.uk/financial-planning/ipswich/?pl_p=7&pl_m=40,Rivendell Financial Solutions Ltd,rivendellfs.co.uk
https://financialadvisers.co.uk/financial-planning/ipswich/?pl_p=7&pl_m=40,Causeway Financial Management Ltd,causewayfinancial.co.uk
https://financialadvisers.co.uk/financial-planning/ipswich/?pl_p=7&pl_m=40,Ajax Wealth Management Limited,ajaxwealth.co.uk
https://financialadvisers.co.uk/financial-planning/ipswich/?pl_p=7&pl_m=40,Charles Kench,
https://financialadvisers.co.uk/financial-planning/ipswich/?pl_p=7&pl_m=40,Kieron Field,partnership.sjp.co.uk/partner/kieronfield
https://financialadvisers.co.uk/financial-planning/ipswich/?pl_p=7&pl_m=40,Sweeny Wealth Management Ltd,sweenywealth.co.uk
https://financialadvisers.co.uk/financial-planning/ipswich/?pl_p=7&pl_m=40,Ian Jeffrey Levey,salusfs.co.uk
https://financialadvisers.co.uk/financial-planning/ipswich/?pl_p=7&pl_m=40,Plan Money Ltd,plan-money.co.uk
https://financialadvisers.co.uk/financial-planning/ipswich/?pl_p=7&pl_m=40,McKenzie Rose LLP,mckenzierose.co.uk
https://financialadvisers.co.uk/financial-planning/ipswich/?pl_p=7&pl_m=40,Bentley Financial Planning Ltd,partnership.sjp.co.uk/partner/bentleyfp
https://financialadvisers.co.uk/financial-planning/ipswich/?pl_p=8&pl_m=40,Granville James (Financial Planning) Ltd,gjfp.co.uk
https://financialadvisers.co.uk/financial-planning/ipswich/?pl_p=8&pl_m=40,BGA Financial Services Limited,bgafs.co.uk
https://financialadvisers.co.uk/financial-planning/ipswich/?pl_p=8&pl_m=40,Shouksmith Financial Planning Ltd,
https://financialadvisers.co.uk/financial-planning/ipswich/?pl_p=8&pl_m=40,MOYES Financial Planning Limited,moyes.investments
https://financialadvisers.co.uk/financial-planning/ipswich/?pl_p=8&pl_m=40,Future Financial Planning Ltd,futurefp.com
https://financialadvisers.co.uk/financial-planning/ipswich/?pl_p=8&pl_m=40,SJW Independent Financial Management Limited,sjw-ifm.com
https://financialadvisers.co.uk/financial-planning/ipswich/?pl_p=8&pl_m=40,Arcaria Financial Solutions Ltd,arcaria.com
https://financialadvisers.co.uk/financial-planning/ipswich/?pl_p=8&pl_m=40,Optimum Independent Financial Advisers Limited,optimum-ifa.co.uk
https://financialadvisers.co.uk/financial-planning/ipswich/?pl_p=8&pl_m=40,Braiswick Wealth Management Ltd,mandgwealth.com/braiswickwealthmanagement
https://financialadvisers.co.uk/financial-planning/ipswich/?pl_p=8&pl_m=40,Clear Financial Services (UK) Ltd,clearfinancialservices.co.uk
https://financialadvisers.co.uk/financial-planning/ipswich/?pl_p=8&pl_m=40,Just Mortgages Direct Limited,justmortgages.co.uk
https://financialadvisers.co.uk/financial-planning/ipswich/?pl_p=8&pl_m=40,Birkett Long IFA LLP,birkettlongifa.co.uk
https://financialadvisers.co.uk/financial-planning/ipswich/?pl_p=8&pl_m=40,Greensward Financial Planning Limited,amwm.co.uk
https://financialadvisers.co.uk/financial-planning/ipswich/?pl_p=8&pl_m=40,Mortgage Eye,mtg-eye.com
https://financialadvisers.co.uk/financial-planning/ipswich/?pl_p=8&pl_m=40,Peter Lee,
https://financialadvisers.co.uk/financial-planning/ipswich/?pl_p=9&pl_m=40,Nick Spence,nickspence.co.uk
https://financialadvisers.co.uk/financial-planning/ipswich/?pl_p=9&pl_m=40,Andrew Duley,duleypractice.co.uk
https://financialadvisers.co.uk/financial-planning/ipswich/?pl_p=9&pl_m=40,Adele Waters Wealth Management Limited,adelewaterswealth.co.uk
https://financialadvisers.co.uk/financial-planning/ipswich/?pl_p=9&pl_m=40,Martin-Redman (UK) Limited,martin-redmanpartners.co.uk
https://financialadvisers.co.uk/financial-planning/ipswich/?pl_p=9&pl_m=40,Capel Court Public Limited Company,capelcourt.com
https://financialadvisers.co.uk/financial-planning/ipswich/?pl_p=9&pl_m=40,Robin Edward Hill,
https://financialadvisers.co.uk/financial-planning/ipswich/?pl_p=9&pl_m=40,Berg-Davies Associates Ltd,bergdaviesassociates.co.uk
https://financialadvisers.co.uk/financial-planning/ipswich/?pl_p=9&pl_m=40,Edmans IFA Ltd,edmansifa.com
https://financialadvisers.co.uk/financial-planning/ipswich/?pl_p=9&pl_m=40,R.J. Hurst & Partners Limited,hurstfm.co.uk
https://financialadvisers.co.uk/financial-planning/ipswich/?pl_p=9&pl_m=40,Vita Finance Ltd,vitafinance.co.uk
https://financialadvisers.co.uk/financial-planning/ipswich/?pl_p=9&pl_m=40,Paul Jolly Financial Services Limited,
https://financialadvisers.co.uk/financial-planning/ipswich/?pl_p=9&pl_m=40,Lee Adams Wealth Management Limited,sjpp.co.uk/leeadams
https://financialadvisers.co.uk/financial-planning/ipswich/?pl_p=9&pl_m=40,Robert Hobson Wealth Management Limited,roberthobson.co.uk
https://financialadvisers.co.uk/financial-planning/ipswich/?pl_p=9&pl_m=40,Dean J. Last Wealth Management Ltd,deanlast.co.uk
https://financialadvisers.co.uk/financial-planning/ipswich/?pl_p=9&pl_m=40,Colin Ross Financial Planning Ltd,partnership.sjp.co.uk/partner/colinross
https://financialadvisers.co.uk/financial-planning/ipswich/?pl_p=10&pl_m=40,Sylvie Pearson-King,sylviefinancial.co.uk
https://financialadvisers.co.uk/financial-planning/ipswich/?pl_p=10&pl_m=40,New Mortgages Ltd,
https://financialadvisers.co.uk/financial-planning/ipswich/?pl_p=10&pl_m=40,Pearce Sargent Financial Planning Limited,pearcesargent.co.uk
https://financialadvisers.co.uk/financial-planning/ipswich/?pl_p=10&pl_m=40,Robinson Financial Planning Limited,robinsonfp.co.uk
https://financialadvisers.co.uk/financial-planning/ipswich/?pl_p=10&pl_m=40,Paul Crawley,foremostfinancial.net
https://financialadvisers.co.uk/financial-planning/ipswich/?pl_p=10&pl_m=40,Monteagle Wealth Management Limited,monteaglewm.co.uk
https://financialadvisers.co.uk/financial-planning/ipswich/?pl_p=10&pl_m=40,Carter Pearl Limited,carterpearl.co.uk
https://financialadvisers.co.uk/financial-planning/ipswich/?pl_p=10&pl_m=40,R & H Partnership,randhpartnership.co.uk
https://financialadvisers.co.uk/financial-planning/ipswich/?pl_p=10&pl_m=40,St Peters Financial Planning Limited,stpetersfinancialplanning.co.uk
https://financialadvisers.co.uk/financial-planning/ipswich/?pl_p=10&pl_m=40,BFP Wealth Management Ltd,bfpwealthmanagement.co.uk
https://financialadvisers.co.uk/financial-planning/ipswich/?pl_p=10&pl_m=40,Gracechurch Financial Services Ltd,gracechurchfs.co.uk
https://financialadvisers.co.uk/financial-planning/ipswich/?pl_p=10&pl_m=40,Gainsborough Wealth Management Limited,gainsboroughwealthmanagement.co.uk
https://financialadvisers.co.uk/financial-planning/ipswich/?pl_p=10&pl_m=40,Simon Hill,
https://financialadvisers.co.uk/financial-planning/ipswich/?pl_p=10&pl_m=40,Mark Burton Mortgage and Protection Services Limited,
https://financialadvisers.co.uk/financial-planning/ipswich/?pl_p=10&pl_m=40,Ashish Popat,arvanwealth.co.uk
https://financialadvisers.co.uk/financial-planning/ipswich/?pl_p=11&pl_m=40,Coffey Tomkins Financial Services Ltd,coffeybrooks.com
https://financialadvisers.co.uk/financial-planning/ipswich/?pl_p=11&pl_m=40,Coffey Brooks Financial Services Ltd,coffeybrooks.com
https://financialadvisers.co.uk/financial-planning/ipswich/?pl_p=11&pl_m=40,WRS Fornham Financial Partners Ltd,wrsfornham.co.uk
https://financialadvisers.co.uk/financial-planning/ipswich/?pl_p=11&pl_m=40,Somerville Financial Services Limited,somervillefs.co.uk
https://financialadvisers.co.uk/financial-planning/ipswich/?pl_p=11&pl_m=40,Paul Tillcock Financial Solutions Limited,ptfs.tppowered.com
https://financialadvisers.co.uk/financial-planning/ipswich/?pl_p=11&pl_m=40,Susan Sneath,
https://financialadvisers.co.uk/financial-planning/ipswich/?pl_p=11&pl_m=40,Peach Financial,peachfinancial.net
https://financialadvisers.co.uk/financial-planning/ipswich/?pl_p=11&pl_m=40,Barnaby Scothern,
https://financialadvisers.co.uk/financial-planning/ipswich/?pl_p=11&pl_m=40,Page Russell Ltd,pagerussell.co.uk
https://financialadvisers.co.uk/financial-planning/ipswich/?pl_p=11&pl_m=40,Paul Ward,paulwardwealth.co.uk
https://financialadvisers.co.uk/financial-planning/ipswich/?pl_p=11&pl_m=40,Chandler House Financial Planning Ltd,chfp.co.uk
https://financialadvisers.co.uk/financial-planning/ipswich/?pl_p=11&pl_m=40,Paul Adams Wealth Management Ltd,partnership.sjp.co.uk/partner/pauladams
https://financialadvisers.co.uk/financial-planning/ipswich/?pl_p=11&pl_m=40,KM Wealth Management Ltd,kmwealthmanagement.co.uk
https://financialadvisers.co.uk/financial-planning/ipswich/?pl_p=11&pl_m=40,Christopher Lloyd Financial Planning Ltd,mandgwealth.com/christopherlloydfinancialplanning
https://financialadvisers.co.uk/financial-planning/ipswich/?pl_p=11&pl_m=40,Ewan William Donald,thistleconsulting.co.uk
https://financialadvisers.co.uk/financial-planning/ipswich/?pl_p=12&pl_m=40,Thistle Financial Services Limited,thistleconsulting.co.uk
https://financialadvisers.co.uk/financial-planning/ipswich/?pl_p=12&pl_m=40,Colin John Abbott,abcoinsurance.co.uk
https://financialadvisers.co.uk/financial-planning/ipswich/?pl_p=12&pl_m=40,Francis Wealth Management Ltd,franciswealth.co.uk
https://financialadvisers.co.uk/financial-planning/ipswich/?pl_p=12&pl_m=40,GRANITE BUILDING WARRANTIES LTD,granitebw.co.uk
https://financialadvisers.co.uk/financial-planning/ipswich/?pl_p=12&pl_m=40,Metrita Wealth Management Limited,2plan.com
https://financialadvisers.co.uk/financial-planning/ipswich/?pl_p=12&pl_m=40,Crawford Drake Wealth Management Limited,crawforddrake.com
https://financialadvisers.co.uk/financial-planning/ipswich/?pl_p=12&pl_m=40,Mortgage Steps Ltd,mortgagesteps.co.uk
https://financialadvisers.co.uk/financial-planning/ipswich/?pl_p=12&pl_m=40,Rectory Green Financial Services Limited,rectorygreenfs.co.uk
https://financialadvisers.co.uk/financial-planning/ipswich/?pl_p=12&pl_m=40,PLS Financial Services Ltd,plsfinancial.co.uk
https://financialadvisers.co.uk/financial-planning/ipswich/?pl_p=12&pl_m=40,D G Financial Services Limited,dgfs.biz
https://financialadvisers.co.uk/financial-planning/ipswich/?pl_p=12&pl_m=40,Martin Roden Financial Services Limited,martinroden.co.uk
https://financialadvisers.co.uk/financial-planning/ipswich/?pl_p=12&pl_m=40,Rose and North Limited,roseandnorth.com
https://financialadvisers.co.uk/financial-planning/ipswich/?pl_p=12&pl_m=40,Beckford & Lewis Financial Planning Ltd,beckfordandlewis.co.uk
https://financialadvisers.co.uk/financial-planning/ipswich/?pl_p=12&pl_m=40,Oculus Wealth Management (Bury St Edmunds) Limited,oculuswealth.co.uk
https://financialadvisers.co.uk/financial-planning/ipswich/?pl_p=12&pl_m=40,Oyster Wealth Management Limited,oysterwealth.co.uk
https://financialadvisers.co.uk/financial-planning/ipswich/?pl_p=13&pl_m=40,AIC Financial Ltd,aicfinancial.co.uk
https://financialadvisers.co.uk/financial-planning/ipswich/?pl_p=13&pl_m=40,Brereton Jackson Financial Limited,breretonjacksonfinancial.co.uk
https://financialadvisers.co.uk/financial-planning/ipswich/?pl_p=13&pl_m=40,Mervyn Scourfield-Thomas,scourfieldthomas.co.uk
https://financialadvisers.co.uk/financial-planning/ipswich/?pl_p=13&pl_m=40,Churchgate Accountants Limited,churchgates.co.uk
https://financialadvisers.co.uk/financial-planning/ipswich/?pl_p=13&pl_m=40,Coldrey & Bryant Consultants Limited,coldreywm.co.uk
https://financialadvisers.co.uk/financial-planning/ipswich/?pl_p=13&pl_m=40,Abbeygate Wealth Management Ltd,abbeygatewm.co.uk
https://financialadvisers.co.uk/financial-planning/ipswich/?pl_p=13&pl_m=40,EBCam Limited,ebcam.co.uk
https://financialadvisers.co.uk/financial-planning/ipswich/?pl_p=13&pl_m=40,Sandford Financial Planning Limited,andrewsandford.co.uk
https://financialadvisers.co.uk/financial-planning/ipswich/?pl_p=13&pl_m=40,Harrington Wright & Co,harrington-wright.co.uk
https://financialadvisers.co.uk/financial-planning/ipswich/?pl_p=13&pl_m=40,Martin O'Leary,martinoleary.co.uk
https://financialadvisers.co.uk/financial-planning/ipswich/?pl_p=13&pl_m=40,David Williams Financial Solutions Limited,wfsifa.co.uk
https://financialadvisers.co.uk/financial-planning/ipswich/?pl_p=13&pl_m=40,Beckett Financial Services Limited,beckettinvest.com
https://financialadvisers.co.uk/financial-planning/ipswich/?pl_p=13&pl_m=40,Fairey Associates Ltd,faireyassociates.co.uk
https://financialadvisers.co.uk/financial-planning/ipswich/?pl_p=13&pl_m=40,Manikam Wealth Management Ltd,mwm-sjp.co.uk
https://financialadvisers.co.uk/financial-planning/ipswich/?pl_p=13&pl_m=40,Midwinter Financial Planning LTD,midwinterfinancialplanning.co.uk
https://financialadvisers.co.uk/financial-planning/ipswich/?pl_p=14&pl_m=40,Robert Beck Financial Services Limited,robertbeck.co.uk
https://financialadvisers.co.uk/financial-planning/ipswich/?pl_p=14&pl_m=40,knightsbridge Financial Solutions Ltd,kfsl.co.uk
https://financialadvisers.co.uk/financial-planning/ipswich/?pl_p=14&pl_m=40,Ian Gedny,
https://financialadvisers.co.uk/financial-planning/ipswich/?pl_p=14&pl_m=40,Eastgate Financial Ltd,eastgatefinancial.co.uk
https://financialadvisers.co.uk/financial-planning/ipswich/?pl_p=14&pl_m=40,Waveney Valley Independent Financial Advisers Ltd,wvifa.co.uk
https://financialadvisers.co.uk/financial-planning/ipswich/?pl_p=14&pl_m=40,Christopher May,solebayfp.co.uk
https://financialadvisers.co.uk/financial-planning/ipswich/?pl_p=14&pl_m=40,Matthew Avery,partnership.sjp.co.uk/partner/averywealthmanagement
https://financialadvisers.co.uk/financial-planning/ipswich/?pl_p=14&pl_m=40,AARC Associates Limited,corneliuswealth.co.uk
https://financialadvisers.co.uk/financial-planning/ipswich/?pl_p=14&pl_m=40,Money Matters 2u UK Limited,
https://financialadvisers.co.uk/financial-planning/ipswich/?pl_p=14&pl_m=40,Stephen Pitcher,stephenpitcher.co.uk
https://financialadvisers.co.uk/financial-planning/ipswich/?pl_p=14&pl_m=40,Platinum Financial Consulting Limited,platinumifa.co.uk
https://financialadvisers.co.uk/financial-planning/ipswich/?pl_p=14&pl_m=40,Green Rose Financial Services Limited,green-rose.co.uk
https://financialadvisers.co.uk/financial-planning/ipswich/?pl_p=14&pl_m=40,Andrew Harvey,partnership.sjp.co.uk/partner/andrewharvey
https://financialadvisers.co.uk/financial-planning/ipswich/?pl_p=14&pl_m=40,Fenshaw Independent Financial Advisers LLP,fenshaw-ifa.com
https://financialadvisers.co.uk/financial-planning/ipswich/?pl_p=14&pl_m=40,AFL Financial Strategies Ltd,aflfinancial.co.uk
https://financialadvisers.co.uk/financial-planning/ipswich/?pl_p=15&pl_m=40,Mulberry Tree Wealth Management Ltd,
https://financialadvisers.co.uk/financial-planning/ipswich/?pl_p=15&pl_m=40,Thomas and Young Wealth Management Limited,tywm.co.uk
https://financialadvisers.co.uk/financial-planning/ipswich/?pl_p=15&pl_m=40,Fairway McNaughton Ltd,fairwaymcnaughton.co.uk
https://financialadvisers.co.uk/financial-planning/ipswich/?pl_p=15&pl_m=40,St Edmundsbury Wealth Management Ltd,stedswm.co.uk
https://financialadvisers.co.uk/financial-planning/ipswich/?pl_p=15&pl_m=40,Parrett Financial Planning Limited,parrettfinancial.co.uk
https://financialadvisers.co.uk/financial-planning/ipswich/?pl_p=15&pl_m=40,Perceptive Planning Limited,perceptiveplanning.co.uk
https://financialadvisers.co.uk/financial-planning/ipswich/?pl_p=15&pl_m=40,Daniel Salt,danielsalt.co.uk
https://financialadvisers.co.uk/financial-planning/ipswich/?pl_p=15&pl_m=40,Simon Patrick Antony Hull,partnership.sjp.co.uk/simonhull/partner/simonhull
https://financialadvisers.co.uk/financial-planning/ipswich/?pl_p=15&pl_m=40,Gateway Mortgages Limited,gatewaymortgagesuk.com
https://financialadvisers.co.uk/financial-planning/ipswich/?pl_p=15&pl_m=40,Oakfield Financial Services Limited,oakfieldfslimited.co.uk
https://financialadvisers.co.uk/financial-planning/ipswich/?pl_p=15&pl_m=40,Clarity Financial Planning Limited,clarity-ifa.co.uk
https://financialadvisers.co.uk/financial-planning/ipswich/?pl_p=15&pl_m=40,MM Financial Management Limited,mmfm.co.uk
https://financialadvisers.co.uk/financial-planning/ipswich/?pl_p=15&pl_m=40,Paul Davis Financial Planning Ltd,pdavisfinancial.co.uk
https://financialadvisers.co.uk/financial-planning/ipswich/?pl_p=15&pl_m=40,PIA-First Limited,signalcentre.com
https://financialadvisers.co.uk/financial-planning/ipswich/?pl_p=15&pl_m=40,Chapel Kingston Financial Solutions,
https://financialadvisers.co.uk/financial-planning/ipswich/?pl_p=16&pl_m=40,SBK Wealth Ltd,partnership.sjp.co.uk/stephenking/partner/stephenking
https://financialadvisers.co.uk/financial-planning/ipswich/?pl_p=16&pl_m=40,Kings Mortgages Limited,mab.org.uk
https://financialadvisers.co.uk/financial-planning/ipswich/?pl_p=16&pl_m=40,Chapel Wealth Management Group Ltd,chapel-wealth.co.uk
https://financialadvisers.co.uk/financial-planning/ipswich/?pl_p=16&pl_m=40,Horizon Wealth Consultancy Ltd,horizonwealthconsultancy.co.uk
https://financialadvisers.co.uk/financial-planning/ipswich/?pl_p=16&pl_m=40,Sevenaar Limited,
https://financialadvisers.co.uk/financial-planning/ipswich/?pl_p=16&pl_m=40,Blackwater Wealth Management Ltd,blackwaterwealthmanagement.co.uk
https://financialadvisers.co.uk/financial-planning/ipswich/?pl_p=16&pl_m=40,Heybridge Finance Limited,heybridgefinance.co.uk
https://financialadvisers.co.uk/financial-planning/ipswich/?pl_p=16&pl_m=40,Oculus Wealth Management (City) Limited,
https://financialadvisers.co.uk/financial-planning/ipswich/?pl_p=16&pl_m=40,Grangewood Financial Management Ltd,gwfm.co.uk
https://financialadvisers.co.uk/financial-planning/ipswich/?pl_p=16&pl_m=40,Steven Hendrie,brecklandfinancialmanagement.co.uk
https://financialadvisers.co.uk/financial-planning/ipswich/?pl_p=16&pl_m=40,AMAS Investments Limited,amas.co.uk
https://financialadvisers.co.uk/financial-planning/ipswich/?pl_p=16&pl_m=40,MD Wealth Management Limited,md-wealthmanagement.co.uk
https://financialadvisers.co.uk/financial-planning/ipswich/?pl_p=16&pl_m=40,Life Wealth Management Ltd,partnership.sjp.co.ukpartnerlifewealthmanagement
https://financialadvisers.co.uk/financial-planning/ipswich/?pl_p=16&pl_m=40,Burlaw Ltd,ketton-consultants.co.uk
https://financialadvisers.co.uk/financial-planning/ipswich/?pl_p=16&pl_m=40,Frederick Charles Wealth Management Ltd,fcwealth.co.uk
https://financialadvisers.co.uk/financial-planning/ipswich/?pl_p=17&pl_m=40,TFP Financial Planning Ltd,tfp-fp.com
https://financialadvisers.co.uk/financial-planning/ipswich/?pl_p=17&pl_m=40,Family Finance Centre Group Ltd,ffcgroup.co.uk
https://financialadvisers.co.uk/financial-planning/ipswich/?pl_p=17&pl_m=40,Tyrrell & Company Independent Financial Advisers LLP,tyrrellsifa.uk
https://financialadvisers.co.uk/financial-planning/ipswich/?pl_p=17&pl_m=40,Cutting and Carter Limited,cuttingandcarter.co.uk
https://financialadvisers.co.uk/financial-planning/ipswich/?pl_p=17&pl_m=40,Redd Wealth Management Limited,reddwealth.com
https://financialadvisers.co.uk/financial-planning/ipswich/?pl_p=17&pl_m=40,Watch House Financial Planning Limited,watchhousefp.co.uk
https://financialadvisers.co.uk/financial-planning/ipswich/?pl_p=17&pl_m=40,William Braddock LLP,williambraddock-llp.com
https://financialadvisers.co.uk/financial-planning/ipswich/?pl_p=17&pl_m=40,Graham Bacon Financial Solutions Limited,aol.com
https://financialadvisers.co.uk/financial-planning/ipswich/?pl_p=17&pl_m=40,Financial Wellbeing Solutions Ltd,financialwbs.co.uk
https://financialadvisers.co.uk/financial-planning/ipswich/?pl_p=17&pl_m=40,Octo Mortgages Limited,octofp.com
https://financialadvisers.co.uk/financial-planning/ipswich/?pl_p=17&pl_m=40,Octo Wealth Management Ltd,octofp.com
https://financialadvisers.co.uk/financial-planning/ipswich/?pl_p=17&pl_m=40,Octo Financial Planning Ltd,2plan.com
https://financialadvisers.co.uk/financial-planning/ipswich/?pl_p=17&pl_m=40,R W Wealth Management Limited,
https://financialadvisers.co.uk/financial-planning/ipswich/?pl_p=17&pl_m=40,Molineaux Investment Services LLP,molineaux-investment.co.uk
https://financialadvisers.co.uk/financial-planning/ipswich/?pl_p=17&pl_m=40,Delta Wealth Management (Chelmsford) Limited,deltachelmsford.co.uk
https://financialadvisers.co.uk/financial-planning/ipswich/?pl_p=18&pl_m=40,James Wagg,sjpp.co.ukjameswagg
https://financialadvisers.co.uk/financial-planning/ipswich/?pl_p=18&pl_m=40,St Matthews Financial Services Ltd,
https://financialadvisers.co.uk/financial-planning/ipswich/?pl_p=18&pl_m=40,East Point Wealth Management Limited,eastpointwm.co.uk
https://financialadvisers.co.uk/financial-planning/ipswich/?pl_p=18&pl_m=40,Waveney Valley Wealth Management Limited,waveneyvalleywm.co.uk
https://financialadvisers.co.uk/financial-planning/ipswich/?pl_p=18&pl_m=40,Charles Jones Wealth Management Ltd,charlesjoneswealthmanagement.co.uk
https://financialadvisers.co.uk/financial-planning/ipswich/?pl_p=18&pl_m=40,Andrew Todd,andrewtodd-sjp.co.uk
https://financialadvisers.co.uk/financial-planning/ipswich/?pl_p=18&pl_m=40,Champion's Mortgage Solutions Limited,championsms.co.uk
https://financialadvisers.co.uk/financial-planning/ipswich/?pl_p=18&pl_m=40,Daniel Turner,greenways-financial-planning.co.uk
https://financialadvisers.co.uk/financial-planning/ipswich/?pl_p=18&pl_m=40,Parklands Financial Advisers Ltd,parklandsifa.co.uk
https://financialadvisers.co.uk/financial-planning/ipswich/?pl_p=18&pl_m=40,MedHaven Financial Planning Ltd,gregbowler.2plan.com
https://financialadvisers.co.uk/financial-planning/ipswich/?pl_p=18&pl_m=40,NKT Financial Solutions Ltd,nktfs.co.uk
https://financialadvisers.co.uk/financial-planning/ipswich/?pl_p=18&pl_m=40,NKT Mortgage Solutions Limited,nktfs.co.uk/
https://financialadvisers.co.uk/financial-planning/ipswich/?pl_p=18&pl_m=40,First Command Europe Ltd,firstcommand.com
https://financialadvisers.co.uk/financial-planning/ipswich/?pl_p=18&pl_m=40,Gregory Charles Financial Planning Limited,gregorycharlesfp.co.uk
https://financialadvisers.co.uk/financial-planning/ipswich/?pl_p=18&pl_m=40,John Castle,
https://financialadvisers.co.uk/financial-planning/ipswich/?pl_p=19&pl_m=40,Copnol Consultancy Ltd,chrisleyden.co.uk
https://financialadvisers.co.uk/financial-planning/ipswich/?pl_p=19&pl_m=40,Timeline Wealth Management Ltd,timelinewealth.com
https://financialadvisers.co.uk/financial-planning/ipswich/?pl_p=19&pl_m=40,Daniel Geach Ltd,dmgfinancial.co.uk
https://financialadvisers.co.uk/financial-planning/ipswich/?pl_p=19&pl_m=40,T J Green (Financial Services) Limited,tjgpc.co.uk
https://financialadvisers.co.uk/financial-planning/ipswich/?pl_p=19&pl_m=40,Search 4 Mortgages Ltd,
https://financialadvisers.co.uk/financial-planning/ipswich/?pl_p=19&pl_m=40,Advance Wealth Limited,advancewealth.co.uk
https://financialadvisers.co.uk/financial-planning/ipswich/?pl_p=19&pl_m=40,Quayside Financial Planning LTD,mandgwealth.com/quaysidefinancialplanning
https://financialadvisers.co.uk/financial-planning/ipswich/?pl_p=19&pl_m=40,Acorn Wealth Management Group Limited,awmg.co.uk
https://financialadvisers.co.uk/financial-planning/ipswich/?pl_p=19&pl_m=40,Moss And Roberts (Wealth Management) Ltd,mossandroberts.com
https://financialadvisers.co.uk/financial-planning/ipswich/?pl_p=19&pl_m=40,Avenue Financial Solutions Ltd,avenuefinancialsolutions.co.uk
https://financialadvisers.co.uk/financial-planning/ipswich/?pl_p=19&pl_m=40,Crawford Financial Consulting Limited,crawfordconsulting.co.uk
https://financialadvisers.co.uk/financial-planning/ipswich/?pl_p=19&pl_m=40,GP Financial Planning Ltd,partnership.sjp.co.uk/partner/gpfinancial
https://financialadvisers.co.uk/financial-planning/ipswich/?pl_p=19&pl_m=40,Howlett Reid Wealth Management,hr-ifa.co.uk
https://financialadvisers.co.uk/financial-planning/ipswich/?pl_p=19&pl_m=40,Ontrak Financial Planning Limited,ontrakfp.co.uk
https://financialadvisers.co.uk/financial-planning/ipswich/?pl_p=19&pl_m=40,CopperHouse Financial Limited,copperhousefinancial.co.uk
https://financialadvisers.co.uk/financial-planning/ipswich/?pl_p=20&pl_m=40,Grays Wealth Management Ltd,saragray.co.uk
https://financialadvisers.co.uk/financial-planning/ipswich/?pl_p=20&pl_m=40,Willu Insure Limited,willu.co.uk
https://financialadvisers.co.uk/financial-planning/ipswich/?pl_p=20&pl_m=40,WillU Life Ltd,willu.co.uk
https://financialadvisers.co.uk/financial-planning/ipswich/?pl_p=20&pl_m=40,Taylor Financial Management Limited,taylorfinancialmanagement.co.uk
https://financialadvisers.co.uk/financial-planning/ipswich/?pl_p=20&pl_m=40,Optimum Financial Advisors Ltd,optimumfinancial.co.uk
https://financialadvisers.co.uk/financial-planning/ipswich/?pl_p=20&pl_m=40,The Woodham Partnership Limited,twp-ifa.co.uk
https://financialadvisers.co.uk/financial-planning/ipswich/?pl_p=20&pl_m=40,ML Financial Associates Limited,mlfinancialassociates.co.uk
https://financialadvisers.co.uk/financial-planning/ipswich/?pl_p=20&pl_m=40,DDL Wealth Management Ltd,ddlwealthmanagement.co.uk
https://financialadvisers.co.uk/financial-planning/ipswich/?pl_p=20&pl_m=40,Star Brokers Ltd,
https://financialadvisers.co.uk/financial-planning/ipswich/?pl_p=20&pl_m=40,Blue Badger Financial Limited,
https://financialadvisers.co.uk/financial-planning/ipswich/?pl_p=20&pl_m=40,Espiene Ltd,espiene.com
https://financialadvisers.co.uk/financial-planning/ipswich/?pl_p=20&pl_m=40,GRS Financial Consultants Limited,grsfinancial.co.uk
https://financialadvisers.co.uk/financial-planning/ipswich/?pl_p=20&pl_m=40,Brian Folkard,partnership.sjp.co.uk/partner/brianfolkard
https://financialadvisers.co.uk/financial-planning/ipswich/?pl_p=20&pl_m=40,SDG Wealth Management Ltd,mandgwealth.com/sdgwealthmanagement
https://financialadvisers.co.uk/financial-planning/ipswich/?pl_p=20&pl_m=40,Capital & Counties (Financial Services) Limited,capitalinvestmentmanagement.co.uk
https://financialadvisers.co.uk/financial-planning/ipswich/?pl_p=21&pl_m=40,Goodlad & Co Limited,gcifa.co.uk
https://financialadvisers.co.uk/financial-planning/ipswich/?pl_p=21&pl_m=40,Complete Financial Solutions Ltd,complete-financial-solutions.co.uk
https://financialadvisers.co.uk/financial-planning/ipswich/?pl_p=21&pl_m=40,Solus Financial Planning Ltd,solusfinancial.co.uk
https://financialadvisers.co.uk/financial-planning/ipswich/?pl_p=21&pl_m=40,Canonium Financial Limited,canoniumwealth.co.uk
https://financialadvisers.co.uk/financial-planning/ipswich/?pl_p=21&pl_m=40,SLV Financial Planning Ltd,
https://financialadvisers.co.uk/financial-planning/ipswich/?pl_p=21&pl_m=40,Eclipse Adviser (Pensions & Investments) Ltd,
https://financialadvisers.co.uk/financial-planning/ipswich/?pl_p=21&pl_m=40,Mortgage Finance Boutique Limited,
https://financialadvisers.co.uk/financial-planning/ipswich/?pl_p=21&pl_m=40,Azets Financial Planning Limited,wkfp.co.uk
https://financialadvisers.co.uk/financial-planning/ipswich/?pl_p=21&pl_m=40,Stella Wyatt,
https://financialadvisers.co.uk/financial-planning/ipswich/?pl_p=21&pl_m=40,The Broughton Wilkins Partnership Ltd,bwifa.co.uk
https://financialadvisers.co.uk/financial-planning/ipswich/?pl_p=21&pl_m=40,SBN Advisors Limited,sbnwm.com
https://financialadvisers.co.uk/financial-planning/ipswich/?pl_p=21&pl_m=40,Rickard Luckin Financial Services (OWM) Limited,rickardluckin.co.uk
https://financialadvisers.co.uk/financial-planning/ipswich/?pl_p=21&pl_m=40,Oculus Wealth Management (Chelmsford) Ltd,
https://financialadvisers.co.uk/financial-planning/ipswich/?pl_p=21&pl_m=40,E C Financial Services Limited,ecfsltd.co.uk
https://financialadvisers.co.uk/financial-planning/ipswich/?pl_p=21&pl_m=40,Harrold Financial Planning Limited,hfp.co.uk
https://financialadvisers.co.uk/financial-planning/ipswich/?pl_p=22&pl_m=40,Callaway Sykes Associates Limited,csbfa.co.uk
https://financialadvisers.co.uk/financial-planning/ipswich/?pl_p=22&pl_m=40,Booth Financial Services Ltd,boothfp.com
https://financialadvisers.co.uk/financial-planning/ipswich/?pl_p=22&pl_m=40,LR Direct Investments Ltd,lrconnections.co.uk
https://financialadvisers.co.uk/financial-planning/ipswich/?pl_p=22&pl_m=40,Powell Financial Planning Ltd,powellfinancialplanning.co.uk
https://financialadvisers.co.uk/financial-planning/ipswich/?pl_p=22&pl_m=40,MPI Services (Saffron Walden) Ltd,mpiservices.co.uk
https://financialadvisers.co.uk/financial-planning/ipswich/?pl_p=22&pl_m=40,Lifetime Financial Consulting Ltd,lifetimefinancial.biz
https://financialadvisers.co.uk/financial-planning/ipswich/?pl_p=22&pl_m=40,Randall Wealth Management Limited,randallwm.co.uk
https://financialadvisers.co.uk/financial-planning/ipswich/?pl_p=22&pl_m=40,M&D Financial Services Limited,
https://financialadvisers.co.uk/financial-planning/ipswich/?pl_p=22&pl_m=40,Friday Financial Services Ltd,fridayfs.com
https://financialadvisers.co.uk/financial-planning/ipswich/?pl_p=22&pl_m=40,Adam Bagley Financial Planning Ltd,bagleyfp.co.uk
https://financialadvisers.co.uk/financial-planning/ipswich/?pl_p=22&pl_m=40,DP Financial Solutions Ltd,visionifp.co.uk
https://financialadvisers.co.uk/financial-planning/ipswich/?pl_p=22&pl_m=40,Moneyology Limited,moneyology.co.uk
https://financialadvisers.co.uk/financial-planning/ipswich/?pl_p=22&pl_m=40,Norfolk & Suffolk Financial Services Limited,norfolkandsuffolk.co.uk
https://financialadvisers.co.uk/financial-planning/ipswich/?pl_p=22&pl_m=40,Ronald Charles Edwards,
https://financialadvisers.co.uk/financial-planning/ipswich/?pl_p=22&pl_m=40,Kingstons Wealth Management Limited,kingstonsfinancial.com
https://financialadvisers.co.uk/financial-planning/ipswich/?pl_p=23&pl_m=40,Claire Connell Wealth Management Ltd,partnership.sjp.co.uk/partner/claireconnell
https://financialadvisers.co.uk/financial-planning/ipswich/?pl_p=23&pl_m=40,Framling Wealth Ltd,framlingwealth.co.uk
https://financialadvisers.co.uk/financial-planning/ipswich/?pl_p=23&pl_m=40,HW Advisory Services Limited,hwfp.co.uk
https://financialadvisers.co.uk/financial-planning/ipswich/?pl_p=23&pl_m=40,Hulbert West Limited,hulbertwestltd.co.uk
https://financialadvisers.co.uk/financial-planning/ipswich/?pl_p=23&pl_m=40,Murray Wealth Management Ltd,murraywealthmanagement.co.uk
https://financialadvisers.co.uk/financial-planning/ipswich/?pl_p=23&pl_m=40,Clive Ingram,cliveingram.com
https://financialadvisers.co.uk/financial-planning/ipswich/?pl_p=23&pl_m=40,Sally Laking,sallylaking.co.uk
https://financialadvisers.co.uk/financial-planning/ipswich/?pl_p=23&pl_m=40,Anderson Gardner Financial Planning Ltd,agfp.co.uk
https://financialadvisers.co.uk/financial-planning/ipswich/?pl_p=23&pl_m=40,MC Financial Wealth Management Ltd,mcfinancial.co.uk
https://financialadvisers.co.uk/financial-planning/ipswich/?pl_p=23&pl_m=40,Sharon Deangelis,sharondeangelis.co.uk
https://financialadvisers.co.uk/financial-planning/ipswich/?pl_p=23&pl_m=40,Heath Financial Planning Limited,partnership.sjp.co.uk/partner/stephenkeith
https://financialadvisers.co.uk/financial-planning/ipswich/?pl_p=23&pl_m=40,Stuart Chase Financial Planning Ltd,partnership.sjp.co.uk/partner/chasefinancialplanning
https://financialadvisers.co.uk/financial-planning/ipswich/?pl_p=23&pl_m=40,Woodside Financial Planning Ltd,woodsidefp.co.uk
https://financialadvisers.co.uk/financial-planning/ipswich/?pl_p=23&pl_m=40,LSH Mortgages Ltd,lshmortgages.co.uk
https://financialadvisers.co.uk/financial-planning/ipswich/?pl_p=23&pl_m=40,Premier Investment Management Services Limited,pims-uk.com
https://financialadvisers.co.uk/financial-planning/ipswich/?pl_p=24&pl_m=40,Kalkine Limited,kalkine.co.uk
https://financialadvisers.co.uk/financial-planning/ipswich/?pl_p=24&pl_m=40,ADMS Asset Management Limited,tbassetmanagement.co.uk
https://financialadvisers.co.uk/financial-planning/ipswich/?pl_p=24&pl_m=40,Progressive Financial Solutions Ltd,pfsolutions.co.uk
https://financialadvisers.co.uk/financial-planning/ipswich/?pl_p=24&pl_m=40,Walden Capital Limited,waldencapital.co.uk
https://financialadvisers.co.uk/financial-planning/ipswich/?pl_p=24&pl_m=40,Harbour Financial LLP,harbourfinancial.co.uk
https://financialadvisers.co.uk/financial-planning/ipswich/?pl_p=24&pl_m=40,Piccadilly Wealth Management Limited,piccadillywealth.com
https://financialadvisers.co.uk/financial-planning/ipswich/?pl_p=24&pl_m=40,Financial Solutions SC Ltd,financialsc.co.uk
https://financialadvisers.co.uk/financial-planning/ipswich/?pl_p=24&pl_m=40,Ian Brown,ianbrownwm.co.uk
https://financialadvisers.co.uk/financial-planning/ipswich/?pl_p=24&pl_m=40,Newsome Wealth Management Ltd,newsomewealthmanagement.co.uk
https://financialadvisers.co.uk/financial-planning/ipswich/?pl_p=24&pl_m=40,Fairview Financial Management Ltd,fairviewifa.co.uk
https://financialadvisers.co.uk/financial-planning/ipswich/?pl_p=24&pl_m=40,Chadwicks Limited,chadwicks.co.uk
https://financialadvisers.co.uk/financial-planning/ipswich/?pl_p=24&pl_m=40,Trinity Norfolk Limited,trinityfp.co.uk/
https://financialadvisers.co.uk/financial-planning/ipswich/?pl_p=24&pl_m=40,Philip Nunn Wealth Solutions Ltd,
https://financialadvisers.co.uk/financial-planning/ipswich/?pl_p=24&pl_m=40,Mark Dean Wealth Management (UK) Limited,markdeanwealth.com
https://financialadvisers.co.uk/financial-planning/ipswich/?pl_p=24&pl_m=40,Jury Financial Solutions Limited,juryfs.co.uk
https://financialadvisers.co.uk/financial-planning/ipswich/?pl_p=25&pl_m=40,Tavistock Private Client Limited,tavistockinvestments.com
https://financialadvisers.co.uk/financial-planning/ipswich/?pl_p=25&pl_m=40,Tavistock Select LLP,tavistockselect.com
https://financialadvisers.co.uk/financial-planning/ipswich/?pl_p=25&pl_m=40,Tavistock Chater Allan LLP,tavistockca.com
https://financialadvisers.co.uk/financial-planning/ipswich/?pl_p=25&pl_m=40,Willgrass Wealth Management Ltd,willgrasswealthmanagement.co.uk
https://financialadvisers.co.uk/financial-planning/ipswich/?pl_p=25&pl_m=40,SJB COMMERCIAL CONSULTING LIMITED,empirefinance.co.uk
https://financialadvisers.co.uk/financial-planning/ipswich/?pl_p=25&pl_m=40,Charles Wealth Management Ltd,partnership.sjp.co.uk/partner/charleswealthmanagement
https://financialadvisers.co.uk/financial-planning/ipswich/?pl_p=25&pl_m=40,Green Island Wealth Management Ltd,greenislandwm.co.uk
https://financialadvisers.co.uk/financial-planning/ipswich/?pl_p=25&pl_m=40,R3 Mortgages Limited,r3mortgages.com
https://financialadvisers.co.uk/financial-planning/ipswich/?pl_p=25&pl_m=40,Riverside Financial Planning Limited,riversidefp.co.uk
https://financialadvisers.co.uk/financial-planning/ipswich/?pl_p=25&pl_m=40,Sand Financial Planning Limited,
https://financialadvisers.co.uk/financial-planning/ipswich/?pl_p=25&pl_m=40,Fordham Financial Services Ltd,fordhamfinance.co.uk
https://financialadvisers.co.uk/financial-planning/ipswich/?pl_p=25&pl_m=40,Andrew James,andrewjamesifa.com
https://financialadvisers.co.uk/financial-planning/ipswich/?pl_p=25&pl_m=40,Alan Boswell & Company Limited,alanboswell.com
https://financialadvisers.co.uk/financial-planning/ipswich/?pl_p=25&pl_m=40,Alan Boswell Employee Benefits Ltd,alanboswell.com
https://financialadvisers.co.uk/financial-planning/ipswich/?pl_p=25&pl_m=40,Planit Financial Limited,
https://financialadvisers.co.uk/financial-planning/ipswich/?pl_p=26&pl_m=40,Roberts Mackie Winstanley,rmw-ifa.co.uk
https://financialadvisers.co.uk/financial-planning/ipswich/?pl_p=26&pl_m=40,Lantern Financial Planning Ltd,lanternfinancialplanning.co.uk
https://financialadvisers.co.uk/financial-planning/ipswich/?pl_p=26&pl_m=40,Brancaster House Financial Planning Ltd,brancasterhouse.co.uk
https://financialadvisers.co.uk/financial-planning/ipswich/?pl_p=26&pl_m=40,h2o Financial Services Limited,h2ofinancial.co.uk
https://financialadvisers.co.uk/financial-planning/ipswich/?pl_p=26&pl_m=40,Ridgeview Financial Services LLP,ridgeviewfinancial.co.uk
https://financialadvisers.co.uk/financial-planning/ipswich/?pl_p=26&pl_m=40,THE MORTGAGE MENTOR LTD,themortgagementors.co.uk
https://financialadvisers.co.uk/financial-planning/ipswich/?pl_p=26&pl_m=40,PFG Investments Ltd,
https://financialadvisers.co.uk/financial-planning/ipswich/?pl_p=26&pl_m=40,Halleywell Limited,halleywell.com
https://financialadvisers.co.uk/financial-planning/ipswich/?pl_p=26&pl_m=40,Premier Financial Group Limited,premierfinancialgroup.co.uk
https://financialadvisers.co.uk/financial-planning/ipswich/?pl_p=26&pl_m=40,TS Financial Planning Ltd,tailoredsolutionswm.co.uk
https://financialadvisers.co.uk/financial-planning/ipswich/?pl_p=26&pl_m=40,MCM Bespoke Investment Services Limited,mcm-bespoke.com
https://financialadvisers.co.uk/financial-planning/ipswich/?pl_p=26&pl_m=40,Pennygate Financial Associates Limited,pennygateassociates.co.uk
https://financialadvisers.co.uk/financial-planning/ipswich/?pl_p=26&pl_m=40,Robert Coventry,robcovetry.tppowered.com
https://financialadvisers.co.uk/financial-planning/ipswich/?pl_p=26&pl_m=40,4wealth Ltd,
https://financialadvisers.co.uk/financial-planning/ipswich/?pl_p=26&pl_m=40,Fiona Sharp,vervefinancial.co.uk
https://financialadvisers.co.uk/financial-planning/ipswich/?pl_p=27&pl_m=40,Cavell Rose Ltd,cavellrose.co.uk
https://financialadvisers.co.uk/financial-planning/ipswich/?pl_p=27&pl_m=40,Willow Financial Planning Limited,willowfinancial.co.uk
https://financialadvisers.co.uk/financial-planning/ipswich/?pl_p=27&pl_m=40,Jones Financial (Norwich) Limited,jonesfinancial.co.uk
