Source,Company Name,"If in HubSpot, tagged as what sub industry?",Added to Hubspot? (Yes/No),Linkedin stated employee size,Linkedin actual employee size,Website Link
https://financialadvisers.co.uk/financial-planning/canterbury/?pl_p=1&pl_m=40,KRESTON REEVES FINANCIAL PLANNING SERVICES LIMITED,I - IFA,No,"501-1,000",604,krestonreeves.com
https://financialadvisers.co.uk/financial-planning/canterbury/?pl_p=1&pl_m=40,One2one Financial Advice Limited,I - IFA,No,1-10,4,one2onefinancialadvice.co.uk
https://financialadvisers.co.uk/financial-planning/canterbury/?pl_p=1&pl_m=40,Fortitude Wealth Management Limited,I - IFA,No,1-10,2,fortitudewealthmanagement.co.uk
https://financialadvisers.co.uk/financial-planning/canterbury/?pl_p=1&pl_m=40,The Langridge Partnership LLP,I - IFA,No,11-50,7,langridge-ifa.com
https://financialadvisers.co.uk/financial-planning/canterbury/?pl_p=1&pl_m=40,Craven Street Financial Planning Limited,I - IFA,No,11-50,53,cravenstreetwealth.com
https://financialadvisers.co.uk/financial-planning/canterbury/?pl_p=1&pl_m=40,Simply Finance Ltd,I - IFA,No,,,simply-finance.co.uk
https://financialadvisers.co.uk/financial-planning/canterbury/?pl_p=1&pl_m=40,Bainbridge Financial Planning Limited,I - IFA,No,"5,001-10,000",2710,mandgwealth.com/bainbridgefinancialplanning
https://financialadvisers.co.uk/financial-planning/canterbury/?pl_p=1&pl_m=40,Pharon Independent Financial Advisers Limited,I - IFA,No,11-50,30,pharon.co.uk
https://financialadvisers.co.uk/financial-planning/canterbury/?pl_p=1&pl_m=40,Spurling Cannon Financial Planners Ltd,I - IFA,No,,,spurlingcannonfp.co.uk
https://financialadvisers.co.uk/financial-planning/canterbury/?pl_p=1&pl_m=40,Pentins Financial Planners Ltd,I - IFA,No,1-10,8,pentinsfp.co.uk
https://financialadvisers.co.uk/financial-planning/canterbury/?pl_p=1&pl_m=40,Women's Wealth Ltd,I - IFA,No,1-10,8,womens-wealth.co.uk
https://financialadvisers.co.uk/financial-planning/canterbury/?pl_p=1&pl_m=40,Huggins Wealth Management Ltd,I - IFA,No,1-10,2,hugginswm.co.uk
https://financialadvisers.co.uk/financial-planning/canterbury/?pl_p=1&pl_m=40,Richard Butler,,,,,
https://financialadvisers.co.uk/financial-planning/canterbury/?pl_p=1&pl_m=40,Paul Spratt,I - DFM without Centralised Research; I - IFA,No,"1,001-5,000",3514,sjpp.co.uk/paulspratt
https://financialadvisers.co.uk/financial-planning/canterbury/?pl_p=1&pl_m=40,Verum Financial LLP,I - IFA,No,1-10,10,verumfinancial.co.uk
https://financialadvisers.co.uk/financial-planning/canterbury/?pl_p=2&pl_m=40,Utopia Wealth Planning Ltd,I - IFA,No,,,utopiawealth.co.uk
https://financialadvisers.co.uk/financial-planning/canterbury/?pl_p=2&pl_m=40,Marble Financial Planning Ltd,,,,,
https://financialadvisers.co.uk/financial-planning/canterbury/?pl_p=2&pl_m=40,Paladin Financial Consultancy Ltd,,,,,
https://financialadvisers.co.uk/financial-planning/canterbury/?pl_p=2&pl_m=40,Ingard Independent Financial Management LLP,I - IFA,No,51-200,20,ingard.co.uk
https://financialadvisers.co.uk/financial-planning/canterbury/?pl_p=2&pl_m=40,Howard Financial Planning Limited,I - IFA,No,,,howardfinancialplanning.co.uk
https://financialadvisers.co.uk/financial-planning/canterbury/?pl_p=2&pl_m=40,Mercury Financial Solutions,I - IFA,No,,,mercuryfinancialsolutions.co.uk
https://financialadvisers.co.uk/financial-planning/canterbury/?pl_p=2&pl_m=40,Closer Independent Financial Services Limited,I - IFA,No,,,closerifs.co.uk
https://financialadvisers.co.uk/financial-planning/canterbury/?pl_p=2&pl_m=40,Michael Edwin Harwood,I - IFA,No,,,whitehallfinancialservices.co.uk
https://financialadvisers.co.uk/financial-planning/canterbury/?pl_p=2&pl_m=40,Nathan Ewart Miles Rose,I - IFA,No,,,whitstablefp.co.uk
https://financialadvisers.co.uk/financial-planning/canterbury/?pl_p=2&pl_m=40,Release Freedom Limited,,,,,
https://financialadvisers.co.uk/financial-planning/canterbury/?pl_p=2&pl_m=40,Chris French Ltd,,,,,
https://financialadvisers.co.uk/financial-planning/canterbury/?pl_p=2&pl_m=40,Victor Edmonds Wealth Management Limited,I - IFA,No,,,victoredmonds.co.uk
https://financialadvisers.co.uk/financial-planning/canterbury/?pl_p=2&pl_m=40,Edmonds and Simpson Wealth Management Limited,,,,,
https://financialadvisers.co.uk/financial-planning/canterbury/?pl_p=2&pl_m=40,Oyster Financial Solutions LLP,I - IFA,No,,4,oysterfinancialsolutions.co.uk
https://financialadvisers.co.uk/financial-planning/canterbury/?pl_p=2&pl_m=40,Brian Emslie,I - IFA,No,,,brianemslie.co.uk
https://financialadvisers.co.uk/financial-planning/canterbury/?pl_p=3&pl_m=40,Wright & Shadwell Wealth Management,I - IFA,No,,,wrightshadwell.co.uk
https://financialadvisers.co.uk/financial-planning/canterbury/?pl_p=3&pl_m=40,Kevin Paul Manktelow,I - IFA,No,11-50,57,aitana.co.uk
https://financialadvisers.co.uk/financial-planning/canterbury/?pl_p=3&pl_m=40,Mead Wealth Management Limited,I - IFA,No,,,meadwm.co.uk
https://financialadvisers.co.uk/financial-planning/canterbury/?pl_p=3&pl_m=40,Four Wealth Planning Limited,I - IFA,No,201-500,323,2plan.com
https://financialadvisers.co.uk/financial-planning/canterbury/?pl_p=3&pl_m=40,Lancaster Hill Investment Management,I - IFA,No,,1,lancaster-hill.co.uk
https://financialadvisers.co.uk/financial-planning/canterbury/?pl_p=3&pl_m=40,WTB Financial Consultancy,I - IFA,No,,,wtbfinancial.co.uk
https://financialadvisers.co.uk/financial-planning/canterbury/?pl_p=3&pl_m=40,Stapley Mortgages Ltd,I - IFA,No,,,stapleymortgage.co.uk
https://financialadvisers.co.uk/financial-planning/canterbury/?pl_p=3&pl_m=40,Tailored Mortgage Solutions Ltd,I - IFA,No,,,tailoremortgagesolutions.co.uk
https://financialadvisers.co.uk/financial-planning/canterbury/?pl_p=3&pl_m=40,Acorn Bowman Finance & Investment Management Ltd,I - IFA,No,,3,abfim.com
https://financialadvisers.co.uk/financial-planning/canterbury/?pl_p=3&pl_m=40,JD & ES Barrett LLP,I - IFA,No,,,jeremybarrett.co.uk
https://financialadvisers.co.uk/financial-planning/canterbury/?pl_p=3&pl_m=40,The M Solution (Kent) Ltd,I - IFA,No,,,themsolution.co.uk
https://financialadvisers.co.uk/financial-planning/canterbury/?pl_p=3&pl_m=40,NBL Financial Management Limited,I - IFA,No,11-50,4,nblfm.com
https://financialadvisers.co.uk/financial-planning/canterbury/?pl_p=3&pl_m=40,County Associates (UK) LLP,I - IFA,No,,1,countyassociates.co.uk
https://financialadvisers.co.uk/financial-planning/canterbury/?pl_p=3&pl_m=40,Bespoke Financial Planning Kent Limited,I - IFA,No,1,2,bespokefinancialplan.co.uk
https://financialadvisers.co.uk/financial-planning/canterbury/?pl_p=3&pl_m=40,Nicholas Smith,I - IFA,No,,,nicksmithwealth.co.uk
https://financialadvisers.co.uk/financial-planning/canterbury/?pl_p=4&pl_m=40,Asset Wealth Advisory Limited,I - IFA,No,,,assetwealthadvisory.co.uk
https://financialadvisers.co.uk/financial-planning/canterbury/?pl_p=4&pl_m=40,Magee Gammon Financial Planning Ltd,I - IFA,No,11-50,40,mageegammon.com
https://financialadvisers.co.uk/financial-planning/canterbury/?pl_p=4&pl_m=40,Alan O'Farrell,I - IFA,No,,,ofarrellwealth.co.uk
https://financialadvisers.co.uk/financial-planning/canterbury/?pl_p=4&pl_m=40,Aims Financial Ltd,I - IFA,No,1-10,6,aimsfinancial.co.uk
https://financialadvisers.co.uk/financial-planning/canterbury/?pl_p=4&pl_m=40,I L Prebble & Partners,,,,,
https://financialadvisers.co.uk/financial-planning/canterbury/?pl_p=4&pl_m=40,Rickard Lazenby Financial Services Ltd,I - IFA,No,11-50,5,rickardlazenby.co.uk
https://financialadvisers.co.uk/financial-planning/canterbury/?pl_p=4&pl_m=40,Meridian Financial Planning Limited,I - IFA,No,1-10,3,meridianfp.co.uk
https://financialadvisers.co.uk/financial-planning/canterbury/?pl_p=4&pl_m=40,Carpenter Wealth Management Limited,I - IFA,No,1-10,,carpenterwealthmanagement.co.uk
https://financialadvisers.co.uk/financial-planning/canterbury/?pl_p=4&pl_m=40,Absolute Financial Management Ltd,I - IFA,No,51-200,42,afmanagement.co.uk
https://financialadvisers.co.uk/financial-planning/canterbury/?pl_p=4&pl_m=40,Rajive Hensman,,,,,
https://financialadvisers.co.uk/financial-planning/canterbury/?pl_p=4&pl_m=40,Talis Financial Advisers Ltd,I - IFA,No,11-50,28,talisifa.com
https://financialadvisers.co.uk/financial-planning/canterbury/?pl_p=4&pl_m=40,Regency (Support Services) Limited,I - IFA,No,11-50,28,talisifa.com/regency-ifa
https://financialadvisers.co.uk/financial-planning/canterbury/?pl_p=4&pl_m=40,Stroud Wealth Management LLP,I - IFA,No,1-10,6,stroudwm.co.uk
https://financialadvisers.co.uk/financial-planning/canterbury/?pl_p=4&pl_m=40,Illustrious FS Ltd,Invalid domain,No,,,ifs.services
https://financialadvisers.co.uk/financial-planning/canterbury/?pl_p=4&pl_m=40,Q & A Financial Planning Ltd,I - IFA,No,,,qafp.co.uk
https://financialadvisers.co.uk/financial-planning/canterbury/?pl_p=5&pl_m=40,CONSOLIDARE WEALTH MANAGEMENT LTD,I - IFA,No,1,,consolidarewealth.co.uk
https://financialadvisers.co.uk/financial-planning/canterbury/?pl_p=5&pl_m=40,Financial Advice and Services Limited,I - IFA,No,11-50,16,financial-advice.co.uk
https://financialadvisers.co.uk/financial-planning/canterbury/?pl_p=5&pl_m=40,TJD Services Kent Limited,I - IFA,No,,,denhamassociates.co.uk
https://financialadvisers.co.uk/financial-planning/canterbury/?pl_p=5&pl_m=40,Julian Harris Financial Consultants,I - IFA,No,51-200,29,julianharris.net
https://financialadvisers.co.uk/financial-planning/canterbury/?pl_p=5&pl_m=40,Donna Bowey Financial Consultancy Ltd,I - IFA,No,,,donnabowey.com
https://financialadvisers.co.uk/financial-planning/canterbury/?pl_p=5&pl_m=40,Austin Lakin Clark Ltd,I - IFA,No,,,alcfp.co.uk
https://financialadvisers.co.uk/financial-planning/canterbury/?pl_p=5&pl_m=40,Robert Eaton,I - IFA,No,,,eatonwealthmanagement.co.uk
https://financialadvisers.co.uk/financial-planning/canterbury/?pl_p=5&pl_m=40,Greg Miller,I - IFA,No,"1,001-5,000",3514,partnership.sjp.co.uk/partner/gregmiller
https://financialadvisers.co.uk/financial-planning/canterbury/?pl_p=5&pl_m=40,Hythe Bay Financial Limited,Invalid domain,No,,,partnership.sjp.co.ukpartnerhythebay
https://financialadvisers.co.uk/financial-planning/canterbury/?pl_p=5&pl_m=40,Forward Plan IFA Limited,I - IFA,No,1-10,3,forward-plan.co.uk
https://financialadvisers.co.uk/financial-planning/canterbury/?pl_p=5&pl_m=40,London and County Financial Advisors Ltd,I - IFA,No,,,londonandcountyfa.com
https://financialadvisers.co.uk/financial-planning/canterbury/?pl_p=5&pl_m=40,Dale Cawdron,,,,,
https://financialadvisers.co.uk/financial-planning/canterbury/?pl_p=5&pl_m=40,Blue Shield Investment Services,I - IFA,No,,,blueshieldinsurance.co.uk
https://financialadvisers.co.uk/financial-planning/canterbury/?pl_p=5&pl_m=40,Glade Independent Financial Services Limited,I - IFA,No,,,gladeifs.com
https://financialadvisers.co.uk/financial-planning/canterbury/?pl_p=5&pl_m=40,Christopher Epps,,,,,
https://financialadvisers.co.uk/financial-planning/canterbury/?pl_p=6&pl_m=40,Christopher Epps and Geraldine Jordan,I - IFA,No,,9,acumenfinancialconsulting.co.uk/about-u
https://financialadvisers.co.uk/financial-planning/canterbury/?pl_p=6&pl_m=40,Throgmorton Private Capital Ltd,I - IFA,No,11-50,40,throgmortonltd.co.uk
https://financialadvisers.co.uk/financial-planning/canterbury/?pl_p=6&pl_m=40,Black & White Financial Planning Ltd,I - IFA,No,,,bwfp.co.uk
https://financialadvisers.co.uk/financial-planning/canterbury/?pl_p=6&pl_m=40,Mayfield Financial Services Limited,I - IFA,No,,,mayfield.uk.com
https://financialadvisers.co.uk/financial-planning/canterbury/?pl_p=6&pl_m=40,Logic Investments Ltd,I - IFA,No,11-50,12,logicinvestments.co.uk
https://financialadvisers.co.uk/financial-planning/canterbury/?pl_p=6&pl_m=40,Westbrook Financial Services Ltd,I - IFA,No,,2,westbrookfs.co.uk
https://financialadvisers.co.uk/financial-planning/canterbury/?pl_p=6&pl_m=40,Scion Financial Ltd,,,,,
https://financialadvisers.co.uk/financial-planning/canterbury/?pl_p=6&pl_m=40,Nightingale Wealth Advisory Ltd,I - IFA,No,,,nightingalewealth.co.uk
https://financialadvisers.co.uk/financial-planning/canterbury/?pl_p=6&pl_m=40,Made to Measure Mortgages Limited,I - IFA,No,,,madetomeasuremortgages.co.uk
https://financialadvisers.co.uk/financial-planning/canterbury/?pl_p=6&pl_m=40,Mark Cosgrave Wealth Management Limited,I - IFA,No,,,markcosgrave.co.uk
https://financialadvisers.co.uk/financial-planning/canterbury/?pl_p=6&pl_m=40,Mark Bassant,I - IFA,No,,,bassantfs.co.uk
https://financialadvisers.co.uk/financial-planning/canterbury/?pl_p=6&pl_m=40,AM Mortgage & Financial Services Ltd,I - IFA,No,1-10,1,ammfs.co.uk
https://financialadvisers.co.uk/financial-planning/canterbury/?pl_p=6&pl_m=40,Simon Forest,I - DFM without Centralised Research; I - IFA,No,"1,001-5,000",3514,sjpp.co.uk/simonforest
https://financialadvisers.co.uk/financial-planning/canterbury/?pl_p=6&pl_m=40,The Pentagon Partnership,I - IFA,No,,2,pentagonp.co.uk
https://financialadvisers.co.uk/financial-planning/canterbury/?pl_p=6&pl_m=40,Green Lane Financial Planning Limited,I - IFA,No,,3,greenlanefinancialplanning.co.uk
https://financialadvisers.co.uk/financial-planning/canterbury/?pl_p=7&pl_m=40,Financial Escape Limited,I - IFA,No,1-10,3,financialescape.co.uk
https://financialadvisers.co.uk/financial-planning/canterbury/?pl_p=7&pl_m=40,Bradnam Wealth Management (UK) Limited,I - IFA,No,1-10,6,bradnamwealthmanagement.co.uk
https://financialadvisers.co.uk/financial-planning/canterbury/?pl_p=7&pl_m=40,Canterbury Wealth Management Ltd,I - IFA,No,"5,001-10,000",2710,mandgwealth.com/canterburywealthmanagement
https://financialadvisers.co.uk/financial-planning/canterbury/?pl_p=7&pl_m=40,Piper Wealth Management LTD,I - IFA,No,"5,001-10,000",2710,mandgwealth.com/piperwealthmanagement
https://financialadvisers.co.uk/financial-planning/canterbury/?pl_p=7&pl_m=40,Financialmum Ltd,,,,,
https://financialadvisers.co.uk/financial-planning/canterbury/?pl_p=7&pl_m=40,Need Financial Planning Ltd,I - IFA,No,1-10,6,needfp.co.uk
https://financialadvisers.co.uk/financial-planning/canterbury/?pl_p=7&pl_m=40,Paul Baldwin,I - DFM without Centralised Research; I - IFA,No,"1,001-5,000",3514,sjpp.co.uk/ptb
https://financialadvisers.co.uk/financial-planning/canterbury/?pl_p=7&pl_m=40,MMP Financial Planning Limited,-,Yes,2-10,5,mmpfinancialplanning.co.uk
https://financialadvisers.co.uk/financial-planning/canterbury/?pl_p=7&pl_m=40,Strategic Investment Planning Ltd,I - IFA,No,,,strategicinvestments.co.uk
https://financialadvisers.co.uk/financial-planning/canterbury/?pl_p=7&pl_m=40,Michael Taylor,Invalid domain,No,,,partnership.sjp.co.ukpartnermiketaylor
https://financialadvisers.co.uk/financial-planning/canterbury/?pl_p=7&pl_m=40,Cantium Wealth Management Limited,I - IFA,No,,,cantiumwm.co.uk
https://financialadvisers.co.uk/financial-planning/canterbury/?pl_p=7&pl_m=40,Rainbourne Associates (Financial Services) Limited,I - IFA,No,,5,rainbourne.co.uk
https://financialadvisers.co.uk/financial-planning/canterbury/?pl_p=7&pl_m=40,D C Pensions & Investment Limited,I - IFA,No,,,dcpi.co.uk
https://financialadvisers.co.uk/financial-planning/canterbury/?pl_p=7&pl_m=40,Anning Financial Management Ltd,I - IFA,No,,,anning.co.uk
https://financialadvisers.co.uk/financial-planning/canterbury/?pl_p=7&pl_m=40,Thompson Financial Ltd,I - DFM without Centralised Research; I - IFA,No,"1,001-5,000",3514,sjpp.co.uk/sallythompson
https://financialadvisers.co.uk/financial-planning/canterbury/?pl_p=8&pl_m=40,Pebbles Mortgage and Protection Limited,I - IFA,No,,,pebbles-fs.co.uk
https://financialadvisers.co.uk/financial-planning/canterbury/?pl_p=8&pl_m=40,h2o Financial Services Limited,I - IFA,No,,2,h2ofinancial.co.uk
https://financialadvisers.co.uk/financial-planning/canterbury/?pl_p=8&pl_m=40,Simon McGregor,,,,,
https://financialadvisers.co.uk/financial-planning/canterbury/?pl_p=8&pl_m=40,Invicta Financial Solutions Ltd,I - IFA,No,,,invictafs.co.uk
https://financialadvisers.co.uk/financial-planning/canterbury/?pl_p=8&pl_m=40,Tudor Financial Options Ltd,I - IFA,No,,,t-fo.co.uk
https://financialadvisers.co.uk/financial-planning/canterbury/?pl_p=8&pl_m=40,Adrian Cochrane Partnership LLP,,,,,
https://financialadvisers.co.uk/financial-planning/canterbury/?pl_p=8&pl_m=40,Berkeley La Roche Financial Consultants Ltd,I - IFA,No,,,berkeleylaroche.co.uk
https://financialadvisers.co.uk/financial-planning/canterbury/?pl_p=8&pl_m=40,PJH Financial Services,,,,,
https://financialadvisers.co.uk/financial-planning/canterbury/?pl_p=8&pl_m=40,Martin Tickner,I - IFA,No,,4,financialchoices.co.uk
https://financialadvisers.co.uk/financial-planning/canterbury/?pl_p=8&pl_m=40,Claire Connell Wealth Management Ltd,I - IFA,No,"1,001-5,000",3514,partnership.sjp.co.uk/partner/claireconnell
https://financialadvisers.co.uk/financial-planning/canterbury/?pl_p=8&pl_m=40,Orchard Financial Management Ltd,I - IFA,No,1-10,7,orchardfinancial.co.uk
https://financialadvisers.co.uk/financial-planning/canterbury/?pl_p=8&pl_m=40,Brewster Financial Planning Ltd,I - IFA,No,,,richardbrewster.co.uk
https://financialadvisers.co.uk/financial-planning/canterbury/?pl_p=8&pl_m=40,Robert Fletcher Associates LLP,I - IFA,No,,,robfletcher.org
https://financialadvisers.co.uk/financial-planning/canterbury/?pl_p=8&pl_m=40,Easom Wealth Management,I - IFA,No,,,easomwealthmanagement.co.uk
https://financialadvisers.co.uk/financial-planning/canterbury/?pl_p=8&pl_m=40,Sally Laking,I - IFA,No,,,sallylaking.co.uk
https://financialadvisers.co.uk/financial-planning/canterbury/?pl_p=9&pl_m=40,Anderson Gardner Financial Planning Ltd,I - IFA,No,1-10,,agfp.co.uk
https://financialadvisers.co.uk/financial-planning/canterbury/?pl_p=9&pl_m=40,SJB COMMERCIAL CONSULTING LIMITED,I - IFA,No,1-10,32,empirefinance.co.uk
https://financialadvisers.co.uk/financial-planning/canterbury/?pl_p=9&pl_m=40,Peter Stewart Associates Limited,I - IFA,No,,,psa-uk.com
https://financialadvisers.co.uk/financial-planning/canterbury/?pl_p=9&pl_m=40,Mark Dean Wealth Management (UK) Limited,I - IFA,No,,,markdeanwealth.com
https://financialadvisers.co.uk/financial-planning/canterbury/?pl_p=9&pl_m=40,Julian Collett,I - IFA,No,,,collettwealthmanagement.co.uk
https://financialadvisers.co.uk/financial-planning/canterbury/?pl_p=9&pl_m=40,R3 Mortgages Limited,I - IFA,No,1-10,4,r3mortgages.com
https://financialadvisers.co.uk/financial-planning/canterbury/?pl_p=9&pl_m=40,Sand Financial Planning Limited,,,,,
https://financialadvisers.co.uk/financial-planning/canterbury/?pl_p=9&pl_m=40,Investment Choices Wealth Management Limited,I - IFA,No,1-10,,investmentchoices.co.uk
https://financialadvisers.co.uk/financial-planning/canterbury/?pl_p=9&pl_m=40,DP Advisory Limited,I - IFA,No,51-200,34,dapco.co.uk
https://financialadvisers.co.uk/financial-planning/canterbury/?pl_p=9&pl_m=40,Jamie Weller Financial Services Limited,I - IFA,No,,,jamieweller.co.uk
https://financialadvisers.co.uk/financial-planning/canterbury/?pl_p=9&pl_m=40,Jury Financial Solutions Limited,I - IFA,No,,,juryfs.co.uk
https://financialadvisers.co.uk/financial-planning/canterbury/?pl_p=9&pl_m=40,Mark James Ashley Wealth Management Ltd,I - IFA,No,,,mjashleywm.co.uk
https://financialadvisers.co.uk/financial-planning/canterbury/?pl_p=9&pl_m=40,Double Two Financial Planning Ltd,I - IFA,No,,,doubletwofp.co.uk
https://financialadvisers.co.uk/financial-planning/canterbury/?pl_p=9&pl_m=40,Kent Insurance Services Ltd,I - IFA,No,,1,kentinsuranceservices.co.uk
https://financialadvisers.co.uk/financial-planning/canterbury/?pl_p=9&pl_m=40,TWJ Wealth Management Limited,I - IFA,No,,,twjwealthmanagement.co.uk
https://financialadvisers.co.uk/financial-planning/canterbury/?pl_p=10&pl_m=40,Henderson Moore Financial Solutions Ltd,I - IFA,No,,,hendersonponsford.com
https://financialadvisers.co.uk/financial-planning/canterbury/?pl_p=10&pl_m=40,H & D Financial Planning Limited,I - IFA,No,1-10,3,carterfp.co.uk
https://financialadvisers.co.uk/financial-planning/canterbury/?pl_p=10&pl_m=40,H&D Wealth Limited,I - IFA,No,11-50,8,hdwealth.com
https://financialadvisers.co.uk/financial-planning/canterbury/?pl_p=10&pl_m=40,Annie Drylie,I - IFA,No,"1,001-5,000",3514,partnership.sjp.co.uk/partner/anniedrylie
https://financialadvisers.co.uk/financial-planning/canterbury/?pl_p=10&pl_m=40,Christopher Grants Financial Planning Ltd,I - IFA,No,,,cgfp.co.uk
https://financialadvisers.co.uk/financial-planning/canterbury/?pl_p=10&pl_m=40,Matthew Collins Financial Planning Limited,I - IFA,No,,,matthewcollinsfp.co.uk
https://financialadvisers.co.uk/financial-planning/canterbury/?pl_p=10&pl_m=40,Letts Wealth Management Ltd,I - IFA,No,1-10,7,lettswealthmanagement.co.uk
https://financialadvisers.co.uk/financial-planning/canterbury/?pl_p=10&pl_m=40,Maylam Financial Planning Ltd,I - IFA,No,1-10,2,maylamfinancial.co.uk
https://financialadvisers.co.uk/financial-planning/canterbury/?pl_p=10&pl_m=40,TWC Financial Limited,I - IFA,No,,,twcfinancial.co.uk
https://financialadvisers.co.uk/financial-planning/canterbury/?pl_p=10&pl_m=40,Willow Financial Planning Limited,I - IFA,No,,,willowfinancial.co.uk
https://financialadvisers.co.uk/financial-planning/canterbury/?pl_p=10&pl_m=40,Deborah Cargo,I - IFA,No,,,kentfp.co.uk
https://financialadvisers.co.uk/financial-planning/canterbury/?pl_p=10&pl_m=40,Andrew James,I - IFA,No,,,andrewjamesifa.com
https://financialadvisers.co.uk/financial-planning/canterbury/?pl_p=10&pl_m=40,Patrick Wayne Wealth Management Ltd,,,,,
https://financialadvisers.co.uk/financial-planning/canterbury/?pl_p=10&pl_m=40,Legacy / CKS,I - IFA,No,,,legacycks.com
https://financialadvisers.co.uk/financial-planning/canterbury/?pl_p=10&pl_m=40,Whiting Group Limited,I - IFA,No,,,whitings.co.uk
https://financialadvisers.co.uk/financial-planning/canterbury/?pl_p=11&pl_m=40,Integral Financial Advice Limited,I - IFA,No,,,integralwm.co.uk
https://financialadvisers.co.uk/financial-planning/canterbury/?pl_p=11&pl_m=40,Gaudium Associates Limited,I - IFA,No,1-10,4,gaudium-associates.co.uk
https://financialadvisers.co.uk/financial-planning/canterbury/?pl_p=11&pl_m=40,Strategic IFA Ltd,I - IFA,No,1-10,4,strategicifa.co.uk
https://financialadvisers.co.uk/financial-planning/canterbury/?pl_p=11&pl_m=40,Opus Finance Group Limited,I - IFA,No,,,opusfinancegroup.co.uk
https://financialadvisers.co.uk/financial-planning/canterbury/?pl_p=11&pl_m=40,Steggles & Co Limited,I - IFA,No,,,stegglesandco.com
https://financialadvisers.co.uk/financial-planning/canterbury/?pl_p=11&pl_m=40,Focused Financial Limited,I - IFA,No,1-10,2,focusedfinancial.co.uk
https://financialadvisers.co.uk/financial-planning/canterbury/?pl_p=11&pl_m=40,SIMPLESURANCE,I - IFA,No,51-200,114,simplesurance.co.uk
https://financialadvisers.co.uk/financial-planning/canterbury/?pl_p=11&pl_m=40,Fieldstone Private Capital Group Ltd,I - IFA,No,11-50,,fieldstone.group
https://financialadvisers.co.uk/financial-planning/canterbury/?pl_p=11&pl_m=40,Oakhurst Financial Services Limited,I - IFA,No,,,oakhurst-ifa.co.uk
https://financialadvisers.co.uk/financial-planning/canterbury/?pl_p=11&pl_m=40,Anna Gooch,,,,,
https://financialadvisers.co.uk/financial-planning/canterbury/?pl_p=11&pl_m=40,Smith Associates Financial Services Limited,I - IFA,No,,,smithassociates-ifa.co.uk
https://financialadvisers.co.uk/financial-planning/canterbury/?pl_p=11&pl_m=40,Devonports Financial Services Limited,I - IFA,No,11-50,22,devonports.co.uk
https://financialadvisers.co.uk/financial-planning/canterbury/?pl_p=11&pl_m=40,Michael Joseph Kerrigan,,,,,
https://financialadvisers.co.uk/financial-planning/canterbury/?pl_p=11&pl_m=40,Essex Financial Planners UK Ltd,I - IFA,No,1-10,6,essexfp.com
https://financialadvisers.co.uk/financial-planning/canterbury/?pl_p=11&pl_m=40,Oculus Wealth Management (Medway) Ltd,I - IFA,No,11-50,44,oculuswealth.co.uk
https://financialadvisers.co.uk/financial-planning/canterbury/?pl_p=12&pl_m=40,Sally Noble,I - IFA,No,"1,001-5,000",3514,partnership.sjp.co.uk/partner/noblewealthmanagement
https://financialadvisers.co.uk/financial-planning/canterbury/?pl_p=12&pl_m=40,JDC Financial Planning Limited,I - IFA,No,"1,001-5,000",3507,jdcfinancialplanning.co.uk
https://financialadvisers.co.uk/financial-planning/canterbury/?pl_p=12&pl_m=40,Michael Harper Wealth Management Limited,Invalid domain,No,,,partnership.sjp.co.ukpartnermichaelharper
https://financialadvisers.co.uk/financial-planning/canterbury/?pl_p=12&pl_m=40,Osman Wealth Management Ltd,I - IFA,No,1-10,,osmanwealth.co.uk
https://financialadvisers.co.uk/financial-planning/canterbury/?pl_p=12&pl_m=40,Sherpa Wealth,I - IFA,No,,,sherpawealth.uk
https://financialadvisers.co.uk/financial-planning/canterbury/?pl_p=12&pl_m=40,Marathon Wealth Management Ltd,I - IFA,No,1,,harperfirthwm.co.uk
https://financialadvisers.co.uk/financial-planning/canterbury/?pl_p=12&pl_m=40,Sheena Parker Wealth Management Limited,I - IFA,No,"1,001-5,000",3514,partnership.sjp.co.uk/partner/sheenaparker
https://financialadvisers.co.uk/financial-planning/canterbury/?pl_p=12&pl_m=40,Mike Lumley Financial Solutions,I - IFA,No,"1,001-5,000",3514,partnership.sjp.co.uk/partner/mikelumley
https://financialadvisers.co.uk/financial-planning/canterbury/?pl_p=12&pl_m=40,John Harper Wealth Management,I - IFA,No,,,johncharper.co.uk
https://financialadvisers.co.uk/financial-planning/canterbury/?pl_p=12&pl_m=40,Oliver Harper Wealth Management Ltd,,,,,
https://financialadvisers.co.uk/financial-planning/canterbury/?pl_p=12&pl_m=40,The Mortgage Mum Specialist Finance Limited,I - IFA,No,11-50,42,themortgagemum.co.uk
https://financialadvisers.co.uk/financial-planning/canterbury/?pl_p=12&pl_m=40,Godfrey Asare,,,,,
https://financialadvisers.co.uk/financial-planning/canterbury/?pl_p=12&pl_m=40,Edenwood Wealth Management,I - IFA,No,,,edenwoodwealth.com
https://financialadvisers.co.uk/financial-planning/canterbury/?pl_p=12&pl_m=40,Blue Tulip Wealth Management Limited,I - IFA,No,,,bluetulipwealthmanagement.co.uk
https://financialadvisers.co.uk/financial-planning/canterbury/?pl_p=12&pl_m=40,WLS Investment Partnership Limited,I - IFA,No,51-200,182,sandringham.co.uk
https://financialadvisers.co.uk/financial-planning/canterbury/?pl_p=13&pl_m=40,Edward Paul Financial Planning Ltd,I - IFA,No,1-10,,edwardpaul.co.uk
https://financialadvisers.co.uk/financial-planning/canterbury/?pl_p=13&pl_m=40,Dukes Financial Planning LLP,I - IFA,No,1-10,,dukesfinancialplanning.co.uk
https://financialadvisers.co.uk/financial-planning/canterbury/?pl_p=13&pl_m=40,Jonathan Knight,I - IFA,No,1-10,1,jewellpearcedavy.co.uk
https://financialadvisers.co.uk/financial-planning/canterbury/?pl_p=13&pl_m=40,FS247 Ltd,I - IFA,No,,,ff-p.co.uk
https://financialadvisers.co.uk/financial-planning/canterbury/?pl_p=13&pl_m=40,RBL Wealth Management LTD,I - IFA,No,"5,001-10,000",2710,mandgwealth.com/rblwealthmanagement
https://financialadvisers.co.uk/financial-planning/canterbury/?pl_p=13&pl_m=40,Phillip Michael Southall,,,,,
https://financialadvisers.co.uk/financial-planning/canterbury/?pl_p=13&pl_m=40,Evolution Financial Planning Ltd.,I - IFA,No,1-10,4,evolutionfinancialplanning.co.uk
https://financialadvisers.co.uk/financial-planning/canterbury/?pl_p=13&pl_m=40,Cobalt Asset Management LLP,,,,,
https://financialadvisers.co.uk/financial-planning/canterbury/?pl_p=13&pl_m=40,Perspective (South East) Limited,I - DFM without Centralised Research; I - IFA,No,201-500,260,pfgl.co.uk/southeast
https://financialadvisers.co.uk/financial-planning/canterbury/?pl_p=13&pl_m=40,Forces Family Finance Ltd,I - IFA,No,1-10,4,forcesfamilyfinance.co.uk
https://financialadvisers.co.uk/financial-planning/canterbury/?pl_p=13&pl_m=40,Stuart Thomsitt,I - IFA,No,,,srtwealthmanagement.co.uk
https://financialadvisers.co.uk/financial-planning/canterbury/?pl_p=13&pl_m=40,Financial Solutions SC Ltd,I - IFA,No,,,financialsc.co.uk
https://financialadvisers.co.uk/financial-planning/canterbury/?pl_p=13&pl_m=40,Lightblue Online LLP,I - IFA,No,11-50,5,lightblueuk.com
https://financialadvisers.co.uk/financial-planning/canterbury/?pl_p=13&pl_m=40,Lightblue U.K. Limited,I - IFA,No,11-50,5,lightblueuk.com
https://financialadvisers.co.uk/financial-planning/canterbury/?pl_p=13&pl_m=40,Prism Investments Limited,I - IFA,No,,,prisminvestments.co.uk
https://financialadvisers.co.uk/financial-planning/canterbury/?pl_p=14&pl_m=40,HARBOUR ROCK CAPITAL LIMITED,I - IFA,No,51-200,62,harbourrockcapital.co.uk
https://financialadvisers.co.uk/financial-planning/canterbury/?pl_p=14&pl_m=40,Apollo Pension & Investment Advisers,I - IFA,No,,,apolloifa.co.uk
https://financialadvisers.co.uk/financial-planning/canterbury/?pl_p=14&pl_m=40,S & P Wealth Management,I - IFA,No,,,sandpwealthmanagement.com
https://financialadvisers.co.uk/financial-planning/canterbury/?pl_p=14&pl_m=40,Direct Financial Planning (UK) Limited,I - IFA,No,1-10,4,directfp.co.uk
https://financialadvisers.co.uk/financial-planning/canterbury/?pl_p=14&pl_m=40,Rose Associates Financial Planning Ltd,I - IFA,No,1-10,8,roseassociatesfp.co.uk
https://financialadvisers.co.uk/financial-planning/canterbury/?pl_p=14&pl_m=40,Rosewood Financial Planning Limited,I - IFA,No,1-10,2,rosewoodfp.co.uk
https://financialadvisers.co.uk/financial-planning/canterbury/?pl_p=14&pl_m=40,Erica Hay,I - IFA,No,"1,001-5,000",3514,partnership.sjp.co.uk/partner/ericahay
https://financialadvisers.co.uk/financial-planning/canterbury/?pl_p=14&pl_m=40,Estuary Financial Services Limited,I - IFA,No,1,,estuarywills.com
https://financialadvisers.co.uk/financial-planning/canterbury/?pl_p=14&pl_m=40,Status Financial Services Limited,I - IFA,No,1-10,4,statusmortgageservices.co.uk
https://financialadvisers.co.uk/financial-planning/canterbury/?pl_p=14&pl_m=40,Steven Day,I - IFA,No,,6,ajlife.co.uk
https://financialadvisers.co.uk/financial-planning/canterbury/?pl_p=14&pl_m=40,Summit Wealth Ltd,,,,,
https://financialadvisers.co.uk/financial-planning/canterbury/?pl_p=14&pl_m=40,Infinity Financial Planning Limited,I - IFA,No,,,infinityfp.co.uk
https://financialadvisers.co.uk/financial-planning/canterbury/?pl_p=14&pl_m=40,Mindful Wealth Ltd,,,,,
https://financialadvisers.co.uk/financial-planning/canterbury/?pl_p=14&pl_m=40,Barbac Payne Wealth Management Limited,I - IFA,No,"1,001-5,000",3514,partnership.sjp.co.uk/partner/barbacpaynewm
https://financialadvisers.co.uk/financial-planning/canterbury/?pl_p=14&pl_m=40,Star Financial Solutions Limited,-,Yes,1,1,starfs.co.uk
https://financialadvisers.co.uk/financial-planning/canterbury/?pl_p=15&pl_m=40,DOL Solutions,I - IFA,No,,1,dolsolutions.co.uk
https://financialadvisers.co.uk/financial-planning/canterbury/?pl_p=15&pl_m=40,Simone Wealth Management Limited,I - Asset Manager with Multi-Asset; I - IFA,No,"5,001-10,000",2710,mandg.com
https://financialadvisers.co.uk/financial-planning/canterbury/?pl_p=15&pl_m=40,Gary Derek Powell,,,,,
https://financialadvisers.co.uk/financial-planning/canterbury/?pl_p=15&pl_m=40,Neil Finney,,,,,
https://financialadvisers.co.uk/financial-planning/canterbury/?pl_p=15&pl_m=40,Bastet Wealth Management Ltd,,,,,
https://financialadvisers.co.uk/financial-planning/canterbury/?pl_p=15&pl_m=40,Andrew Lee,Invalid domain,No,,,partnership.sjp.co.ukpartnerandrewlee
https://financialadvisers.co.uk/financial-planning/canterbury/?pl_p=15&pl_m=40,Darren Mason,I - IFA,No,,,masonwm.co.uk
https://financialadvisers.co.uk/financial-planning/canterbury/?pl_p=15&pl_m=40,Champion Financial Advisors Limited,I - IFA,No,,,championfinancial.biz
https://financialadvisers.co.uk/financial-planning/canterbury/?pl_p=15&pl_m=40,Doyle & Leigh Financial Services Ltd,I - IFA,No,"1,001-5,000",3514,partnership.sjp.co.uk/partner/doyleleighfs
https://financialadvisers.co.uk/financial-planning/canterbury/?pl_p=15&pl_m=40,GTM Financial (Rochester) Limited,,,,,
https://financialadvisers.co.uk/financial-planning/canterbury/?pl_p=15&pl_m=40,Central Markets Investment Management Limited,I - IFA,No,,,centralmarkets-im.co.uk
https://financialadvisers.co.uk/financial-planning/canterbury/?pl_p=15&pl_m=40,Castlerock Wealth Management,I - IFA,No,1-10,,castlerockwealth.co.uk
https://financialadvisers.co.uk/financial-planning/canterbury/?pl_p=15&pl_m=40,James & Co Wealth Management Limited,,,,,
https://financialadvisers.co.uk/financial-planning/canterbury/?pl_p=15&pl_m=40,Kingstons Wealth Management Limited,I - IFA,No,11-50,,kingstonsfinancial.com
https://financialadvisers.co.uk/financial-planning/canterbury/?pl_p=15&pl_m=40,Forrester-Hyde Limited,I - IFA,No,11-50,13,forrester-hyde.co.uk
https://financialadvisers.co.uk/financial-planning/canterbury/?pl_p=16&pl_m=40,Best 4 Advice Ltd,I - IFA,No,11-50,3,best4advice.com
https://financialadvisers.co.uk/financial-planning/canterbury/?pl_p=16&pl_m=40,Progressive Financial Solutions Ltd,I - IFA,No,,2,pfsolutions.co.uk
https://financialadvisers.co.uk/financial-planning/canterbury/?pl_p=16&pl_m=40,PWF Finance Limited,I - IFA,No,,,pwf-finance.co.uk
https://financialadvisers.co.uk/financial-planning/canterbury/?pl_p=16&pl_m=40,First Class Financial Advisers Ltd,I - IFA,No,,,firstclassfinancial.co.uk
https://financialadvisers.co.uk/financial-planning/canterbury/?pl_p=16&pl_m=40,Champion's Mortgage Solutions Limited,I - IFA,No,,,championsms.co.uk
https://financialadvisers.co.uk/financial-planning/canterbury/?pl_p=16&pl_m=40,Rene De Gruchy,,,,,
https://financialadvisers.co.uk/financial-planning/canterbury/?pl_p=16&pl_m=40,Tracey Pamela Gray,,,,,
https://financialadvisers.co.uk/financial-planning/canterbury/?pl_p=16&pl_m=40,PMR Financial Solutions Limited,I - IFA,No,,,pmr-fs.co.uk
https://financialadvisers.co.uk/financial-planning/canterbury/?pl_p=16&pl_m=40,RUNNYMEDE WEALTH MANAGEMENT LTD,I - IFA,No,"1,001-5,000",,prudential.co.uk/runnymedewealthmanagementltd
https://financialadvisers.co.uk/financial-planning/canterbury/?pl_p=16&pl_m=40,Olympus Financial Planning Ltd,,,,,
https://financialadvisers.co.uk/financial-planning/canterbury/?pl_p=16&pl_m=40,Barker Financial Planning Limited,I - IFA,No,,,barkerfinancialplanning.co.uk
https://financialadvisers.co.uk/financial-planning/canterbury/?pl_p=16&pl_m=40,MPB Financial Planning Ltd,I - IFA,No,1-10,1,mpbfinancialplanning.co.uk
https://financialadvisers.co.uk/financial-planning/canterbury/?pl_p=16&pl_m=40,4wealth Ltd,,,,,
https://financialadvisers.co.uk/financial-planning/canterbury/?pl_p=16&pl_m=40,Atwood Benefits UK Limited,I - IFA,No,,,benefitsuk.com
https://financialadvisers.co.uk/financial-planning/canterbury/?pl_p=16&pl_m=40,Pyxis Financial Planning limited,I - IFA,No,,,pyxifp.co.uk
https://financialadvisers.co.uk/financial-planning/canterbury/?pl_p=17&pl_m=40,Bullivant Wealth Management Ltd,-,Yes,2-10,2,bullivantwealth.co.uk
https://financialadvisers.co.uk/financial-planning/canterbury/?pl_p=17&pl_m=40,Castle Financial Services (South East) Ltd,I - IFA,No,,,castlefs.co.uk
https://financialadvisers.co.uk/financial-planning/canterbury/?pl_p=17&pl_m=40,Hall & Costello Wealth Management Limited,I - IFA,No,11-50,26,hallandcostellowealthmanagement.co.uk
https://financialadvisers.co.uk/financial-planning/canterbury/?pl_p=17&pl_m=40,NANA NYARKOA TETTEH,I - IFA,No,11-50,5,therockfmc.com
https://financialadvisers.co.uk/financial-planning/canterbury/?pl_p=17&pl_m=40,Estuary Wealth Management Limited,I - IFA,No,1-10,,estuarywealth.co.uk
https://financialadvisers.co.uk/financial-planning/canterbury/?pl_p=17&pl_m=40,David Ruler Financial Planning Limited,I - IFA,No,,,davidruler.com
https://financialadvisers.co.uk/financial-planning/canterbury/?pl_p=17&pl_m=40,Fusion Mortgages Ltd,I - IFA,No,,,fusion-mortgages.com
https://financialadvisers.co.uk/financial-planning/canterbury/?pl_p=17&pl_m=40,Jack Thornton,I - IFA,No,,,jackthorntonfinancialplanning.co.uk
https://financialadvisers.co.uk/financial-planning/canterbury/?pl_p=17&pl_m=40,Unbiased (Financial Advice) UK Ltd,I - IFA,No,,,stjohnshouse.uk
https://financialadvisers.co.uk/financial-planning/canterbury/?pl_p=17&pl_m=40,Antony John Frost,I - IFA,No,,,choices-fs.co.uk
https://financialadvisers.co.uk/financial-planning/canterbury/?pl_p=17&pl_m=40,Ronald Charles Edwards,,,,,
https://financialadvisers.co.uk/financial-planning/canterbury/?pl_p=17&pl_m=40,Lucas & Co Financial Planning Ltd,I - IFA,No,,,lucasfp.co.uk
https://financialadvisers.co.uk/financial-planning/canterbury/?pl_p=17&pl_m=40,Andrew Young,I - IFA,No,"1,001-5,000",3514,partnership.sjp.co.uk/partner/andrewyoung
https://financialadvisers.co.uk/financial-planning/canterbury/?pl_p=17&pl_m=40,Robert Coventry,I - IFA,No,,,robcovetry.tppowered.com
https://financialadvisers.co.uk/financial-planning/canterbury/?pl_p=17&pl_m=40,Espiene Ltd,I - IFA,No,,2,espiene.com
https://financialadvisers.co.uk/financial-planning/canterbury/?pl_p=18&pl_m=40,Kevin Hepworth,I - IFA,No,,,kevinhepworth.co.uk
https://financialadvisers.co.uk/financial-planning/canterbury/?pl_p=18&pl_m=40,Clive Ingram,I - IFA,No,,,cliveingram.com
https://financialadvisers.co.uk/financial-planning/canterbury/?pl_p=18&pl_m=40,Premier Research and Marketing,I - IFA,No,,,prminsurance.co.uk
https://financialadvisers.co.uk/financial-planning/canterbury/?pl_p=18&pl_m=40,Gordon Associates Ltd,I - IFA,No,,,gordon-associates.co.uk
https://financialadvisers.co.uk/financial-planning/canterbury/?pl_p=18&pl_m=40,Another View Financial Services Ltd,I - IFA,No,,,anotherviewfs.co.uk
https://financialadvisers.co.uk/financial-planning/canterbury/?pl_p=18&pl_m=40,Baker Jenness Financial Management,I - IFA,No,,2,bakerjenness.co.uk
https://financialadvisers.co.uk/financial-planning/canterbury/?pl_p=18&pl_m=40,Burfields House Wealth Management Ltd,-,No,11-50,18,burfieldshousewm.co.uk
https://financialadvisers.co.uk/financial-planning/canterbury/?pl_p=18&pl_m=40,SimFin Financial limited,I - IFA,No,1-10,4,simfin.co.uk
https://financialadvisers.co.uk/financial-planning/canterbury/?pl_p=18&pl_m=40,Ashmax Limited,I - IFA,No,,,ashmax.co.uk
https://financialadvisers.co.uk/financial-planning/canterbury/?pl_p=18&pl_m=40,Joseph R Lamb Independent Financial Advisers Limited,I - DFM without Centralised Research; I - IFA,No,201-500,224,kingswood-group.com
https://financialadvisers.co.uk/financial-planning/canterbury/?pl_p=18&pl_m=40,Valkyrie Financial Advice Ltd,I - IFA,No,,,valkyriefinancialadvice.co.uk
https://financialadvisers.co.uk/financial-planning/canterbury/?pl_p=18&pl_m=40,Simtonic Financial Solutions Ltd,I - IFA,No,,,first4mortgages.org.uk
https://financialadvisers.co.uk/financial-planning/canterbury/?pl_p=18&pl_m=40,New Leaf Distribution Limited,-,Yes,201-500,37,newleafdistribution.co.uk
https://financialadvisers.co.uk/financial-planning/canterbury/?pl_p=18&pl_m=40,Integrated IFA Ltd,,,,,
https://financialadvisers.co.uk/financial-planning/canterbury/?pl_p=18&pl_m=40,Orbit Financial Services Ltd,I - IFA,No,1-10,1,waltonfs.co.uk
https://financialadvisers.co.uk/financial-planning/canterbury/?pl_p=19&pl_m=40,Resolute Financial Services Ltd,,,,,
https://financialadvisers.co.uk/financial-planning/canterbury/?pl_p=19&pl_m=40,Mistry & Sons Limited,I - IFA,No,,,mistrysons.co.uk
https://financialadvisers.co.uk/financial-planning/canterbury/?pl_p=19&pl_m=40,Sterling Financial Consultancy Ltd,,,,,
https://financialadvisers.co.uk/financial-planning/canterbury/?pl_p=19&pl_m=40,Protect and Lend Limited,,,,,
https://financialadvisers.co.uk/financial-planning/canterbury/?pl_p=19&pl_m=40,CMIS Independent Financial Advisors Limited,I - IFA,No,1-10,4,cmisifa.co.uk
https://financialadvisers.co.uk/financial-planning/canterbury/?pl_p=19&pl_m=40,SP Financial Management Limited,I - IFA,No,1-10,6,spfm.co.uk
https://financialadvisers.co.uk/financial-planning/canterbury/?pl_p=19&pl_m=40,Sharon Deangelis,I - IFA,No,,,sharondeangelis.co.uk
https://financialadvisers.co.uk/financial-planning/canterbury/?pl_p=19&pl_m=40,Eden Independent Financial Advisers Limited,I - IFA,No,,,eden-ifa.com
https://financialadvisers.co.uk/financial-planning/canterbury/?pl_p=19&pl_m=40,PWS Group,I - IFA,No,,,pwsgroup.co.uk
https://financialadvisers.co.uk/financial-planning/canterbury/?pl_p=19&pl_m=40,Wardale Fletcher Financial Consultants Ltd,I - IFA,No,,,wardalefletcher.com
https://financialadvisers.co.uk/financial-planning/canterbury/?pl_p=19&pl_m=40,Wealth Generation LLP,I - IFA,No,,,wealth-generation.com
https://financialadvisers.co.uk/financial-planning/canterbury/?pl_p=19&pl_m=40,S J Wealth Management Ltd,I - IFA,No,201-500,323,sarah-jayneives.2plan.com
https://financialadvisers.co.uk/financial-planning/canterbury/?pl_p=19&pl_m=40,Rebecca McGinty,Invalid domain,No,,,rebecca.mcginty@sjpp.co.uk
https://financialadvisers.co.uk/financial-planning/canterbury/?pl_p=19&pl_m=40,EF Solutions Ltd,I - IFA,No,,,mortgageadvisersinkent.co.uk
https://financialadvisers.co.uk/financial-planning/canterbury/?pl_p=19&pl_m=40,MPI FS LLP,I - IFA,No,,3,mortonparker.co.uk
https://financialadvisers.co.uk/financial-planning/canterbury/?pl_p=20&pl_m=40,Metcalf Wealth Managers Ltd,I - IFA,No,1-10,,metcalf-ifa.co.uk
https://financialadvisers.co.uk/financial-planning/canterbury/?pl_p=20&pl_m=40,Derek Stuart Scott,I - IFA,No,,,derekscott.co.uk
https://financialadvisers.co.uk/financial-planning/canterbury/?pl_p=20&pl_m=40,Adams & Bowles Wealth Management Ltd,I - IFA,No,1-10,8,adamsandbowleswm.co.uk
https://financialadvisers.co.uk/financial-planning/canterbury/?pl_p=20&pl_m=40,Reef Financial Consulting Ltd,I - IFA,No,1-10,1,reeffc.com
https://financialadvisers.co.uk/financial-planning/canterbury/?pl_p=20&pl_m=40,WIS Contractor Mortgages Ltd,I - IFA,No,1-10,13,wismortgages.co.uk
https://financialadvisers.co.uk/financial-planning/canterbury/?pl_p=20&pl_m=40,Sean Downs Wealth Management Limited,I - IFA,No,,6,seandownswealthmanagement.co.uk
https://financialadvisers.co.uk/financial-planning/canterbury/?pl_p=20&pl_m=40,Ambersmith Wealth Consultancy Ltd,I - IFA,No,,,ambersmithwc.co.uk
https://financialadvisers.co.uk/financial-planning/canterbury/?pl_p=20&pl_m=40,Andre Engelbrecht Limited,,,,,
https://financialadvisers.co.uk/financial-planning/canterbury/?pl_p=20&pl_m=40,G & D Bignell,I - IFA,No,,,atrium-ifa.co.uk
https://financialadvisers.co.uk/financial-planning/canterbury/?pl_p=20&pl_m=40,Chambers Financial Services Limited,I - IFA,No,1-10,8,chambersfs.co.uk
https://financialadvisers.co.uk/financial-planning/canterbury/?pl_p=20&pl_m=40,Fairview Financial Management Ltd,I - IFA,No,1-10,1,fairviewifa.co.uk
https://financialadvisers.co.uk/financial-planning/canterbury/?pl_p=20&pl_m=40,Beck Wealth Management Limited,I - IFA,No,1-10,2,beckwealth.co.uk
https://financialadvisers.co.uk/financial-planning/canterbury/?pl_p=20&pl_m=40,Harty Ltd,I - IFA,No,,,hartyltd.co.uk
https://financialadvisers.co.uk/financial-planning/canterbury/?pl_p=20&pl_m=40,MAPS Wealth Management Ltd,I - IFA,No,1-10,,mapswealth.co.uk
https://financialadvisers.co.uk/financial-planning/canterbury/?pl_p=20&pl_m=40,Andrew Salter,I - IFA,No,,,salterwm.co.uk
https://financialadvisers.co.uk/financial-planning/canterbury/?pl_p=21&pl_m=40,LMJ Financial Management Ltd,I - IFA,No,,,lmjfm.co.uk
https://financialadvisers.co.uk/financial-planning/canterbury/?pl_p=21&pl_m=40,Distinctive Financial Solutions Ltd,I - DFM without Centralised Research; I - IFA,No,"1,001-5,000",3514,sjpp.co.uk/marklockyer
https://financialadvisers.co.uk/financial-planning/canterbury/?pl_p=21&pl_m=40,Guy Skidmore,I - IFA,No,,,conradwealthsolutions.co.uk
https://financialadvisers.co.uk/financial-planning/canterbury/?pl_p=21&pl_m=40,Raymond Hung,I - IFA,No,,,rhwealth.co.uk
https://financialadvisers.co.uk/financial-planning/canterbury/?pl_p=21&pl_m=40,SeventySeven Wealth Management Limited,,,,,
https://financialadvisers.co.uk/financial-planning/canterbury/?pl_p=21&pl_m=40,Eclipse Adviser (Pensions & Investments) Ltd,,,,,
https://financialadvisers.co.uk/financial-planning/canterbury/?pl_p=21&pl_m=40,Friend & Grant Wealth Management Ltd,I - IFA,No,11-50,4,fgwm.co.uk
https://financialadvisers.co.uk/financial-planning/canterbury/?pl_p=21&pl_m=40,Invicta Financial Services Ltd,-,No,,,invicta-group.co.uk
https://financialadvisers.co.uk/financial-planning/canterbury/?pl_p=21&pl_m=40,Invicta Financial Planning LLP,-,No,,,invicta-fp.co.uk
https://financialadvisers.co.uk/financial-planning/canterbury/?pl_p=21&pl_m=40,Platinum Financial Consulting Limited,I - IFA,No,,,platinumifa.co.uk
https://financialadvisers.co.uk/financial-planning/canterbury/?pl_p=21&pl_m=40,Shand Associates Ltd,,,,,
https://financialadvisers.co.uk/financial-planning/canterbury/?pl_p=21&pl_m=40,Liberty Wealth Management Ltd,I - IFA,No,"1,001-5,000",3514,partnership.sjp.co.uk/libertywm
https://financialadvisers.co.uk/financial-planning/canterbury/?pl_p=21&pl_m=40,Bob Rains Wealth Management Limited,I - IFA,No,,,brwm.org.uk
https://financialadvisers.co.uk/financial-planning/canterbury/?pl_p=21&pl_m=40,Sygma Financial Services Ltd,,,,,
https://financialadvisers.co.uk/financial-planning/canterbury/?pl_p=21&pl_m=40,First Class Financial Solutions Ltd,I - IFA,No,,,fcfs.org.uk
https://financialadvisers.co.uk/financial-planning/canterbury/?pl_p=22&pl_m=40,The Woodham Partnership Limited,I - IFA,No,1-10,3,twp-ifa.co.uk
https://financialadvisers.co.uk/financial-planning/canterbury/?pl_p=22&pl_m=40,GRS Financial Consultants Limited,I - IFA,No,1-10,7,grsfinancial.co.uk
https://financialadvisers.co.uk/financial-planning/canterbury/?pl_p=22&pl_m=40,Equinox Wealth Limited,-,No,1-10,,equinoxwealth.co.uk
https://financialadvisers.co.uk/financial-planning/canterbury/?pl_p=22&pl_m=40,Star Brokers Ltd,,,,,
https://financialadvisers.co.uk/financial-planning/canterbury/?pl_p=22&pl_m=40,Equitas Investment Services Limited,I - IFA,No,,,lineone.net
https://financialadvisers.co.uk/financial-planning/canterbury/?pl_p=22&pl_m=40,Harbour Financial LLP,I - IFA,No,,5,harbourfinancial.co.uk
https://financialadvisers.co.uk/financial-planning/canterbury/?pl_p=22&pl_m=40,Anish Sharma Wealth Management Limited,Invalid domain,No,,,Ã¢Âpartnership.sjp.co.uk/partner/anishsharma
https://financialadvisers.co.uk/financial-planning/canterbury/?pl_p=22&pl_m=40,G11 Financial Management Limited,I - IFA,No,1-10,4,g11financial.co.uk
https://financialadvisers.co.uk/financial-planning/canterbury/?pl_p=22&pl_m=40,Hatten Wyatt Wealth Management LLP,I - IFA,No,51-200,33,hatten-wyatt.com
https://financialadvisers.co.uk/financial-planning/canterbury/?pl_p=22&pl_m=40,SKS Wealth Management Limited,,,,,
https://financialadvisers.co.uk/financial-planning/canterbury/?pl_p=22&pl_m=40,Blue Badger Financial Limited,,,,,
https://financialadvisers.co.uk/financial-planning/canterbury/?pl_p=22&pl_m=40,Blue Ocean Independent Financial Planning Ltd,I - IFA,No,,,blueoceanifp.co.uk
https://financialadvisers.co.uk/financial-planning/canterbury/?pl_p=22&pl_m=40,SRC Financial Services Limited,I - IFA,No,11-50,15,srcfinancial.com
https://financialadvisers.co.uk/financial-planning/canterbury/?pl_p=22&pl_m=40,SRC Mortgage Solutions Limited,I - IFA,No,11-50,15,srcfinancial.com
https://financialadvisers.co.uk/financial-planning/canterbury/?pl_p=22&pl_m=40,Financial Goal Attainment Limited,I - IFA,No,11-50,4,financialgoalattainment.uk
https://financialadvisers.co.uk/financial-planning/canterbury/?pl_p=23&pl_m=40,Sound Financial Planning Ltd,I - IFA,No,1-10,13,soundfp.co.uk
https://financialadvisers.co.uk/financial-planning/canterbury/?pl_p=23&pl_m=40,Sasha Hunt Limited,I - IFA,No,,,sashahunt.co.uk
https://financialadvisers.co.uk/financial-planning/canterbury/?pl_p=23&pl_m=40,Edward Frazer Ltd,I - IFA,No,,,edwardfrazer.co.uk
https://financialadvisers.co.uk/financial-planning/canterbury/?pl_p=23&pl_m=40,Black Financial Services Limited,I - IFA,No,,,blackfs.co.uk
https://financialadvisers.co.uk/financial-planning/canterbury/?pl_p=23&pl_m=40,Martin Financial Management Limited,I - IFA,No,,,martinfinancialmanagement.com
https://financialadvisers.co.uk/financial-planning/canterbury/?pl_p=23&pl_m=40,KBP Financial Ltd,I - IFA,No,,,kbp-financial.com
https://financialadvisers.co.uk/financial-planning/canterbury/?pl_p=23&pl_m=40,Bexley Financial Solutions Ltd,,,,,
https://financialadvisers.co.uk/financial-planning/canterbury/?pl_p=23&pl_m=40,Courtney Havers LLP,I - IFA,No,1-10,10,courtneyhavers.co.uk
https://financialadvisers.co.uk/financial-planning/canterbury/?pl_p=23&pl_m=40,Daniel O’Sullivan,I - Asset Manager with Multi-Asset; I - IFA,No,"5,001-10,000",2710,mandg.com
https://financialadvisers.co.uk/financial-planning/canterbury/?pl_p=23&pl_m=40,Newsome Wealth Management Ltd,I - IFA,No,1-10,2,newsomewealthmanagement.co.uk
https://financialadvisers.co.uk/financial-planning/canterbury/?pl_p=23&pl_m=40,Blue Ocean Investment Company Limited,I - IFA,No,1-10,7,blueoceanfp.co.uk
https://financialadvisers.co.uk/financial-planning/canterbury/?pl_p=23&pl_m=40,Hereford Funds LLP,-,No,,,herefordfunds.com
https://financialadvisers.co.uk/financial-planning/canterbury/?pl_p=23&pl_m=40,Gertski Wealth Management Ltd,I - DFM without Centralised Research; I - IFA,No,"1,001-5,000",3514,sjpp.co.uk/gertskiwealthmanagement
https://financialadvisers.co.uk/financial-planning/canterbury/?pl_p=23&pl_m=40,Paragon Independent Limited,I - IFA,No,,8,paragon-ifa.co.uk
https://financialadvisers.co.uk/financial-planning/canterbury/?pl_p=23&pl_m=40,Lifetime Financial Consulting Ltd,I - IFA,No,,3,lifetimefinancial.biz
https://financialadvisers.co.uk/financial-planning/canterbury/?pl_p=24&pl_m=40,Stella Wyatt,,,,,
https://financialadvisers.co.uk/financial-planning/canterbury/?pl_p=24&pl_m=40,Great Oak Financial Partners Ltd,I - IFA,No,,,greatoakfp.co.uk
https://financialadvisers.co.uk/financial-planning/canterbury/?pl_p=24&pl_m=40,Bull Wealth Management Ltd,I - IFA,No,,,bullwm.co.uk
https://financialadvisers.co.uk/financial-planning/canterbury/?pl_p=24&pl_m=40,TJD Financial Services Ltd,I - IFA,No,,,tjdfinancial.co.uk
https://financialadvisers.co.uk/financial-planning/canterbury/?pl_p=24&pl_m=40,James Reid,I - IFA,No,,,fleetwoodifs.co.uk
https://financialadvisers.co.uk/financial-planning/canterbury/?pl_p=24&pl_m=40,Crawford Drake Wealth Management Limited,I - IFA,No,,,crawforddrake.com
https://financialadvisers.co.uk/financial-planning/canterbury/?pl_p=24&pl_m=40,Heybridge Finance Limited,I - IFA,No,,,heybridgefinance.co.uk
https://financialadvisers.co.uk/financial-planning/canterbury/?pl_p=24&pl_m=40,Astute Financial & Lifestyle Planning Limited,I - IFA,No,,,astutefp.com
https://financialadvisers.co.uk/financial-planning/canterbury/?pl_p=24&pl_m=40,Blackwater Wealth Management Ltd,I - IFA,No,11-50,1,blackwaterwealthmanagement.co.uk
https://financialadvisers.co.uk/financial-planning/canterbury/?pl_p=24&pl_m=40,Amanda Redman,I - IFA,No,1-10,7,amandaredmanfp.co.uk
https://financialadvisers.co.uk/financial-planning/canterbury/?pl_p=24&pl_m=40,Flamingo Capital Limited,I - IFA,No,1-10,4,flcap.co.uk
https://financialadvisers.co.uk/financial-planning/canterbury/?pl_p=24&pl_m=40,Clarity Advice & Management Ltd,I - IFA,No,1-10,3,clarityam.com
https://financialadvisers.co.uk/financial-planning/canterbury/?pl_p=24&pl_m=40,Citrus Healthcare Consulting Ltd,I - IFA,No,,,citrushealthcare.co.uk
https://financialadvisers.co.uk/financial-planning/canterbury/?pl_p=24&pl_m=40,Graham Bacon Financial Solutions Limited,I - IFA,No,,,aol.com
https://financialadvisers.co.uk/financial-planning/canterbury/?pl_p=24&pl_m=40,Mortgage Steps Ltd,I - IFA,No,1-10,1,mortgagesteps.co.uk
https://financialadvisers.co.uk/financial-planning/canterbury/?pl_p=25&pl_m=40,ESJ Financial Planning LLP,I - IFA,No,,,esjfinancial.co.uk
https://financialadvisers.co.uk/financial-planning/canterbury/?pl_p=25&pl_m=40,Koenders Wealth Management Ltd,I - IFA,No,"1,001-5,000",3514,partnership.sjp.co.uk/partner/richardkoenders
https://financialadvisers.co.uk/financial-planning/canterbury/?pl_p=25&pl_m=40,Coffey Tomkins Financial Services Ltd,I - IFA,No,11-50,10,coffeybrooks.com
https://financialadvisers.co.uk/financial-planning/canterbury/?pl_p=25&pl_m=40,Coffey Brooks Financial Services Ltd,I - IFA,No,11-50,10,coffeybrooks.com
https://financialadvisers.co.uk/financial-planning/canterbury/?pl_p=25&pl_m=40,DDL Wealth Management Ltd,I - IFA,No,,,ddlwealthmanagement.co.uk
https://financialadvisers.co.uk/financial-planning/canterbury/?pl_p=25&pl_m=40,TFP Financial Planning Ltd,I - IFA,No,1-10,11,tfp-fp.com
https://financialadvisers.co.uk/financial-planning/canterbury/?pl_p=25&pl_m=40,Hutchinson Financial Planning Ltd,I - IFA,No,,,hutchinsonfinancialplanningltd.co.uk
https://financialadvisers.co.uk/financial-planning/canterbury/?pl_p=25&pl_m=40,Life Wealth Management Ltd,Invalid domain,No,,,partnership.sjp.co.ukpartnerlifewealthmanagement
https://financialadvisers.co.uk/financial-planning/canterbury/?pl_p=25&pl_m=40,Frederick Charles Wealth Management Ltd,I - IFA,No,1-10,4,fcwealth.co.uk
https://financialadvisers.co.uk/financial-planning/canterbury/?pl_p=25&pl_m=40,Paul Andrew Tune,-,Yes,,,paultunefinancialservices.co.uk
https://financialadvisers.co.uk/financial-planning/canterbury/?pl_p=25&pl_m=40,Theora Financial Planning Limited,I - IFA,No,,,theora.biz
https://financialadvisers.co.uk/financial-planning/canterbury/?pl_p=25&pl_m=40,Cutting and Carter Limited,I - IFA,No,,,cuttingandcarter.co.uk
https://financialadvisers.co.uk/financial-planning/canterbury/?pl_p=25&pl_m=40,Clear IFA Limited,I - IFA,No,,,clearifa.com
https://financialadvisers.co.uk/financial-planning/canterbury/?pl_p=25&pl_m=40,Adam Burt,I - IFA,No,"1,001-5,000",3514,adamburtwm.co.uk
https://financialadvisers.co.uk/financial-planning/canterbury/?pl_p=25&pl_m=40,Spectrum Independent Financial Advice Limited,I - IFA,No,,,eclipsepensionspecialists.co.uk
https://financialadvisers.co.uk/financial-planning/canterbury/?pl_p=26&pl_m=40,Prism EBC Limited,I - IFA,No,11-50,2,specifa.co.uk
https://financialadvisers.co.uk/financial-planning/canterbury/?pl_p=26&pl_m=40,The Path Financial Limited,I - DFM without Centralised Research; I - IFA,No,11-50,16,thepath.co.uk
https://financialadvisers.co.uk/financial-planning/canterbury/?pl_p=26&pl_m=40,LBWM Limited,I - IFA,No,1-10,6,watchoakpw.co.uk
https://financialadvisers.co.uk/financial-planning/canterbury/?pl_p=26&pl_m=40,The Lance Richards Practice Ltd,I - IFA,No,,,lance-richards.co.uk
https://financialadvisers.co.uk/financial-planning/canterbury/?pl_p=26&pl_m=40,Douglas Rowe Financial Services Limited,Invalid domain,No,,,partnership.sjp.co.ukdougrowefspartnerdougrowefs
https://financialadvisers.co.uk/financial-planning/canterbury/?pl_p=26&pl_m=40,Spencer Maynard W M Limited,I - IFA,No,1-10,7,spencermaynardwm.co.uk
https://financialadvisers.co.uk/financial-planning/canterbury/?pl_p=26&pl_m=40,Grangewood Financial Management Ltd,I - IFA,No,1-10,2,gwfm.co.uk
https://financialadvisers.co.uk/financial-planning/canterbury/?pl_p=26&pl_m=40,Matthew Adam White,-,No,,,mwfinance.co.uk
https://financialadvisers.co.uk/financial-planning/canterbury/?pl_p=26&pl_m=40,Mr Stephen Alan Clarke,,,,,
https://financialadvisers.co.uk/financial-planning/canterbury/?pl_p=26&pl_m=40,Rootes Wealth Management Limited,I - IFA,No,,,rootes.co.uk
https://financialadvisers.co.uk/financial-planning/canterbury/?pl_p=26&pl_m=40,Harmer Financial Services Limited,-,No,1-10,4,harmerfsl.co.uk
https://financialadvisers.co.uk/financial-planning/canterbury/?pl_p=26&pl_m=40,Arrow 1066 Financial Services Ltd,I - IFA,No,1-10,,arrow1066fs.co.uk
https://financialadvisers.co.uk/financial-planning/canterbury/?pl_p=26&pl_m=40,Wheble Financial Services Limited,I - IFA,No,1-10,4,wheblefs.co.uk
https://financialadvisers.co.uk/financial-planning/canterbury/?pl_p=26&pl_m=40,New Mortgages Ltd,,,,,
https://financialadvisers.co.uk/financial-planning/canterbury/?pl_p=26&pl_m=40,Fresh Financial Services Limited,I - IFA,No,,,fresh-financial.co.uk
https://financialadvisers.co.uk/financial-planning/canterbury/?pl_p=27&pl_m=40,Premiere UK FS Ltd,I - IFA,No,,,premiereuk.co.uk
https://financialadvisers.co.uk/financial-planning/canterbury/?pl_p=27&pl_m=40,LIFA (UK) Limited,I - IFA,No,,,lifa.co.uk
https://financialadvisers.co.uk/financial-planning/canterbury/?pl_p=27&pl_m=40,Alexander James Financial Planning Limited,I - IFA,No,1-10,5,alexanderjamesfinancial.co.uk
https://financialadvisers.co.uk/financial-planning/canterbury/?pl_p=27&pl_m=40,Quantum Wealth Planning Ltd,-,No,,,qwplanning.co.uk
https://financialadvisers.co.uk/financial-planning/canterbury/?pl_p=27&pl_m=40,Robert Keith Freeman,I - IFA,No,,,ffafinance.co.uk
https://financialadvisers.co.uk/financial-planning/canterbury/?pl_p=27&pl_m=40,Greenstone Financial Planning Ltd,-,No,1-10,2,greenstonefp.co.uk
https://financialadvisers.co.uk/financial-planning/canterbury/?pl_p=27&pl_m=40,my corinthian limited,-,No,11-50,42,corinthianbenefits.co.uk
https://financialadvisers.co.uk/financial-planning/canterbury/?pl_p=27&pl_m=40,Corinthian Benefits Consulting Limited,-,No,11-50,42,corinthianbenefits.co.uk
https://financialadvisers.co.uk/financial-planning/canterbury/?pl_p=27&pl_m=40,Streamline Financial Planning Ltd,,,,,
https://financialadvisers.co.uk/financial-planning/canterbury/?pl_p=27&pl_m=40,Thornton Financial Services Ltd,I - IFA,No,,,thorntonfinancialservices.co.uk
https://financialadvisers.co.uk/financial-planning/canterbury/?pl_p=27&pl_m=40,Lonsdale Financial Consulting Ltd,-,No,,2,lonsdalefc.com
https://financialadvisers.co.uk/financial-planning/canterbury/?pl_p=27&pl_m=40,BULLINGER WEALTH LIMITED,-,No,"501-1,000",567,bullinger.co.uk
https://financialadvisers.co.uk/financial-planning/canterbury/?pl_p=27&pl_m=40,Cooper Parry Wealth (TW) Limited,I - IFA,No,11-50,53,cooperparrywealth.com
https://financialadvisers.co.uk/financial-planning/canterbury/?pl_p=27&pl_m=40,Halcyon Wealth UK Ltd,-,No,11-50,7,halcyonwealth.co.uk
https://financialadvisers.co.uk/financial-planning/canterbury/?pl_p=27&pl_m=40,Porters Financial Ltd,I - IFA,No,1-10,1,portersfinancial.co.uk
https://financialadvisers.co.uk/financial-planning/canterbury/?pl_p=28&pl_m=40,Rock Financial Advisors Ltd,I - IFA,No,,,rockfinancialadvisors.co.uk
https://financialadvisers.co.uk/financial-planning/canterbury/?pl_p=28&pl_m=40,Abacus Advice Ltd,-,No,1-10,2,aaltd.co.uk
https://financialadvisers.co.uk/financial-planning/canterbury/?pl_p=28&pl_m=40,Forbes Financial Ltd,-,No,1-10,6,forbesfinancial.co.uk
https://financialadvisers.co.uk/financial-planning/canterbury/?pl_p=28&pl_m=40,One and All Financial Services Ltd,-,No,1-10,4,oryxfs.co.uk
https://financialadvisers.co.uk/financial-planning/canterbury/?pl_p=28&pl_m=40,Wells Financial Limited,-,No,1-10,6,wellsfinancial.co.uk
https://financialadvisers.co.uk/financial-planning/canterbury/?pl_p=28&pl_m=40,Credence Wealth Management Ltd,I - IFA,No,,,credencewm.co.uk
https://financialadvisers.co.uk/financial-planning/canterbury/?pl_p=28&pl_m=40,Strategic Wealth Management Limited,I - IFA,No,1-10,3,strategicwealth.co.uk
https://financialadvisers.co.uk/financial-planning/canterbury/?pl_p=28&pl_m=40,Stolworthy Pilling Ltd,-,No,1-10,,spallp.co.uk
https://financialadvisers.co.uk/financial-planning/canterbury/?pl_p=28&pl_m=40,Advice2u Ltd,-,No,,,advice2u.co.uk
https://financialadvisers.co.uk/financial-planning/canterbury/?pl_p=28&pl_m=40,Alex Bergin-McCarthy,,,,,
https://financialadvisers.co.uk/financial-planning/canterbury/?pl_p=28&pl_m=40,Chelmer Wealth Management Ltd,I - IFA,No,,,chelmerwealthmanagement.co.uk
https://financialadvisers.co.uk/financial-planning/canterbury/?pl_p=28&pl_m=40,360 Financial Services Ltd.,I - IFA,No,11-50,4,360financialservices.co.uk
https://financialadvisers.co.uk/financial-planning/canterbury/?pl_p=28&pl_m=40,360 Wealth Ltd,I - IFA,No,11-50,4,360financialservices.co.uk
https://financialadvisers.co.uk/financial-planning/canterbury/?pl_p=28&pl_m=40,Michael Letch & Partners,I - IFA,No,,5,michaelletch.co.uk
https://financialadvisers.co.uk/financial-planning/canterbury/?pl_p=28&pl_m=40,Crocus Wealth Limited,I - IFA,No,,,crocuswealth.co.uk
https://financialadvisers.co.uk/financial-planning/canterbury/?pl_p=29&pl_m=40,AV Trinity Limited,-,No,11-50,16,avtrinity.com
https://financialadvisers.co.uk/financial-planning/canterbury/?pl_p=29&pl_m=40,C A Financial Services Ltd,I - IFA,No,1-10,2,cafinancialservices.co.uk
https://financialadvisers.co.uk/financial-planning/canterbury/?pl_p=29&pl_m=40,Karen Ritchie Limited,-,No,,,karenritchie.co.uk
https://financialadvisers.co.uk/financial-planning/canterbury/?pl_p=29&pl_m=40,Wilson Edwards LLP,I - IFA,No,,,wilsonedwards.co.uk
https://financialadvisers.co.uk/financial-planning/canterbury/?pl_p=29&pl_m=40,J M Wakeling Independent Financial Advisers Ltd,I - IFA,No,,,jmwifa.co.uk
https://financialadvisers.co.uk/financial-planning/canterbury/?pl_p=29&pl_m=40,Hodges Financial Services Ltd,I - DFM without Centralised Research; I - IFA,No,"1,001-5,000",3514,sjpp.co.uk/matthodges
https://financialadvisers.co.uk/financial-planning/canterbury/?pl_p=29&pl_m=40,Sterling Street Limited,I - IFA,No,51-200,20,sterlingstreet.co.uk
https://financialadvisers.co.uk/financial-planning/canterbury/?pl_p=29&pl_m=40,Wealden Wealth Advisory Limited,-,No,,,wealdenwealth.co.uk
https://financialadvisers.co.uk/financial-planning/canterbury/?pl_p=29&pl_m=40,Armstrong Wealth Ltd,-,No,,2,armstrongwealth.co.uk
https://financialadvisers.co.uk/financial-planning/canterbury/?pl_p=29&pl_m=40,K.I.S.S Financial Management Ltd,I - IFA,No,,,kissfinancial.co.uk
https://financialadvisers.co.uk/financial-planning/canterbury/?pl_p=29&pl_m=40,A&E Wealth Solutions Limited,I - IFA,No,,,aewealth.uk
https://financialadvisers.co.uk/financial-planning/canterbury/?pl_p=29&pl_m=40,Edmans IFA Ltd,I - IFA,No,1-10,3,edmansifa.com
https://financialadvisers.co.uk/financial-planning/canterbury/?pl_p=29&pl_m=40,R.J. Hurst & Partners Limited,I - IFA,No,,,hurstfm.co.uk
https://financialadvisers.co.uk/financial-planning/canterbury/?pl_p=29&pl_m=40,Andrew Skinner Wealth Management Limited,I - IFA,No,1-10,3,andrewskinnerwealth.co.uk
https://financialadvisers.co.uk/financial-planning/canterbury/?pl_p=29&pl_m=40,Duncan Wealth Management Limited,I - IFA,No,,,duncanwealth.co.uk
https://financialadvisers.co.uk/financial-planning/canterbury/?pl_p=30&pl_m=40,HCR Independent Financial Advisers Limited,I - IFA,No,1-10,1,hcrifa.co.uk
https://financialadvisers.co.uk/financial-planning/canterbury/?pl_p=30&pl_m=40,Arose Finance Limited,,,,,
https://financialadvisers.co.uk/financial-planning/canterbury/?pl_p=30&pl_m=40,Hartwell Financial Planning Limited,I - IFA,No,,,hartwellfpltd.co.uk
https://financialadvisers.co.uk/financial-planning/canterbury/?pl_p=30&pl_m=40,Fairway Financial Consultancy,,,,,
https://financialadvisers.co.uk/financial-planning/canterbury/?pl_p=30&pl_m=40,Gibson Lamb & Co. LLP,I - IFA,No,,,gibsonlamb.co.uk
https://financialadvisers.co.uk/financial-planning/canterbury/?pl_p=30&pl_m=40,Perfect Protect Limited,I - IFA,No,1-10,6,perfectprotect.co.uk
https://financialadvisers.co.uk/financial-planning/canterbury/?pl_p=30&pl_m=40,Bentley Grove Financial Solutions LLP,I - IFA,No,1-10,5,bentleygrove.co.uk
https://financialadvisers.co.uk/financial-planning/canterbury/?pl_p=30&pl_m=40,Andrew Baggott,,,,,
https://financialadvisers.co.uk/financial-planning/canterbury/?pl_p=30&pl_m=40,AW Financial Management LLP,I - IFA,No,1-10,4,awfm.co.uk
https://financialadvisers.co.uk/financial-planning/canterbury/?pl_p=30&pl_m=40,Icon Financial Limited,I - IFA,No,1-10,1,iconfinancial.co.uk
https://financialadvisers.co.uk/financial-planning/canterbury/?pl_p=30&pl_m=40,RL Wealth Management Limited,I - IFA,No,1-10,5,rlwealth.net
https://financialadvisers.co.uk/financial-planning/canterbury/?pl_p=30&pl_m=40,Athena Wealth Planning Limited,I - IFA,No,1-10,13,athenawealthplanning.co.uk
https://financialadvisers.co.uk/financial-planning/canterbury/?pl_p=30&pl_m=40,Future Financial Planning Ltd,I - IFA,No,,,futurefp.com
https://financialadvisers.co.uk/financial-planning/canterbury/?pl_p=30&pl_m=40,Pauline Knight,,,,,
https://financialadvisers.co.uk/financial-planning/canterbury/?pl_p=30&pl_m=40,Sovereign (Financial Services) Limited,I - IFA,No,,,sovfs.co.uk
https://financialadvisers.co.uk/financial-planning/canterbury/?pl_p=31&pl_m=40,Foxgrove Associates Ltd,I - IFA,No,1-10,5,foxgroveassociates.co.uk
https://financialadvisers.co.uk/financial-planning/canterbury/?pl_p=31&pl_m=40,FMS Sevenoaks LLP,I - IFA,No,1-10,7,fms-sevenoaks.co.uk
https://financialadvisers.co.uk/financial-planning/canterbury/?pl_p=31&pl_m=40,PG Wealth Ltd,I - IFA,No,,,pgwealth.co.uk
https://financialadvisers.co.uk/financial-planning/canterbury/?pl_p=31&pl_m=40,Robin Edward Hill,,,,,
https://financialadvisers.co.uk/financial-planning/canterbury/?pl_p=31&pl_m=40,Panoramic Wealth Management Ltd,-,No,1-10,3,panoramicwealth.co.uk
https://financialadvisers.co.uk/financial-planning/canterbury/?pl_p=31&pl_m=40,Revival Financial Planning Ltd,,,,,
https://financialadvisers.co.uk/financial-planning/canterbury/?pl_p=31&pl_m=40,NH WEALTH LTD,,,,,
https://financialadvisers.co.uk/financial-planning/canterbury/?pl_p=31&pl_m=40,Mortgage Essentials (UK) Ltd,I - IFA,No,1,1,mortgage-essentials.co.uk
https://financialadvisers.co.uk/financial-planning/canterbury/?pl_p=31&pl_m=40,Simon Patrick Antony Hull,I - IFA,No,"1,001-5,000",3514,partnership.sjp.co.uk/simonhull/partner/simonhull
https://financialadvisers.co.uk/financial-planning/canterbury/?pl_p=31&pl_m=40,Ellmira Financial Limited,,,,,
https://financialadvisers.co.uk/financial-planning/canterbury/?pl_p=31&pl_m=40,Fides Limited,I - IFA,No,1-10,,fidesfinancial.co.uk
https://financialadvisers.co.uk/financial-planning/canterbury/?pl_p=31&pl_m=40,Tim Watts Wealth Management Ltd,I - IFA,No,,,tim-watts.co.uk
https://financialadvisers.co.uk/financial-planning/canterbury/?pl_p=31&pl_m=40,Grey Parrot Group Ltd,I - IFA,No,,,grey-parrot.co.uk
https://financialadvisers.co.uk/financial-planning/canterbury/?pl_p=31&pl_m=40,Auctus Advisors LLP,I - IFA,No,1-10,3,auctusadvisors.co.uk
https://financialadvisers.co.uk/financial-planning/canterbury/?pl_p=31&pl_m=40,Milford James Ltd,I - IFA,No,1-10,,milfordjames.co.uk
https://financialadvisers.co.uk/financial-planning/canterbury/?pl_p=32&pl_m=40,Greensward Financial Planning Limited,I - IFA,No,,,amwm.co.uk
https://financialadvisers.co.uk/financial-planning/canterbury/?pl_p=32&pl_m=40,LDB Wealth Management Ltd,I - IFA,No,"1,001-5,000",3514,partnership.sjp.co.uk/ldbwealth/partner/ldbwealth
https://financialadvisers.co.uk/financial-planning/canterbury/?pl_p=32&pl_m=40,Stevenson Wealth Planning,I - IFA,No,"1,001-5,000",3514,partnership.sjp.co.uk/stevensonwealthplanning
https://financialadvisers.co.uk/financial-planning/canterbury/?pl_p=32&pl_m=40,Downton and Ali Associates,I - IFA,No,1-10,9,downtonandali.co.uk
https://financialadvisers.co.uk/financial-planning/canterbury/?pl_p=32&pl_m=40,MC Financial Wealth Management Ltd,I - IFA,No,,,mcfinancial.co.uk
https://financialadvisers.co.uk/financial-planning/canterbury/?pl_p=32&pl_m=40,Executive Lifestyle Planning Ltd,I - IFA,No,,,elpwealth.com
https://financialadvisers.co.uk/financial-planning/canterbury/?pl_p=32&pl_m=40,knightsbridge Financial Solutions Ltd,I - IFA,No,,,kfsl.co.uk
https://financialadvisers.co.uk/financial-planning/canterbury/?pl_p=32&pl_m=40,Digby Holman,,,,,
https://financialadvisers.co.uk/financial-planning/canterbury/?pl_p=32&pl_m=40,Willu Insure Limited,I - IFA,No,11-50,18,willu.co.uk
https://financialadvisers.co.uk/financial-planning/canterbury/?pl_p=32&pl_m=40,WillU Life Ltd,I - IFA,No,11-50,18,willu.co.uk
https://financialadvisers.co.uk/financial-planning/canterbury/?pl_p=32&pl_m=40,Bentley Financial Planning Ltd,I - IFA,No,"1,001-5,000",3514,partnership.sjp.co.uk/partner/bentleyfp
https://financialadvisers.co.uk/financial-planning/canterbury/?pl_p=32&pl_m=40,Sunray Financial Solutions Ltd,,,,,
https://financialadvisers.co.uk/financial-planning/canterbury/?pl_p=32&pl_m=40,Manikam Wealth Management Ltd,I - IFA,No,1-10,4,mwm-sjp.co.uk
https://financialadvisers.co.uk/financial-planning/canterbury/?pl_p=32&pl_m=40,Stephen Pitcher,I - IFA,No,,,stephenpitcher.co.uk
https://financialadvisers.co.uk/financial-planning/canterbury/?pl_p=32&pl_m=40,Granville James (Financial Planning) Ltd,I - IFA,No,,,gjfp.co.uk
https://financialadvisers.co.uk/financial-planning/canterbury/?pl_p=33&pl_m=40,Search 4 Mortgages Ltd,,,,,
https://financialadvisers.co.uk/financial-planning/canterbury/?pl_p=33&pl_m=40,Plan Money Ltd,I - IFA,No,,,plan-money.co.uk
https://financialadvisers.co.uk/financial-planning/canterbury/?pl_p=33&pl_m=40,McKenzie Rose LLP,I - IFA,No,,,mckenzierose.co.uk
https://financialadvisers.co.uk/financial-planning/canterbury/?pl_p=33&pl_m=40,Kieron Field,I - IFA,No,"1,001-5,000",3514,partnership.sjp.co.uk/partner/kieronfield
https://financialadvisers.co.uk/financial-planning/canterbury/?pl_p=33&pl_m=40,Orbis Financial Ltd,,,,,
https://financialadvisers.co.uk/financial-planning/canterbury/?pl_p=33&pl_m=40,Kevin Adams,,,,,
https://financialadvisers.co.uk/financial-planning/canterbury/?pl_p=33&pl_m=40,Finli (GPC) Ltd,I - IFA,No,201-500,61,finli.co.uk
https://financialadvisers.co.uk/financial-planning/canterbury/?pl_p=33&pl_m=40,Summit Financial Solutions (UK) Ltd,I - IFA,No,,3,summitfinancialsolutions.co.uk
