Source,Company Name,Website Link
https://financialadvisers.co.uk/financial-planning/taunton/?pl_p=1&pl_m=40,Nathan  Bater,
https://financialadvisers.co.uk/financial-planning/taunton/?pl_p=1&pl_m=40,Stephen Hubbuck,
https://financialadvisers.co.uk/financial-planning/taunton/?pl_p=1&pl_m=40,Charlene Coulbeck,
https://financialadvisers.co.uk/financial-planning/taunton/?pl_p=1&pl_m=40,Stuart Lane,
https://financialadvisers.co.uk/financial-planning/taunton/?pl_p=1&pl_m=40,Daniel Lowdon,
https://financialadvisers.co.uk/financial-planning/taunton/?pl_p=1&pl_m=40,Quantock Financial Services Ltd,quantockfinancial.co.uk
https://financialadvisers.co.uk/financial-planning/taunton/?pl_p=1&pl_m=40,121-Advice Ltd,121-advice.com
https://financialadvisers.co.uk/financial-planning/taunton/?pl_p=1&pl_m=40,W&T Limited,blackdownfinancial.co.uk
https://financialadvisers.co.uk/financial-planning/taunton/?pl_p=1&pl_m=40,Beaufort Financial Planning (South West) Limited,beaufortplanningsw.co.uk
https://financialadvisers.co.uk/financial-planning/taunton/?pl_p=1&pl_m=40,Invest Southwest Ltd,investsouthwest.co.uk
https://financialadvisers.co.uk/financial-planning/taunton/?pl_p=1&pl_m=40,Govier Financial Planning Limited,partnership.sjp.co.uk/partner/govierfinancialplanningltd
https://financialadvisers.co.uk/financial-planning/taunton/?pl_p=1&pl_m=40,Cooper Associates Wealth Management Ltd,thecooperway.com/wealth-management
https://financialadvisers.co.uk/financial-planning/taunton/?pl_p=1&pl_m=40,Keyte Limited,keyte.co
https://financialadvisers.co.uk/financial-planning/taunton/?pl_p=1&pl_m=40,Quantock Analytical Ltd,quantockanalytical.co.uk
https://financialadvisers.co.uk/financial-planning/taunton/?pl_p=1&pl_m=40,Cole Wealth Management Ltd,colewealthmanagement.co.uk
https://financialadvisers.co.uk/financial-planning/taunton/?pl_p=2&pl_m=40,Lloyd and Whyte (Financial Services) Limited,lloydwhyte.com
https://financialadvisers.co.uk/financial-planning/taunton/?pl_p=2&pl_m=40,Kenyon Clarke Financial Services Ltd,kenyonclarke.co.uk
https://financialadvisers.co.uk/financial-planning/taunton/?pl_p=2&pl_m=40,Plumptree Kilby,pkifa.co.uk
https://financialadvisers.co.uk/financial-planning/taunton/?pl_p=2&pl_m=40,Oyster Financial Services Ltd,
https://financialadvisers.co.uk/financial-planning/taunton/?pl_p=2&pl_m=40,KME Financial Planning Limited,mandgwealth.com/kmefinancialplanning
https://financialadvisers.co.uk/financial-planning/taunton/?pl_p=2&pl_m=40,Heritage Independent Financial Consultancy Ltd,heritage-ifc.com
https://financialadvisers.co.uk/financial-planning/taunton/?pl_p=2&pl_m=40,A M Ruthven & Associates Ltd,ruthvenassociates.co.uk
https://financialadvisers.co.uk/financial-planning/taunton/?pl_p=2&pl_m=40,STEVEN SIDHU WEALTH MANAGEMENT LTD,visionifp.co.uk
https://financialadvisers.co.uk/financial-planning/taunton/?pl_p=2&pl_m=40,Western Financial Planning Ltd,westernfinancialplanning.co.uk
https://financialadvisers.co.uk/financial-planning/taunton/?pl_p=2&pl_m=40,Liberate Wealth (Taunton) Limited,staffordhouseinvestments.co.uk
https://financialadvisers.co.uk/financial-planning/taunton/?pl_p=2&pl_m=40,Albert Goodman Financial Planning Limited,albertgoodman.co.uk
https://financialadvisers.co.uk/financial-planning/taunton/?pl_p=2&pl_m=40,Brett Andrews,bafinancialservices.co.uk
https://financialadvisers.co.uk/financial-planning/taunton/?pl_p=2&pl_m=40,Financial Planning For Professionals Limited,mlifa.co.uk
https://financialadvisers.co.uk/financial-planning/taunton/?pl_p=2&pl_m=40,Milsted Langdon Financial Services Limited,mlifa.co.uk
https://financialadvisers.co.uk/financial-planning/taunton/?pl_p=2&pl_m=40,Nigel Cousins,
https://financialadvisers.co.uk/financial-planning/taunton/?pl_p=3&pl_m=40,Ross Harrison,mainsailfp.co.uk
https://financialadvisers.co.uk/financial-planning/taunton/?pl_p=3&pl_m=40,Jade Burrell,partnership.sjp.co.uk/partner/burrellfinancialplanning
https://financialadvisers.co.uk/financial-planning/taunton/?pl_p=3&pl_m=40,Vision Financial Ltd,visionifp.co.uk
https://financialadvisers.co.uk/financial-planning/taunton/?pl_p=3&pl_m=40,Sean Davey,sjpp.co.uk/seandavey
https://financialadvisers.co.uk/financial-planning/taunton/?pl_p=3&pl_m=40,Ford Wealth Management LLP,darrenford.co.uk
https://financialadvisers.co.uk/financial-planning/taunton/?pl_p=3&pl_m=40,Premier Financial Planning Ltd,pfp-ltd.com
https://financialadvisers.co.uk/financial-planning/taunton/?pl_p=3&pl_m=40,Chetwood Wealth Management Ltd,chetwoodwm.co.uk
https://financialadvisers.co.uk/financial-planning/taunton/?pl_p=3&pl_m=40,Chetwood Private Wealth Limited,CHETWOODPW.CO.UK
https://financialadvisers.co.uk/financial-planning/taunton/?pl_p=3&pl_m=40,Emericks Financial Services Limited,emericksfs.co.uk
https://financialadvisers.co.uk/financial-planning/taunton/?pl_p=3&pl_m=40,Lee Dunkley Wealth Management LTD,mandgwealth.com/leedunkleywealthmanagement
https://financialadvisers.co.uk/financial-planning/taunton/?pl_p=3&pl_m=40,Andy Stowell Financial Planning Limited,mandgwealth.com/andystowellfinancialplanning
https://financialadvisers.co.uk/financial-planning/taunton/?pl_p=3&pl_m=40,Nuttall Wealth Management Ltd,partnership.sjp.co.uk/partner/nuttallwm
https://financialadvisers.co.uk/financial-planning/taunton/?pl_p=3&pl_m=40,MJC Financial Planning Limited,mjcfp.co.uk
https://financialadvisers.co.uk/financial-planning/taunton/?pl_p=3&pl_m=40,Thomas Penn Partnership Ltd,tpp-limited.com
https://financialadvisers.co.uk/financial-planning/taunton/?pl_p=3&pl_m=40,Andrew O'Connor,intouchinvestments.co.uk
https://financialadvisers.co.uk/financial-planning/taunton/?pl_p=4&pl_m=40,A Finance Limited,afinance.co.uk
https://financialadvisers.co.uk/financial-planning/taunton/?pl_p=4&pl_m=40,Generation Wealth Ltd,generationwealth.co.uk
https://financialadvisers.co.uk/financial-planning/taunton/?pl_p=4&pl_m=40,Carrington Bond Wealth Management,carringtonbond.co.uk
https://financialadvisers.co.uk/financial-planning/taunton/?pl_p=4&pl_m=40,Rossiter Wealth Management Ltd,
https://financialadvisers.co.uk/financial-planning/taunton/?pl_p=4&pl_m=40,Schaefer Financial Management Limited,schaeferfinancial.co.uk
https://financialadvisers.co.uk/financial-planning/taunton/?pl_p=4&pl_m=40,Manders Financial Services Limited,mandersfinancialservices.co.uk
https://financialadvisers.co.uk/financial-planning/taunton/?pl_p=4&pl_m=40,Nexus Financial Planning,nexusifa.co.uk
https://financialadvisers.co.uk/financial-planning/taunton/?pl_p=4&pl_m=40,Nexus IFA Limited,nexusifa.co.uk
https://financialadvisers.co.uk/financial-planning/taunton/?pl_p=4&pl_m=40,Fairwater Financial Services Ltd,
https://financialadvisers.co.uk/financial-planning/taunton/?pl_p=4&pl_m=40,Michael Milne Wealth Management Ltd,michaelmilne.co.uk
https://financialadvisers.co.uk/financial-planning/taunton/?pl_p=4&pl_m=40,Bluebell Financial Management Limited,bluebellfinancialmanagement.co.uk
https://financialadvisers.co.uk/financial-planning/taunton/?pl_p=4&pl_m=40,Milford and Dormor Financial Planning Limited,milfordanddormor.co.uk
https://financialadvisers.co.uk/financial-planning/taunton/?pl_p=4&pl_m=40,South Somerset Mortgages Ltd,
https://financialadvisers.co.uk/financial-planning/taunton/?pl_p=4&pl_m=40,Michael Raymond,brightfinancialplanning.co.uk
https://financialadvisers.co.uk/financial-planning/taunton/?pl_p=4&pl_m=40,Med-Ex Financial Advisory Services Limited,med-ex.co.uk
https://financialadvisers.co.uk/financial-planning/taunton/?pl_p=5&pl_m=40,First Affinity Limited,firstaffinity.co.uk
https://financialadvisers.co.uk/financial-planning/taunton/?pl_p=5&pl_m=40,Westward Financial Management Limited,westward-fm.com
https://financialadvisers.co.uk/financial-planning/taunton/?pl_p=5&pl_m=40,David Travers Financial Services,eclipse.co.uk
https://financialadvisers.co.uk/financial-planning/taunton/?pl_p=5&pl_m=40,Royall Mortgage Services Limited,royallmortgageservices.com
https://financialadvisers.co.uk/financial-planning/taunton/?pl_p=5&pl_m=40,Personal Financial Planning Services Limited,btopenworld.com
https://financialadvisers.co.uk/financial-planning/taunton/?pl_p=5&pl_m=40,Hamdon Financial Services Ltd,btconnect.com
https://financialadvisers.co.uk/financial-planning/taunton/?pl_p=5&pl_m=40,Find Peace of Mind Ltd,findpeaceofmind.co.uk
https://financialadvisers.co.uk/financial-planning/taunton/?pl_p=5&pl_m=40,Robson Financial Limited,robsonifa.co.uk
https://financialadvisers.co.uk/financial-planning/taunton/?pl_p=5&pl_m=40,PlanIt Future Financial Limited,planitfuture.co.uk
https://financialadvisers.co.uk/financial-planning/taunton/?pl_p=5&pl_m=40,Tierney Financial Services Ltd,ifaadviser.co.uk
https://financialadvisers.co.uk/financial-planning/taunton/?pl_p=5&pl_m=40,Carter Dawes IFA Solutions Limited,carterdawes.com
https://financialadvisers.co.uk/financial-planning/taunton/?pl_p=5&pl_m=40,Citadel Financial Solutions Ltd,visionifp.co.uk
https://financialadvisers.co.uk/financial-planning/taunton/?pl_p=5&pl_m=40,P J Watts Independent Financial Adviser Ltd,kwlwealth.com
https://financialadvisers.co.uk/financial-planning/taunton/?pl_p=5&pl_m=40,Rumwell Financial Services Ltd,rumwellfs.co.uk
https://financialadvisers.co.uk/financial-planning/taunton/?pl_p=5&pl_m=40,Simply Advice Ltd,simplyadvice.co.uk
https://financialadvisers.co.uk/financial-planning/taunton/?pl_p=6&pl_m=40,Mayfield Investment Management Limited,mayfieldim.co.uk
https://financialadvisers.co.uk/financial-planning/taunton/?pl_p=6&pl_m=40,Hestia Mortgages Ltd,hestiamortgages.co.uk
https://financialadvisers.co.uk/financial-planning/taunton/?pl_p=6&pl_m=40,Ballantine Wealth Management Limited,ballantinewm.co.uk
https://financialadvisers.co.uk/financial-planning/taunton/?pl_p=6&pl_m=40,Positive Wealth Creation Ltd,pwcltd.co.uk
https://financialadvisers.co.uk/financial-planning/taunton/?pl_p=6&pl_m=40,Watermark Wealth Management Limited,wwm.ltd
https://financialadvisers.co.uk/financial-planning/taunton/?pl_p=6&pl_m=40,Morris Trice Associates Ltd,morristrice.co.uk
https://financialadvisers.co.uk/financial-planning/taunton/?pl_p=6&pl_m=40,Stepping Stones Financial Advisers Ltd,
https://financialadvisers.co.uk/financial-planning/taunton/?pl_p=6&pl_m=40,Hill Hannay Wealth Management Ltd,
https://financialadvisers.co.uk/financial-planning/taunton/?pl_p=6&pl_m=40,Stephen Elvin Independent Financial Advice Ltd,
https://financialadvisers.co.uk/financial-planning/taunton/?pl_p=6&pl_m=40,Paul David Streeter,first-financial.co.uk
https://financialadvisers.co.uk/financial-planning/taunton/?pl_p=6&pl_m=40,William Human,willhuman.co.uk
https://financialadvisers.co.uk/financial-planning/taunton/?pl_p=6&pl_m=40,Paul Forman-Cummings,paulformanfs.co.uk
https://financialadvisers.co.uk/financial-planning/taunton/?pl_p=6&pl_m=40,Forgeron Financial Planning Ltd,outlook.com
https://financialadvisers.co.uk/financial-planning/taunton/?pl_p=6&pl_m=40,Davey Wealth Management Ltd,daveywm.co.uk
https://financialadvisers.co.uk/financial-planning/taunton/?pl_p=6&pl_m=40,Paul Hipkiss,paulhipkiss.co.uk
https://financialadvisers.co.uk/financial-planning/taunton/?pl_p=7&pl_m=40,Hugh Thompson,thompsonfinancialplanning.co.uk
https://financialadvisers.co.uk/financial-planning/taunton/?pl_p=7&pl_m=40,Hamilton Wealth Planning Limited,hamiltonwealthplanning.co.uk
https://financialadvisers.co.uk/financial-planning/taunton/?pl_p=7&pl_m=40,Bright Future Financial Ltd,brightfuturefinancial.co.uk
https://financialadvisers.co.uk/financial-planning/taunton/?pl_p=7&pl_m=40,Northseam Limited,
https://financialadvisers.co.uk/financial-planning/taunton/?pl_p=7&pl_m=40,Ogilvie Thorne Limited,
https://financialadvisers.co.uk/financial-planning/taunton/?pl_p=7&pl_m=40,Medical and General Independent Financial Advisers Ltd,medicalandgeneral.co.uk
https://financialadvisers.co.uk/financial-planning/taunton/?pl_p=7&pl_m=40,Blue Fox Wealth Management Limited,bluefoxwealth.co.uk
https://financialadvisers.co.uk/financial-planning/taunton/?pl_p=7&pl_m=40,Ian Rennard Financial Planning,ianrennardfp.co.uk
https://financialadvisers.co.uk/financial-planning/taunton/?pl_p=7&pl_m=40,Otter Financial Services Limited,otterfinancial.co.uk
https://financialadvisers.co.uk/financial-planning/taunton/?pl_p=7&pl_m=40,Chalice Financial Planning Limited,chalicefinancialplanning.co.uk
https://financialadvisers.co.uk/financial-planning/taunton/?pl_p=7&pl_m=40,Bob Farrington Ltd,bobfarrington.ifa-web.co.uk
https://financialadvisers.co.uk/financial-planning/taunton/?pl_p=7&pl_m=40,Buxton Beresford Financial Planning Ltd,buxtonberesford.co.uk
https://financialadvisers.co.uk/financial-planning/taunton/?pl_p=7&pl_m=40,Samantha Thorpe,partnership.sjp.co.uk/samthorpe
https://financialadvisers.co.uk/financial-planning/taunton/?pl_p=7&pl_m=40,James & Associates Financial Services Ltd,jamesandassociates.co.uk
https://financialadvisers.co.uk/financial-planning/taunton/?pl_p=7&pl_m=40,Simon Turner Financial Consultants,simonturnerfc.co.uk
https://financialadvisers.co.uk/financial-planning/taunton/?pl_p=8&pl_m=40,Simply IFA Limited,simplyifa.com
https://financialadvisers.co.uk/financial-planning/taunton/?pl_p=8&pl_m=40,Adanac Financial Services Ltd,adanac.biz
https://financialadvisers.co.uk/financial-planning/taunton/?pl_p=8&pl_m=40,Old Mill Financial Planning Limited,om.uk
https://financialadvisers.co.uk/financial-planning/taunton/?pl_p=8&pl_m=40,Quro Financial Solutions Ltd,qurofs.uk
https://financialadvisers.co.uk/financial-planning/taunton/?pl_p=8&pl_m=40,John Hall Financial Services Ltd,
https://financialadvisers.co.uk/financial-planning/taunton/?pl_p=8&pl_m=40,Jasmine Financial Services Limited,
https://financialadvisers.co.uk/financial-planning/taunton/?pl_p=8&pl_m=40,Celia Johnson,celiajohnsonwm.co.uk
https://financialadvisers.co.uk/financial-planning/taunton/?pl_p=8&pl_m=40,Maidenhead Independent Limited,
https://financialadvisers.co.uk/financial-planning/taunton/?pl_p=8&pl_m=40,Wynford Davies & Co,
https://financialadvisers.co.uk/financial-planning/taunton/?pl_p=8&pl_m=40,Eastgate Financial Services (Exeter) Limited,eastgatefs.co.uk
https://financialadvisers.co.uk/financial-planning/taunton/?pl_p=8&pl_m=40,Mortgage Mind Financial Solutions Ltd,
https://financialadvisers.co.uk/financial-planning/taunton/?pl_p=8&pl_m=40,Investment & Financial Solutions Partnership LLP,ifsp-llp.co.uk
https://financialadvisers.co.uk/financial-planning/taunton/?pl_p=8&pl_m=40,Probert Financial Ltd,2plan.com
https://financialadvisers.co.uk/financial-planning/taunton/?pl_p=8&pl_m=40,QED Wealth Management Ltd,qedwm.com
https://financialadvisers.co.uk/financial-planning/taunton/?pl_p=8&pl_m=40,Meldon & Co Ltd,meldonandco.uk
https://financialadvisers.co.uk/financial-planning/taunton/?pl_p=9&pl_m=40,Seventy Six Financial Planning Ltd,seventysixfp.co.uk
https://financialadvisers.co.uk/financial-planning/taunton/?pl_p=9&pl_m=40,Sage Independent Advisers Ltd,sageindadvisers.co.uk
https://financialadvisers.co.uk/financial-planning/taunton/?pl_p=9&pl_m=40,Beechcroft Wealth Management,beechcroftwm.co.uk
https://financialadvisers.co.uk/financial-planning/taunton/?pl_p=9&pl_m=40,Laver Wealth Management Limited,laverwealth.co.uk
https://financialadvisers.co.uk/financial-planning/taunton/?pl_p=9&pl_m=40,RFC Financial Services Ltd,rfcfinancial.co.uk
https://financialadvisers.co.uk/financial-planning/taunton/?pl_p=9&pl_m=40,Dean Scott,mendipwm.co.uk
https://financialadvisers.co.uk/financial-planning/taunton/?pl_p=9&pl_m=40,November March Limited,molyneuxfp.co.uk
https://financialadvisers.co.uk/financial-planning/taunton/?pl_p=9&pl_m=40,Lab Financial Planning Ltd,labfp.co.uk
https://financialadvisers.co.uk/financial-planning/taunton/?pl_p=9&pl_m=40,Joyce Oliver,joyceoliver.co.uk
https://financialadvisers.co.uk/financial-planning/taunton/?pl_p=9&pl_m=40,Churchill Investments Plc,churchillinvestments.co.uk
https://financialadvisers.co.uk/financial-planning/taunton/?pl_p=9&pl_m=40,Mayfair Associates,mayfairproperties.net
https://financialadvisers.co.uk/financial-planning/taunton/?pl_p=9&pl_m=40,John Katsouris & Company,openwork.uk.com
https://financialadvisers.co.uk/financial-planning/taunton/?pl_p=9&pl_m=40,Benjamin Warren,silveroakfs.co.uk
https://financialadvisers.co.uk/financial-planning/taunton/?pl_p=9&pl_m=40,Gardiner Page & Roe Personal & Corporate Financial Planning,openwork.uk.com
https://financialadvisers.co.uk/financial-planning/taunton/?pl_p=9&pl_m=40,Jonathan West,partnership.sjp.co.uk/partner/jonathanwest
https://financialadvisers.co.uk/financial-planning/taunton/?pl_p=10&pl_m=40,Breed Elliott (S.W.) Limited,breedelliott.com
https://financialadvisers.co.uk/financial-planning/taunton/?pl_p=10&pl_m=40,Whichers IFA LIMITED,dmsluk.com
https://financialadvisers.co.uk/financial-planning/taunton/?pl_p=10&pl_m=40,Shipman Wealth Management Ltd,shipmanwm.co.uk
https://financialadvisers.co.uk/financial-planning/taunton/?pl_p=10&pl_m=40,Shipman Financial Planning Ltd,shipmanfp.co.uk
https://financialadvisers.co.uk/financial-planning/taunton/?pl_p=10&pl_m=40,Gillinghams Independent Financial Advisers Ltd,gillinghamsifa.co.uk
https://financialadvisers.co.uk/financial-planning/taunton/?pl_p=10&pl_m=40,Sandle Nash Limited,sandlenash.co.uk
https://financialadvisers.co.uk/financial-planning/taunton/?pl_p=10&pl_m=40,Quinn & Amanda McCarthy,openwork.uk.com
https://financialadvisers.co.uk/financial-planning/taunton/?pl_p=10&pl_m=40,Explore Money Ltd,mawbeyifa.co.uk
https://financialadvisers.co.uk/financial-planning/taunton/?pl_p=10&pl_m=40,Fiveways Financial Planning Limited,fivewaysfp.co.uk
https://financialadvisers.co.uk/financial-planning/taunton/?pl_p=10&pl_m=40,Littlewell Financial Management Limited,littlewell.co.uk
https://financialadvisers.co.uk/financial-planning/taunton/?pl_p=10&pl_m=40,Bespoke Financial Advice Limited,bespokefinancial.co.uk
https://financialadvisers.co.uk/financial-planning/taunton/?pl_p=10&pl_m=40,Tracey Payne,partnership.sjp.co.uk/partner/traceypayne
https://financialadvisers.co.uk/financial-planning/taunton/?pl_p=10&pl_m=40,Fort Financial Planning Ltd,ffp.org.uk
https://financialadvisers.co.uk/financial-planning/taunton/?pl_p=10&pl_m=40,PBF Wealth Management Ltd,pbfwm.co.uk
https://financialadvisers.co.uk/financial-planning/taunton/?pl_p=10&pl_m=40,Neales Financial Management Limited,nealesfmgt.co.uk
https://financialadvisers.co.uk/financial-planning/taunton/?pl_p=11&pl_m=40,VISION WEST & WALES LIMITED,visionwestandwales.co.uk
https://financialadvisers.co.uk/financial-planning/taunton/?pl_p=11&pl_m=40,Rajen Chowtee,rajchowtee.co.uk
https://financialadvisers.co.uk/financial-planning/taunton/?pl_p=11&pl_m=40,WESTON MORTGAGES ONLINE LTD,swmortgages.com
https://financialadvisers.co.uk/financial-planning/taunton/?pl_p=11&pl_m=40,Aureus Wealth Management Ltd,visionifp.co.uk
https://financialadvisers.co.uk/financial-planning/taunton/?pl_p=11&pl_m=40,Beewise FS Ltd,beewisefs.co.uk
https://financialadvisers.co.uk/financial-planning/taunton/?pl_p=11&pl_m=40,The Exeter Practice Limited,boulterbowen.co.uk
https://financialadvisers.co.uk/financial-planning/taunton/?pl_p=11&pl_m=40,Strawberry Invest Limited,strawberryinvest.com
https://financialadvisers.co.uk/financial-planning/taunton/?pl_p=11&pl_m=40,Francis Clark Financial Planning Ltd,fcfp.co.uk
https://financialadvisers.co.uk/financial-planning/taunton/?pl_p=11&pl_m=40,PAUL BARNFIELD FINANCIAL PLANNING LTD,visionifp.co.uk
https://financialadvisers.co.uk/financial-planning/taunton/?pl_p=11&pl_m=40,Church House Investments Limited,ch-investments.co.uk
https://financialadvisers.co.uk/financial-planning/taunton/?pl_p=11&pl_m=40,Neligan Financial Limited,neliganfinancial.co.uk
https://financialadvisers.co.uk/financial-planning/taunton/?pl_p=11&pl_m=40,City Financial Planning (Exeter) Limited,cityfinancialplanningexeter.co.uk
https://financialadvisers.co.uk/financial-planning/taunton/?pl_p=11&pl_m=40,Westerwood Financial Planning LTD,mandgwealth.com/westerwoodfinancialplanning
https://financialadvisers.co.uk/financial-planning/taunton/?pl_p=11&pl_m=40,Aquila Financial Management Limited,aquilafm.co.uk
https://financialadvisers.co.uk/financial-planning/taunton/?pl_p=11&pl_m=40,Davies Wealth Management Ltd,kevindavieswm.co.uk
https://financialadvisers.co.uk/financial-planning/taunton/?pl_p=12&pl_m=40,Hawksmoor Investment Management Ltd,hawksmoorim.co.uk
https://financialadvisers.co.uk/financial-planning/taunton/?pl_p=12&pl_m=40,Yellowtail Financial Planning Ltd,yellowtail.co.uk
https://financialadvisers.co.uk/financial-planning/taunton/?pl_p=12&pl_m=40,Fowler Financial Planning Limited,fowlerfp.co.uk
https://financialadvisers.co.uk/financial-planning/taunton/?pl_p=12&pl_m=40,Safran (South West) Limited,randalls.co.uk
https://financialadvisers.co.uk/financial-planning/taunton/?pl_p=12&pl_m=40,Mark Bonning-Snook Ltd,openwork.uk.com
https://financialadvisers.co.uk/financial-planning/taunton/?pl_p=12&pl_m=40,Beckworth Financial Services Ltd,beckworthifa.co.uk
https://financialadvisers.co.uk/financial-planning/taunton/?pl_p=12&pl_m=40,Westcotts Financial Management Limited,westcotts.uk
https://financialadvisers.co.uk/financial-planning/taunton/?pl_p=12&pl_m=40,Southernhay Financial Planning Limited,southernhayfinancialplanning.com
https://financialadvisers.co.uk/financial-planning/taunton/?pl_p=12&pl_m=40,J T Wealth Management Ltd,partnership.sjp.co.ukpartnerjtwm
https://financialadvisers.co.uk/financial-planning/taunton/?pl_p=12&pl_m=40,PC Financial Planning Ltd,pcfinancialplanning.com
https://financialadvisers.co.uk/financial-planning/taunton/?pl_p=12&pl_m=40,Gilbert Stephens Financial Services Ltd,gilbertstephensfs.co.uk
https://financialadvisers.co.uk/financial-planning/taunton/?pl_p=12&pl_m=40,W & P Limited,wandpfs.co.uk
https://financialadvisers.co.uk/financial-planning/taunton/?pl_p=12&pl_m=40,Neil Gunn,uwclub.net
https://financialadvisers.co.uk/financial-planning/taunton/?pl_p=12&pl_m=40,Clearwater Financial Ltd,clearwaterfinancial.co.uk
https://financialadvisers.co.uk/financial-planning/taunton/?pl_p=12&pl_m=40,Foresight Financial Planning Limited,foresight-ltd.co.uk
https://financialadvisers.co.uk/financial-planning/taunton/?pl_p=13&pl_m=40,Estuary Financial Planning Ltd,mandgwealth.com/matthewcretneyfinancialplanning
https://financialadvisers.co.uk/financial-planning/taunton/?pl_p=13&pl_m=40,Chris Price Financial Consultancy Ltd,cpfc.org.uk
https://financialadvisers.co.uk/financial-planning/taunton/?pl_p=13&pl_m=40,Seabrook Clark Ltd,seabrookclark.co.uk
https://financialadvisers.co.uk/financial-planning/taunton/?pl_p=13&pl_m=40,Summit Financial Advisers And Wealth Management Ltd,mandg.com
https://financialadvisers.co.uk/financial-planning/taunton/?pl_p=13&pl_m=40,Thompson Jenner Financial Services Limited,tjfs.co.uk
https://financialadvisers.co.uk/financial-planning/taunton/?pl_p=13&pl_m=40,Profecto Financial Services Ltd,profectofs.com
https://financialadvisers.co.uk/financial-planning/taunton/?pl_p=13&pl_m=40,Heaton Financial Independent Financial Advisers Limited,heatonfinancial.co.uk
https://financialadvisers.co.uk/financial-planning/taunton/?pl_p=13&pl_m=40,Rodney Spiller Wealth Management Ltd,rodneyspillerwm.co.uk
https://financialadvisers.co.uk/financial-planning/taunton/?pl_p=13&pl_m=40,Romilly Park Wealth Management Ltd,rpwm.co.uk
https://financialadvisers.co.uk/financial-planning/taunton/?pl_p=13&pl_m=40,Hawker and Palmer Wealth Management Limited,hawkerandpalmer.com
https://financialadvisers.co.uk/financial-planning/taunton/?pl_p=13&pl_m=40,Jon Houghton Limited,rubyfinancialmanagement.co.uk
https://financialadvisers.co.uk/financial-planning/taunton/?pl_p=13&pl_m=40,Vale Asset Management,valeam.co.uk
https://financialadvisers.co.uk/financial-planning/taunton/?pl_p=13&pl_m=40,Lionel David Eustace Thomas,thomas-crown.co.uk
https://financialadvisers.co.uk/financial-planning/taunton/?pl_p=13&pl_m=40,Howard Financial Services Limited,howardfinancialservices.co.uk
https://financialadvisers.co.uk/financial-planning/taunton/?pl_p=13&pl_m=40,Bespoke Financial Guidance Ltd,bespokefinancial.co.uk
https://financialadvisers.co.uk/financial-planning/taunton/?pl_p=14&pl_m=40,Fortress Financial Services Limited,fortressfinancial.co.uk
https://financialadvisers.co.uk/financial-planning/taunton/?pl_p=14&pl_m=40,Holroyd Wealth Management Limited,
https://financialadvisers.co.uk/financial-planning/taunton/?pl_p=14&pl_m=40,T.M. Pullen,greendown.org.uk
https://financialadvisers.co.uk/financial-planning/taunton/?pl_p=14&pl_m=40,ANNA GIDMAN WEALTH MANAGEMENT LTD,
https://financialadvisers.co.uk/financial-planning/taunton/?pl_p=14&pl_m=40,BLANCHFORD FINANCIAL SERVICES LIMITED,mandg.com
https://financialadvisers.co.uk/financial-planning/taunton/?pl_p=14&pl_m=40,Swan Wealth Management Ltd,swanwealthmanagement.co.uk
https://financialadvisers.co.uk/financial-planning/taunton/?pl_p=14&pl_m=40,Samantha Townsend,
https://financialadvisers.co.uk/financial-planning/taunton/?pl_p=14&pl_m=40,Michael Fox,foxfinancialmanagement.co.uk
https://financialadvisers.co.uk/financial-planning/taunton/?pl_p=14&pl_m=40,Franklin Davies (IFA) Ltd,franklindavies.com
https://financialadvisers.co.uk/financial-planning/taunton/?pl_p=14&pl_m=40,GM2 Ltd,gm2.co.uk
https://financialadvisers.co.uk/financial-planning/taunton/?pl_p=14&pl_m=40,Curo Advisers Limited,curoadvisers.com
https://financialadvisers.co.uk/financial-planning/taunton/?pl_p=14&pl_m=40,AC & J Financial Services Limited,
https://financialadvisers.co.uk/financial-planning/taunton/?pl_p=14&pl_m=40,Lime Wealth Limited,cadreadvisory.co.uk
https://financialadvisers.co.uk/financial-planning/taunton/?pl_p=14&pl_m=40,Martin Radford,
https://financialadvisers.co.uk/financial-planning/taunton/?pl_p=14&pl_m=40,Latham Independent Finance,lathamindependentfinance.co.uk
https://financialadvisers.co.uk/financial-planning/taunton/?pl_p=15&pl_m=40,Three Wealth Management,threewealthmanagement.co.uk
https://financialadvisers.co.uk/financial-planning/taunton/?pl_p=15&pl_m=40,Romilly Associates IFA Limited,romillyifa.com
https://financialadvisers.co.uk/financial-planning/taunton/?pl_p=15&pl_m=40,Cardiff Financial Partnership LLP,cfp-llp.co.uk
https://financialadvisers.co.uk/financial-planning/taunton/?pl_p=15&pl_m=40,Voyager Financial Services Ltd,
https://financialadvisers.co.uk/financial-planning/taunton/?pl_p=15&pl_m=40,GRF Wealth Management Ltd,
https://financialadvisers.co.uk/financial-planning/taunton/?pl_p=15&pl_m=40,David Lyttleton Smith,pramworld.co.uk
https://financialadvisers.co.uk/financial-planning/taunton/?pl_p=15&pl_m=40,J. Edward Sellars & Partners Limited,jesellars.co.uk
https://financialadvisers.co.uk/financial-planning/taunton/?pl_p=15&pl_m=40,Meredith Morgan Taylor Ltd,
https://financialadvisers.co.uk/financial-planning/taunton/?pl_p=15&pl_m=40,Halen Wealth Limited,halenwealth.co.uk
https://financialadvisers.co.uk/financial-planning/taunton/?pl_p=15&pl_m=40,Avocet Wealth Partnership Ltd,avocetwealth.co.uk
https://financialadvisers.co.uk/financial-planning/taunton/?pl_p=15&pl_m=40,JBM Wealth Management Ltd,jbmwealth.co.uk
https://financialadvisers.co.uk/financial-planning/taunton/?pl_p=15&pl_m=40,ZC Financial Planning,partnership.sjp.co.uk/partner/zaccambourne
https://financialadvisers.co.uk/financial-planning/taunton/?pl_p=15&pl_m=40,Stewart Investment Planning Limited,stewartinvestmentplanning.co.uk
https://financialadvisers.co.uk/financial-planning/taunton/?pl_p=15&pl_m=40,William Highbourne Wealth Management Limited,williamhighbourne.com
https://financialadvisers.co.uk/financial-planning/taunton/?pl_p=15&pl_m=40,Fortuna Major Financial Planning Ltd,fortunamajor.co.uk
https://financialadvisers.co.uk/financial-planning/taunton/?pl_p=16&pl_m=40,ST ANNE'S CAPITAL LIMITED,stannescapital.com
https://financialadvisers.co.uk/financial-planning/taunton/?pl_p=16&pl_m=40,Cameron Jones Financial Management Limited,cameronjonesfm.com
https://financialadvisers.co.uk/financial-planning/taunton/?pl_p=16&pl_m=40,Moneta Wealth Management Ltd,monetawealth.co.uk
https://financialadvisers.co.uk/financial-planning/taunton/?pl_p=16&pl_m=40,Douglas and Young Ltd,douglasandyoung.co.uk
https://financialadvisers.co.uk/financial-planning/taunton/?pl_p=16&pl_m=40,Britton Associates Wealth Management Ltd,brittonassociates.co.uk
https://financialadvisers.co.uk/financial-planning/taunton/?pl_p=16&pl_m=40,Huw Watts Independent Financial Planning Ltd,huwwatts-ifp.co.uk
https://financialadvisers.co.uk/financial-planning/taunton/?pl_p=16&pl_m=40,Spence Financial Ltd,spencefinancial.co.uk
https://financialadvisers.co.uk/financial-planning/taunton/?pl_p=16&pl_m=40,Andrew Pratt,andrewpratt.co.uk
https://financialadvisers.co.uk/financial-planning/taunton/?pl_p=16&pl_m=40,Somerset WM Limited,somersetwm.co.uk
https://financialadvisers.co.uk/financial-planning/taunton/?pl_p=16&pl_m=40,Centurion Wealth Management Limited,centurioncfp.co.uk
https://financialadvisers.co.uk/financial-planning/taunton/?pl_p=16&pl_m=40,Coleridge Wealth Management Limited,coleridgewm.co.uk
https://financialadvisers.co.uk/financial-planning/taunton/?pl_p=16&pl_m=40,Golden Valley Financial Planning Limited,mandgwealth.com/goldenvalleyfinancialplanning
https://financialadvisers.co.uk/financial-planning/taunton/?pl_p=16&pl_m=40,Jon Cowgill,cowgillwealthmanagement.co.uk
https://financialadvisers.co.uk/financial-planning/taunton/?pl_p=16&pl_m=40,Sanctuary Financial Ltd,sanfp.co.uk
https://financialadvisers.co.uk/financial-planning/taunton/?pl_p=16&pl_m=40,Thompson Tobin Financial Ltd,thompson-tobin.co.uk
https://financialadvisers.co.uk/financial-planning/taunton/?pl_p=17&pl_m=40,Bevan Charles Limited,bevancharles.co.uk
https://financialadvisers.co.uk/financial-planning/taunton/?pl_p=17&pl_m=40,PENGUIN WEALTH PLANNERS LIMITED,penguinwealth.com
https://financialadvisers.co.uk/financial-planning/taunton/?pl_p=17&pl_m=40,Wychwood Financial Services Limited,wychwoodfs.co.uk
https://financialadvisers.co.uk/financial-planning/taunton/?pl_p=17&pl_m=40,Heritage Financial Consultancy Limited,heritagefc.co.uk
https://financialadvisers.co.uk/financial-planning/taunton/?pl_p=17&pl_m=40,Hugh James Solicitors,hughjames.com
https://financialadvisers.co.uk/financial-planning/taunton/?pl_p=17&pl_m=40,Mike Smith IFA Limited,mikesmithifa.co.uk
https://financialadvisers.co.uk/financial-planning/taunton/?pl_p=17&pl_m=40,Zensco Wealth Management Ltd,zenscowealth.com
https://financialadvisers.co.uk/financial-planning/taunton/?pl_p=17&pl_m=40,Dave Barry Wealth Management Limited,
https://financialadvisers.co.uk/financial-planning/taunton/?pl_p=17&pl_m=40,ValidPath Limited,validpath.co.uk
https://financialadvisers.co.uk/financial-planning/taunton/?pl_p=17&pl_m=40,ValidPath Financial Limited,rimbal.com
https://financialadvisers.co.uk/financial-planning/taunton/?pl_p=17&pl_m=40,Archytas Corporate Planning Ltd,archytas-strategic.com
https://financialadvisers.co.uk/financial-planning/taunton/?pl_p=17&pl_m=40,Six Q Financial Planning Limited,sixqfinancialplanning.co.uk
https://financialadvisers.co.uk/financial-planning/taunton/?pl_p=17&pl_m=40,Alma Vale Wealth Management Limited,almavalewealthmanagement.co.uk
https://financialadvisers.co.uk/financial-planning/taunton/?pl_p=17&pl_m=40,ROCKWEALTH CARDIFF LTD,cardiff-ifa.co.uk
https://financialadvisers.co.uk/financial-planning/taunton/?pl_p=17&pl_m=40,JLW Financial Solutions Ltd,jlwifa.co.uk
https://financialadvisers.co.uk/financial-planning/taunton/?pl_p=18&pl_m=40,Star House Financial Services Limited,star-house.co.uk
https://financialadvisers.co.uk/financial-planning/taunton/?pl_p=18&pl_m=40,Huw Williams,
https://financialadvisers.co.uk/financial-planning/taunton/?pl_p=18&pl_m=40,Hill & Co Financial Advisers Ltd,hillandcofa.co.uk
https://financialadvisers.co.uk/financial-planning/taunton/?pl_p=18&pl_m=40,Jolyon Roderick,jolyonroderickfp.co.uk
https://financialadvisers.co.uk/financial-planning/taunton/?pl_p=18&pl_m=40,GE Wealth Management Ltd,gewealthmanagement.co.uk
https://financialadvisers.co.uk/financial-planning/taunton/?pl_p=18&pl_m=40,Habitual Wealth Ltd,
https://financialadvisers.co.uk/financial-planning/taunton/?pl_p=18&pl_m=40,Richard John Owens,owenswealthmanagement.co.uk
https://financialadvisers.co.uk/financial-planning/taunton/?pl_p=18&pl_m=40,Joel Golding,partnership.sjp.co.uk/partner/goldingwealth
https://financialadvisers.co.uk/financial-planning/taunton/?pl_p=18&pl_m=40,Lauren Carless,partnership.sjp.co.uk/partner/lcfinancialplanning
https://financialadvisers.co.uk/financial-planning/taunton/?pl_p=18&pl_m=40,JP Private Clients LLP,jpprivateclients.co.uk
https://financialadvisers.co.uk/financial-planning/taunton/?pl_p=18&pl_m=40,Paul Jones,pjwealth.co.uk
https://financialadvisers.co.uk/financial-planning/taunton/?pl_p=18&pl_m=40,Jeremy Coltman,jeremycoltmanwm.co.uk
https://financialadvisers.co.uk/financial-planning/taunton/?pl_p=18&pl_m=40,Suzanne Ward,bloomfinancialplanning.co.uk
https://financialadvisers.co.uk/financial-planning/taunton/?pl_p=18&pl_m=40,Marion Small,
https://financialadvisers.co.uk/financial-planning/taunton/?pl_p=18&pl_m=40,Matthew Norman,hyderfinancial.co.uk
https://financialadvisers.co.uk/financial-planning/taunton/?pl_p=19&pl_m=40,Daniel Jones,partnership.sjp.co.ukpartnerdanieljones
https://financialadvisers.co.uk/financial-planning/taunton/?pl_p=19&pl_m=40,Tom Sterling,partnership.sjp.co.uk/partner/tomsterling
https://financialadvisers.co.uk/financial-planning/taunton/?pl_p=19&pl_m=40,AOJV1 Limited,adv-accountancy.co.uk
https://financialadvisers.co.uk/financial-planning/taunton/?pl_p=19&pl_m=40,Nine Wealth Management LLP,ninewealth.co.uk
https://financialadvisers.co.uk/financial-planning/taunton/?pl_p=19&pl_m=40,Morris Paley Wealth Management Limited,morrispaleywealth.com
https://financialadvisers.co.uk/financial-planning/taunton/?pl_p=19&pl_m=40,Tudor House Financial Services Limited,tudorhousefs.co.uk
https://financialadvisers.co.uk/financial-planning/taunton/?pl_p=19&pl_m=40,Macsen Wealth Management Ltd,macsenwealth.com
https://financialadvisers.co.uk/financial-planning/taunton/?pl_p=19&pl_m=40,Dugdale Taylor Ltd,dtandco.com
https://financialadvisers.co.uk/financial-planning/taunton/?pl_p=19&pl_m=40,Burley Fox Limited,burleyfox.com
https://financialadvisers.co.uk/financial-planning/taunton/?pl_p=19&pl_m=40,Washington Square Ltd,washington-square.co.uk
https://financialadvisers.co.uk/financial-planning/taunton/?pl_p=19&pl_m=40,Harry Robinson Wealth Management Limited,harryrobinsonwm.co.uk
https://financialadvisers.co.uk/financial-planning/taunton/?pl_p=19&pl_m=40,Andy Ingram,ingramwealthmanagement.co.uk
https://financialadvisers.co.uk/financial-planning/taunton/?pl_p=19&pl_m=40,Robert Liam Ingram,robingram.co.uk
https://financialadvisers.co.uk/financial-planning/taunton/?pl_p=19&pl_m=40,Nailsea Financial Services Limited,nailseafinancialservices.co.uk
https://financialadvisers.co.uk/financial-planning/taunton/?pl_p=19&pl_m=40,Richardson's Financial Ltd,
https://financialadvisers.co.uk/financial-planning/taunton/?pl_p=20&pl_m=40,Kevin Barnes,kevinbarnesfp.com
https://financialadvisers.co.uk/financial-planning/taunton/?pl_p=20&pl_m=40,Financial Planning (Wales) Ltd,financialplanningwales.co.uk
https://financialadvisers.co.uk/financial-planning/taunton/?pl_p=20&pl_m=40,Portland Wealth Management Ltd,portlandwm.com
https://financialadvisers.co.uk/financial-planning/taunton/?pl_p=20&pl_m=40,TD Financial Ltd,tdfinancial.co.uk
https://financialadvisers.co.uk/financial-planning/taunton/?pl_p=20&pl_m=40,Tower House Financial Management Limited,
https://financialadvisers.co.uk/financial-planning/taunton/?pl_p=20&pl_m=40,SLD Wealth Limited,
https://financialadvisers.co.uk/financial-planning/taunton/?pl_p=20&pl_m=40,PG Owen Limited,pgtax.co.uk
https://financialadvisers.co.uk/financial-planning/taunton/?pl_p=20&pl_m=40,Heron Wealth Management Limited,heronwm.co.uk
https://financialadvisers.co.uk/financial-planning/taunton/?pl_p=20&pl_m=40,JWA Financial Planning Ltd,jwafinance.com
https://financialadvisers.co.uk/financial-planning/taunton/?pl_p=20&pl_m=40,Waterhouse Financial Advisers Ltd,waterhousefa.co.uk
https://financialadvisers.co.uk/financial-planning/taunton/?pl_p=20&pl_m=40,Apollo Financial Planning Ltd,
https://financialadvisers.co.uk/financial-planning/taunton/?pl_p=20&pl_m=40,Adam Hughes Wealth Management Ltd,ahwm.co.uk
https://financialadvisers.co.uk/financial-planning/taunton/?pl_p=20&pl_m=40,Waverley Court Consulting Ltd,waverleycc.co.uk
https://financialadvisers.co.uk/financial-planning/taunton/?pl_p=20&pl_m=40,Carlson Wealth Management Ltd,carlsonwealthmanagement.co.uk
https://financialadvisers.co.uk/financial-planning/taunton/?pl_p=20&pl_m=40,Cathedral Financial Services LLP,cathedralfs.co.uk
https://financialadvisers.co.uk/financial-planning/taunton/?pl_p=21&pl_m=40,Bowmore Financial Planning Limited,bowmorefp.com
https://financialadvisers.co.uk/financial-planning/taunton/?pl_p=21&pl_m=40,Robert Edwin Keyte,
https://financialadvisers.co.uk/financial-planning/taunton/?pl_p=21&pl_m=40,Ben Stringer,queensclifffinancial.co.uk
https://financialadvisers.co.uk/financial-planning/taunton/?pl_p=21&pl_m=40,Bryan J Hollingsworth,
https://financialadvisers.co.uk/financial-planning/taunton/?pl_p=21&pl_m=40,Sanderson Financial Planning Limited,sandersonfp.co.uk
https://financialadvisers.co.uk/financial-planning/taunton/?pl_p=21&pl_m=40,Logical Financial Planning Ltd,logicalfinancial.co.uk
https://financialadvisers.co.uk/financial-planning/taunton/?pl_p=21&pl_m=40,RICHARD ARMITAGE WEALTH MANAGEMENT LLP.,
https://financialadvisers.co.uk/financial-planning/taunton/?pl_p=21&pl_m=40,Financial Life Planning Limited,flpsolutions.com
https://financialadvisers.co.uk/financial-planning/taunton/?pl_p=21&pl_m=40,Willow Brook Mortgages Limited,willowbrookmortgages.co.uk
https://financialadvisers.co.uk/financial-planning/taunton/?pl_p=21&pl_m=40,Falco Financial Planning Ltd,falcofinancial.com
https://financialadvisers.co.uk/financial-planning/taunton/?pl_p=21&pl_m=40,Skylark Wealth Management Limited,skylarkwealth.co.uk
https://financialadvisers.co.uk/financial-planning/taunton/?pl_p=21&pl_m=40,Jewell & Petersen Ltd,jpltd.co.uk
https://financialadvisers.co.uk/financial-planning/taunton/?pl_p=21&pl_m=40,Harries Financial Wealth Management Ltd,harriesfinancial.co.uk
https://financialadvisers.co.uk/financial-planning/taunton/?pl_p=21&pl_m=40,Seren Financial Advisers Ltd,theserengroup.co.uk
https://financialadvisers.co.uk/financial-planning/taunton/?pl_p=21&pl_m=40,Hunter Barrington Limited,hunterbarrington.co.uk
https://financialadvisers.co.uk/financial-planning/taunton/?pl_p=22&pl_m=40,Whitchurch IFA Limited,whitchurchifa.co.uk
https://financialadvisers.co.uk/financial-planning/taunton/?pl_p=22&pl_m=40,DJS Wealth Adviser LLP,djswealthadviser.co.uk
https://financialadvisers.co.uk/financial-planning/taunton/?pl_p=22&pl_m=40,Seven Financial UK Limited,7fg.co.uk
https://financialadvisers.co.uk/financial-planning/taunton/?pl_p=22&pl_m=40,Cardiff Financial Services Limited,
https://financialadvisers.co.uk/financial-planning/taunton/?pl_p=22&pl_m=40,Andrew Varley,avfp.co.uk
https://financialadvisers.co.uk/financial-planning/taunton/?pl_p=22&pl_m=40,Crane Williams Ltd,lucidfs.com
https://financialadvisers.co.uk/financial-planning/taunton/?pl_p=22&pl_m=40,Jonathan Richards Financial Consultancy Ltd,richardsifa.co.uk
https://financialadvisers.co.uk/financial-planning/taunton/?pl_p=22&pl_m=40,HODGE BAKSHI WEALTH MANAGEMENT LTD,hodgebakshiwealth.com
https://financialadvisers.co.uk/financial-planning/taunton/?pl_p=22&pl_m=40,Blueberry Wealth Limited,blueberrymortgages.co.uk
https://financialadvisers.co.uk/financial-planning/taunton/?pl_p=22&pl_m=40,Hunt Financial Planning Ltd,tpllp.com
https://financialadvisers.co.uk/financial-planning/taunton/?pl_p=22&pl_m=40,Lowndes Halsden & Partners Limited,lowndesonline.co.uk
https://financialadvisers.co.uk/financial-planning/taunton/?pl_p=22&pl_m=40,LEE FORD IFA LIMITED,visionifp.co.uk
https://financialadvisers.co.uk/financial-planning/taunton/?pl_p=22&pl_m=40,Tuckers Legal & Financial Services Ltd,tuckerslegalfinancial.co.uk
https://financialadvisers.co.uk/financial-planning/taunton/?pl_p=22&pl_m=40,Hayman Watkin Davies Ltd,hwdfinancial.co.uk
https://financialadvisers.co.uk/financial-planning/taunton/?pl_p=22&pl_m=40,Peter Marks,pmfp.co.uk
https://financialadvisers.co.uk/financial-planning/taunton/?pl_p=23&pl_m=40,Greenaway Financial Planning Limited,mandgwealth.com/greenawayfinancialplanning
https://financialadvisers.co.uk/financial-planning/taunton/?pl_p=23&pl_m=40,Jon Griffiths,thejongriff.co.uk
https://financialadvisers.co.uk/financial-planning/taunton/?pl_p=23&pl_m=40,Nicola Turner,
https://financialadvisers.co.uk/financial-planning/taunton/?pl_p=23&pl_m=40,Derek Howard,
https://financialadvisers.co.uk/financial-planning/taunton/?pl_p=23&pl_m=40,Poundbury Wealth Management LLP,poundburywealth.co.uk
https://financialadvisers.co.uk/financial-planning/taunton/?pl_p=23&pl_m=40,David Reid,
https://financialadvisers.co.uk/financial-planning/taunton/?pl_p=23&pl_m=40,Financial Planning Business Limited,fpbmoney.com
https://financialadvisers.co.uk/financial-planning/taunton/?pl_p=23&pl_m=40,Richard J K Brown Wealth Management LLP,richardjkbrown.co.uk
https://financialadvisers.co.uk/financial-planning/taunton/?pl_p=23&pl_m=40,Lyles' Independent Financial Advice Limited,
https://financialadvisers.co.uk/financial-planning/taunton/?pl_p=23&pl_m=40,Longwood Financial Planning Limited,
https://financialadvisers.co.uk/financial-planning/taunton/?pl_p=23&pl_m=40,Upper Street Financial Planning Ltd,usfp.co.uk
https://financialadvisers.co.uk/financial-planning/taunton/?pl_p=23&pl_m=40,AMG Wealth Solutions LLP,amgwealthsolutions.co.uk
https://financialadvisers.co.uk/financial-planning/taunton/?pl_p=23&pl_m=40,John Carrick Wealth Management LLP,sjpp.co.uk/johncarrick
https://financialadvisers.co.uk/financial-planning/taunton/?pl_p=23&pl_m=40,Millfield Wealth Management Ltd,millfieldwm.com
https://financialadvisers.co.uk/financial-planning/taunton/?pl_p=23&pl_m=40,Clarke Robinson & Co Ltd,clarkerobinson.co.uk
https://financialadvisers.co.uk/financial-planning/taunton/?pl_p=24&pl_m=40,Mulberry Wealth Management Limited,mulberrywealth.co.uk
https://financialadvisers.co.uk/financial-planning/taunton/?pl_p=24&pl_m=40,Solosy Wealth Management Limited,solosywm.co.uk
https://financialadvisers.co.uk/financial-planning/taunton/?pl_p=24&pl_m=40,MULBERRY WEALTH CLIENT SERVICES LIMITED,mulberrywealth.co.uk
https://financialadvisers.co.uk/financial-planning/taunton/?pl_p=24&pl_m=40,NTM Financial Services Ltd,ntmfs.co.uk
https://financialadvisers.co.uk/financial-planning/taunton/?pl_p=24&pl_m=40,Perspective (Gould Financial Planning) Limited,pfgl.co.uk/gould
https://financialadvisers.co.uk/financial-planning/taunton/?pl_p=24&pl_m=40,Powell & Associates Financial Planning,partnership.sjp.co.uk/partner/richpowell
https://financialadvisers.co.uk/financial-planning/taunton/?pl_p=24&pl_m=40,Makemson & Company Limited,makemsons.com
https://financialadvisers.co.uk/financial-planning/taunton/?pl_p=24&pl_m=40,D S Howell Financial Services Ltd,dshowellfs.co.uk
https://financialadvisers.co.uk/financial-planning/taunton/?pl_p=24&pl_m=40,Sofie Symonds,innoviawm.co.uk
https://financialadvisers.co.uk/financial-planning/taunton/?pl_p=24&pl_m=40,Uniq Family Wealth Ltd,uniqfamilywealth.co.uk
https://financialadvisers.co.uk/financial-planning/taunton/?pl_p=24&pl_m=40,Pure Wealth Management Limited,purewealthmanagement.co.uk
https://financialadvisers.co.uk/financial-planning/taunton/?pl_p=24&pl_m=40,Kellands (Bristol) Limited,kelland.co.uk
https://financialadvisers.co.uk/financial-planning/taunton/?pl_p=24&pl_m=40,Karl Lehmann,lehmannfinancialmanagement.co.uk
https://financialadvisers.co.uk/financial-planning/taunton/?pl_p=24&pl_m=40,HawkinsThomas Ltd,hawkinsthomas.co.uk
https://financialadvisers.co.uk/financial-planning/taunton/?pl_p=24&pl_m=40,Opal Financial Management Limited,opalfinancialmanagement.co.uk
https://financialadvisers.co.uk/financial-planning/taunton/?pl_p=25&pl_m=40,Quantum Actuarial LLP,quantumadvisory.co.uk
https://financialadvisers.co.uk/financial-planning/taunton/?pl_p=25&pl_m=40,Llewellyn Financial Solutions Ltd,llewellynfs.co.uk
https://financialadvisers.co.uk/financial-planning/taunton/?pl_p=25&pl_m=40,EST Wealth Ltd,est-group.co.uk
https://financialadvisers.co.uk/financial-planning/taunton/?pl_p=25&pl_m=40,Roger Pearce & Associates Ltd,theopenworkpartnership.com
https://financialadvisers.co.uk/financial-planning/taunton/?pl_p=25&pl_m=40,Joel Piacentini,
https://financialadvisers.co.uk/financial-planning/taunton/?pl_p=25&pl_m=40,PJ Aiken Ltd,pjaiken.co.uk
https://financialadvisers.co.uk/financial-planning/taunton/?pl_p=25&pl_m=40,Weston Associates IFA Limited,westonassociates.co.uk
https://financialadvisers.co.uk/financial-planning/taunton/?pl_p=25&pl_m=40,Colin Of Mar,colinofmar.com
https://financialadvisers.co.uk/financial-planning/taunton/?pl_p=25&pl_m=40,Elevate Financial Planners Ltd,mandg.com
https://financialadvisers.co.uk/financial-planning/taunton/?pl_p=25&pl_m=40,Withycombe Financial Services Limited,wfs.wales
https://financialadvisers.co.uk/financial-planning/taunton/?pl_p=25&pl_m=40,Westview Financial Services Ltd,westviewfinancial.co.uk
https://financialadvisers.co.uk/financial-planning/taunton/?pl_p=25&pl_m=40,Ross Mitchell,rossmitchellwm.com
https://financialadvisers.co.uk/financial-planning/taunton/?pl_p=25&pl_m=40,Myers Financial Consultancy Limited,myersfinancial.co.uk
https://financialadvisers.co.uk/financial-planning/taunton/?pl_p=25&pl_m=40,Investment and Tax Advisory Services Limited,wilcoxyoung.co.uk
https://financialadvisers.co.uk/financial-planning/taunton/?pl_p=25&pl_m=40,Alpha House Wealth Management Limited,alphahousewm.co.uk
https://financialadvisers.co.uk/financial-planning/taunton/?pl_p=26&pl_m=40,Oculus Wealth Management (North Dorset) Limited,
https://financialadvisers.co.uk/financial-planning/taunton/?pl_p=26&pl_m=40,Jonathan Huw Wooller,wooller.net
https://financialadvisers.co.uk/financial-planning/taunton/?pl_p=26&pl_m=40,Paul Bird,paulbirdwm.co.uk
https://financialadvisers.co.uk/financial-planning/taunton/?pl_p=26&pl_m=40,Technical Support Services Cardiff Limited,mlgfinancial.co.uk
https://financialadvisers.co.uk/financial-planning/taunton/?pl_p=26&pl_m=40,Charterhouse Estate Planning And Investment Services Limited,
https://financialadvisers.co.uk/financial-planning/taunton/?pl_p=26&pl_m=40,BPU Financial Solutions Ltd,bpuaccountants.co.uk
https://financialadvisers.co.uk/financial-planning/taunton/?pl_p=26&pl_m=40,Lisa Griffiths,ljgwealth.co.uk
https://financialadvisers.co.uk/financial-planning/taunton/?pl_p=26&pl_m=40,4 Shires Asset Management Ltd,4-shires.com
https://financialadvisers.co.uk/financial-planning/taunton/?pl_p=26&pl_m=40,Minaz Kasmani,lifeandlegacywm.co.uk
https://financialadvisers.co.uk/financial-planning/taunton/?pl_p=26&pl_m=40,Acuma Ltd,acuma.tv
https://financialadvisers.co.uk/financial-planning/taunton/?pl_p=26&pl_m=40,First Option,firstoption4u.co.uk
https://financialadvisers.co.uk/financial-planning/taunton/?pl_p=26&pl_m=40,RWB Wealth Ltd,rwbwealth.com
https://financialadvisers.co.uk/financial-planning/taunton/?pl_p=26&pl_m=40,Parkmore Financial Services Limited,parkmoreifa.co.uk
https://financialadvisers.co.uk/financial-planning/taunton/?pl_p=26&pl_m=40,Future Financial Wealth LLP,f-w-m.co.uk
https://financialadvisers.co.uk/financial-planning/taunton/?pl_p=26&pl_m=40,Four Stages Finance Limited,fourstagesfinance.co.uk
https://financialadvisers.co.uk/financial-planning/taunton/?pl_p=27&pl_m=40,WPS Wealth Ltd,wpswealth.co.uk
https://financialadvisers.co.uk/financial-planning/taunton/?pl_p=27&pl_m=40,Imperial Wealth International Ltd,imperialchartered.co.uk
https://financialadvisers.co.uk/financial-planning/taunton/?pl_p=27&pl_m=40,Jacobs and Harris Limited,jacobsandharris.co.uk
https://financialadvisers.co.uk/financial-planning/taunton/?pl_p=27&pl_m=40,Buckley & Co Financial Services Ltd,
https://financialadvisers.co.uk/financial-planning/taunton/?pl_p=27&pl_m=40,Maskell Moss & Co Limited,maskellmoss.co.uk
https://financialadvisers.co.uk/financial-planning/taunton/?pl_p=27&pl_m=40,Ramsay & White Ltd,ramsayandwhite.com
https://financialadvisers.co.uk/financial-planning/taunton/?pl_p=27&pl_m=40,Ramsay and White Wealth Management Limited,ramsayandwhite.com
https://financialadvisers.co.uk/financial-planning/taunton/?pl_p=27&pl_m=40,Abram Partnership Ltd,cardiffifa.co.uk
https://financialadvisers.co.uk/financial-planning/taunton/?pl_p=27&pl_m=40,Browne & Brown IFA Limited,
https://financialadvisers.co.uk/financial-planning/taunton/?pl_p=27&pl_m=40,Alex Alton,altonwealth.co.uk
https://financialadvisers.co.uk/financial-planning/taunton/?pl_p=27&pl_m=40,Goodwill Financial Services Limited,goodwill.co.uk
https://financialadvisers.co.uk/financial-planning/taunton/?pl_p=27&pl_m=40,CALLER FINANCIAL SOLUTIONS LTD,visionifp.co.uk
https://financialadvisers.co.uk/financial-planning/taunton/?pl_p=27&pl_m=40,Kussul Wealth Management Limited,jacksonwm.co.uk
https://financialadvisers.co.uk/financial-planning/taunton/?pl_p=27&pl_m=40,Framtiden Wealth Ltd,framtidenwealth.co.uk
https://financialadvisers.co.uk/financial-planning/taunton/?pl_p=27&pl_m=40,Mike Griffiths Limited,
https://financialadvisers.co.uk/financial-planning/taunton/?pl_p=28&pl_m=40,Meridian FS Limited,meridianfs.co.uk
https://financialadvisers.co.uk/financial-planning/taunton/?pl_p=28&pl_m=40,Simon James John,
https://financialadvisers.co.uk/financial-planning/taunton/?pl_p=28&pl_m=40,Prosperity Planning Ltd,prosperityplanning.co.uk
https://financialadvisers.co.uk/financial-planning/taunton/?pl_p=28&pl_m=40,Coronation Wealth Management LLP,coronationwealth.co.uk
https://financialadvisers.co.uk/financial-planning/taunton/?pl_p=28&pl_m=40,The McHattie Group,tipsheets.co.uk
https://financialadvisers.co.uk/financial-planning/taunton/?pl_p=28&pl_m=40,John Gaulton Independent Financial Advisors,jgifa.co.uk
https://financialadvisers.co.uk/financial-planning/taunton/?pl_p=28&pl_m=40,Strong Mortgage Solutions Limited,
https://financialadvisers.co.uk/financial-planning/taunton/?pl_p=28&pl_m=40,Clifton Wealth Management Ltd,cliftonwealthmanagement.co.uk
https://financialadvisers.co.uk/financial-planning/taunton/?pl_p=28&pl_m=40,Continuity Financial Planning Ltd,continuityfp.co.uk
https://financialadvisers.co.uk/financial-planning/taunton/?pl_p=28&pl_m=40,Ben Hiles Wealth Management Limited,benhiles.co.uk
https://financialadvisers.co.uk/financial-planning/taunton/?pl_p=28&pl_m=40,Arlington Row Wealth Management Ltd,arlingtonrowwm.co.uk
https://financialadvisers.co.uk/financial-planning/taunton/?pl_p=28&pl_m=40,Anderson Financial Management Ltd,andersonfinancial.co.uk
https://financialadvisers.co.uk/financial-planning/taunton/?pl_p=28&pl_m=40,Christian Adrian John,christianjohnwm.co.uk
https://financialadvisers.co.uk/financial-planning/taunton/?pl_p=28&pl_m=40,Clifton Wealth Partnership Portishead Limited,clifton-asset.co.uk
https://financialadvisers.co.uk/financial-planning/taunton/?pl_p=28&pl_m=40,Grosvenor Consultancy Limited,grosvenorconsultancy.co.uk
https://financialadvisers.co.uk/financial-planning/taunton/?pl_p=29&pl_m=40,CLIFTON WEALTH LIMITED,cliftonasset.co.uk
https://financialadvisers.co.uk/financial-planning/taunton/?pl_p=29&pl_m=40,Clifton Wealth Partnership Ltd,cliftonwealthpartnership.co.uk
https://financialadvisers.co.uk/financial-planning/taunton/?pl_p=29&pl_m=40,Wollen Michelmore Financial Planning Ltd,wollensfp.co.uk
https://financialadvisers.co.uk/financial-planning/taunton/?pl_p=29&pl_m=40,Alternative Business Funding Ltd,alternativebusinessfunding.co.uk
https://financialadvisers.co.uk/financial-planning/taunton/?pl_p=29&pl_m=40,Clifton Compliance Services Ltd,clifton-asset.co.uk
https://financialadvisers.co.uk/financial-planning/taunton/?pl_p=29&pl_m=40,Paradigm Norton Financial Planning Ltd,paradigmnorton.co.uk
https://financialadvisers.co.uk/financial-planning/taunton/?pl_p=29&pl_m=40,CLIFTON CONSULTING LIMITED,clifton-asset.co.uk
https://financialadvisers.co.uk/financial-planning/taunton/?pl_p=29&pl_m=40,Martin Hill Financial Associates Ltd,
https://financialadvisers.co.uk/financial-planning/taunton/?pl_p=29&pl_m=40,Hargreaves Lansdown Advisory Services Limited,hl.co.uk/financial-advice
https://financialadvisers.co.uk/financial-planning/taunton/?pl_p=29&pl_m=40,MJS financial services LTD,mjsfinancialservices.co.uk
https://financialadvisers.co.uk/financial-planning/taunton/?pl_p=29&pl_m=40,WATTSIIS LTD,wattsiis.co.uk
https://financialadvisers.co.uk/financial-planning/taunton/?pl_p=29&pl_m=40,Pembroke Asset Management LLP,pembrokeam.co.uk
https://financialadvisers.co.uk/financial-planning/taunton/?pl_p=29&pl_m=40,Neil Bird,birdiefs.co.uk
https://financialadvisers.co.uk/financial-planning/taunton/?pl_p=29&pl_m=40,Frazer James Ltd,frazerjames.co.uk
https://financialadvisers.co.uk/financial-planning/taunton/?pl_p=29&pl_m=40,Clifton Financial Planning Limited,cliftonfp.co.uk
https://financialadvisers.co.uk/financial-planning/taunton/?pl_p=30&pl_m=40,Henri James Wealth Ltd,henrijameswealth.com
https://financialadvisers.co.uk/financial-planning/taunton/?pl_p=30&pl_m=40,Digby Associates Limited,digby-associates.co.uk
https://financialadvisers.co.uk/financial-planning/taunton/?pl_p=30&pl_m=40,Ethical Market Place Limited,ethicalmarketplace.co.uk
https://financialadvisers.co.uk/financial-planning/taunton/?pl_p=30&pl_m=40,Ovation Finance Limited,ovationfinance.co.uk
https://financialadvisers.co.uk/financial-planning/taunton/?pl_p=30&pl_m=40,Lansdown Place Wealth Management Ltd,lansdownplace.co.uk
https://financialadvisers.co.uk/financial-planning/taunton/?pl_p=30&pl_m=40,Nicholls Stevens (Financial Services) Limited,nichollstevens.com
https://financialadvisers.co.uk/financial-planning/taunton/?pl_p=30&pl_m=40,National Friendly Financial Solutions Limited,nffs.co.uk
https://financialadvisers.co.uk/financial-planning/taunton/?pl_p=30&pl_m=40,GL Integrity Financial Planning Ltd,integrity-financial.co.uk
https://financialadvisers.co.uk/financial-planning/taunton/?pl_p=30&pl_m=40,Julie Reeve,
https://financialadvisers.co.uk/financial-planning/taunton/?pl_p=30&pl_m=40,Chris Leach & Associates Ltd,chrisleachandassociates.com
https://financialadvisers.co.uk/financial-planning/taunton/?pl_p=30&pl_m=40,The Aspire Partnership LLP,aspirellp.co.uk
https://financialadvisers.co.uk/financial-planning/taunton/?pl_p=30&pl_m=40,The Aspire Consultancy (Bristol) Ltd,aspirecb.co.uk
https://financialadvisers.co.uk/financial-planning/taunton/?pl_p=30&pl_m=40,Court Ross Financial Management Limited,courtross.co.uk
https://financialadvisers.co.uk/financial-planning/taunton/?pl_p=30&pl_m=40,Acumen Associate Financial Services Ltd,acumenafs.com
https://financialadvisers.co.uk/financial-planning/taunton/?pl_p=30&pl_m=40,Operii Financial Planning LLP,operii.co.uk
https://financialadvisers.co.uk/financial-planning/taunton/?pl_p=31&pl_m=40,Churchill Wealth Management Ltd,churchillwealthmanagement.co.uk
https://financialadvisers.co.uk/financial-planning/taunton/?pl_p=31&pl_m=40,Marshall Zoing Limited,wealthatwork.co.uk
https://financialadvisers.co.uk/financial-planning/taunton/?pl_p=31&pl_m=40,Affinity Financial Awareness Limited,affinityadvise.co.uk
https://financialadvisers.co.uk/financial-planning/taunton/?pl_p=31&pl_m=40,Atomos Financial Planning Limited,atomos.co.uk
https://financialadvisers.co.uk/financial-planning/taunton/?pl_p=31&pl_m=40,Nicholas Carroll & Financial Associates Limited,ncfa.uk
https://financialadvisers.co.uk/financial-planning/taunton/?pl_p=31&pl_m=40,Cedar Wealth Management Limited,cedarwm.co.uk
https://financialadvisers.co.uk/financial-planning/taunton/?pl_p=31&pl_m=40,BEESURE LTD,bee-sure.co.uk
https://financialadvisers.co.uk/financial-planning/taunton/?pl_p=31&pl_m=40,Beesure Financial Planning Limited,bee-sure.co.uk
https://financialadvisers.co.uk/financial-planning/taunton/?pl_p=31&pl_m=40,Diana Thal-Jantzen,sjpp.co.uk/dianathaljantzen
https://financialadvisers.co.uk/financial-planning/taunton/?pl_p=31&pl_m=40,R C Brown Investment Management Plc,rcbim.co.uk
https://financialadvisers.co.uk/financial-planning/taunton/?pl_p=31&pl_m=40,Ellis Davies Financial Planning Limited,ellisdaviesfp.co.uk
https://financialadvisers.co.uk/financial-planning/taunton/?pl_p=31&pl_m=40,Elite Financial Consulting Ltd,elitefinancialconsulting.co.uk
https://financialadvisers.co.uk/financial-planning/taunton/?pl_p=31&pl_m=40,Ifamax Limited,ifamax.com
https://financialadvisers.co.uk/financial-planning/taunton/?pl_p=31&pl_m=40,Brunel Wealth Limited,brunelwealth.co.uk
https://financialadvisers.co.uk/financial-planning/taunton/?pl_p=31&pl_m=40,Academy Associates Wealth Management Ltd,academy-associates.co.uk
https://financialadvisers.co.uk/financial-planning/taunton/?pl_p=32&pl_m=40,Manning Gee Investments Limited,mgi-ifa.co.uk
https://financialadvisers.co.uk/financial-planning/taunton/?pl_p=32&pl_m=40,Titan Wealth Planning Limited,aspirafp.co.uk
https://financialadvisers.co.uk/financial-planning/taunton/?pl_p=32&pl_m=40,Newman Langley & Stavri Financial Consulting Limited,newmanlangley.co.uk
https://financialadvisers.co.uk/financial-planning/taunton/?pl_p=32&pl_m=40,Kerswell Stone & Company,kerswellstone.co.uk
https://financialadvisers.co.uk/financial-planning/taunton/?pl_p=32&pl_m=40,LV Nicholas Financial Planning Limited,lvnfp.com
https://financialadvisers.co.uk/financial-planning/taunton/?pl_p=32&pl_m=40,Lampiers Financial Planning Ltd,lampiers.com
https://financialadvisers.co.uk/financial-planning/taunton/?pl_p=32&pl_m=40,Octagon Consultancy Ltd,octagonconsultancy.co.uk
https://financialadvisers.co.uk/financial-planning/taunton/?pl_p=32&pl_m=40,Aisa Retirement Planning LLP,aisagroup.org
https://financialadvisers.co.uk/financial-planning/taunton/?pl_p=32&pl_m=40,JPRS (South West) Limited,loughtons.co.uk
https://financialadvisers.co.uk/financial-planning/taunton/?pl_p=32&pl_m=40,Seven Stars Asset Management Limited,kohncougar.co.uk
https://financialadvisers.co.uk/financial-planning/taunton/?pl_p=32&pl_m=40,Moneo Wealth Management Ltd,moneo-ifa.co.uk
https://financialadvisers.co.uk/financial-planning/taunton/?pl_p=32&pl_m=40,Paul Ewins,
https://financialadvisers.co.uk/financial-planning/taunton/?pl_p=32&pl_m=40,Wealthmasters Financial Management Ltd,begbies-traynor.com
https://financialadvisers.co.uk/financial-planning/taunton/?pl_p=32&pl_m=40,Sunrise Independent Financial Advisers Limited,sunrise-ifa.co.uk
https://financialadvisers.co.uk/financial-planning/taunton/?pl_p=32&pl_m=40,LWM Consultants Limited,lwmconsultants.com
https://financialadvisers.co.uk/financial-planning/taunton/?pl_p=33&pl_m=40,Lifestyle Pensions and Investments Ltd,lifestylepensionsandinvestments.com
https://financialadvisers.co.uk/financial-planning/taunton/?pl_p=33&pl_m=40,Lifestyle (Glamorgan) Limited,lifestylefinancialadvice.com
https://financialadvisers.co.uk/financial-planning/taunton/?pl_p=33&pl_m=40,Redland Wealth Management Group Limited,redlandfinancial.co.uk
https://financialadvisers.co.uk/financial-planning/taunton/?pl_p=33&pl_m=40,Vale Independent Financial Advisers Limited,valeifa.com
https://financialadvisers.co.uk/financial-planning/taunton/?pl_p=33&pl_m=40,Positive Independent Financial Planning Limited,
https://financialadvisers.co.uk/financial-planning/taunton/?pl_p=33&pl_m=40,AJP Financial Planning Services Limited,ajp.wales
https://financialadvisers.co.uk/financial-planning/taunton/?pl_p=33&pl_m=40,Future Asset Management LLP,famllp.com
https://financialadvisers.co.uk/financial-planning/taunton/?pl_p=33&pl_m=40,Wilcox Financial Planning Limited,wilcoxfp.co.uk
https://financialadvisers.co.uk/financial-planning/taunton/?pl_p=33&pl_m=40,Andrews & Partners Limited,andrewsonline.co.uk
https://financialadvisers.co.uk/financial-planning/taunton/?pl_p=33&pl_m=40,Whitechurch Securities Limited,whitechurch.co.uk
https://financialadvisers.co.uk/financial-planning/taunton/?pl_p=33&pl_m=40,Navigation Financial Planning Limited,
https://financialadvisers.co.uk/financial-planning/taunton/?pl_p=33&pl_m=40,James Young Associates Ltd,jyagroup.co.uk
https://financialadvisers.co.uk/financial-planning/taunton/?pl_p=33&pl_m=40,Momentum Investing Ltd,momentum-investing.co.uk
https://financialadvisers.co.uk/financial-planning/taunton/?pl_p=33&pl_m=40,Nucleus Wealth Planning Limited,nucleuswealthplanning.co.uk
https://financialadvisers.co.uk/financial-planning/taunton/?pl_p=33&pl_m=40,Davies Financial Limited,daviesfinancial.net
https://financialadvisers.co.uk/financial-planning/taunton/?pl_p=34&pl_m=40,CST Wealth Management Limited,cstwealth.co.uk
https://financialadvisers.co.uk/financial-planning/taunton/?pl_p=34&pl_m=40,Informed Choice (South West) Limited,infomedchoice-sw.co.uk
https://financialadvisers.co.uk/financial-planning/taunton/?pl_p=34&pl_m=40,Kathryn Shears Financial Planning Limited,
https://financialadvisers.co.uk/financial-planning/taunton/?pl_p=34&pl_m=40,Leaf Financial Advisers Ltd,leafifa.co.uk
https://financialadvisers.co.uk/financial-planning/taunton/?pl_p=34&pl_m=40,Purple Fox Financial Planning Ltd,purplefoxfp.co.uk
https://financialadvisers.co.uk/financial-planning/taunton/?pl_p=34&pl_m=40,Savvy Wealth Management Limited,savvywm.com
https://financialadvisers.co.uk/financial-planning/taunton/?pl_p=34&pl_m=40,The Rutherford Lewis & Read Partnership,
https://financialadvisers.co.uk/financial-planning/taunton/?pl_p=34&pl_m=40,Absolute Wealth Management Ltd,absolutewm.co.uk
https://financialadvisers.co.uk/financial-planning/taunton/?pl_p=34&pl_m=40,Sherald Ann Waterhouse-Trew,partnership.sjp.co.uk/partner/swtwealthmanagment
https://financialadvisers.co.uk/financial-planning/taunton/?pl_p=34&pl_m=40,Gregory Davies Wealth Management Ltd,2plan.com
https://financialadvisers.co.uk/financial-planning/taunton/?pl_p=34&pl_m=40,Kingsley Wealth Management Ltd,kingsleywealth.co.uk
https://financialadvisers.co.uk/financial-planning/taunton/?pl_p=34&pl_m=40,Servini Financial Planning Limited,servinifp.co.uk
https://financialadvisers.co.uk/financial-planning/taunton/?pl_p=34&pl_m=40,Peter John Lucketti,
https://financialadvisers.co.uk/financial-planning/taunton/?pl_p=34&pl_m=40,The Financial Practice (UK) Ltd,financialpractice.co.uk
https://financialadvisers.co.uk/financial-planning/taunton/?pl_p=34&pl_m=40,Ayrin Financial Management,ayrin.co.uk
https://financialadvisers.co.uk/financial-planning/taunton/?pl_p=35&pl_m=40,Trulife Financial Ltd,trulifefinancial.co.uk
https://financialadvisers.co.uk/financial-planning/taunton/?pl_p=35&pl_m=40,Sneddon Financial Planning Partnership,sneddonfp.co.uk
https://financialadvisers.co.uk/financial-planning/taunton/?pl_p=35&pl_m=40,M P Warren Limited,mpwarren.com
https://financialadvisers.co.uk/financial-planning/taunton/?pl_p=35&pl_m=40,Maskery Wealth Management Ltd,maskerywealthmanagement.com
https://financialadvisers.co.uk/financial-planning/taunton/?pl_p=35&pl_m=40,Andrew Paul Zbijowski,azfinancial.co.uk
https://financialadvisers.co.uk/financial-planning/taunton/?pl_p=35&pl_m=40,Jacqueline Norman,jacquinorman.co.uk
https://financialadvisers.co.uk/financial-planning/taunton/?pl_p=35&pl_m=40,Holt Financial Services Limited,2plan.com
https://financialadvisers.co.uk/financial-planning/taunton/?pl_p=35&pl_m=40,Chesil Financial Planning Ltd,chesilfinancialplanning.co.uk
https://financialadvisers.co.uk/financial-planning/taunton/?pl_p=35&pl_m=40,Neptune Financial Management Limited,neptunefinancialmanagement.co.uk
https://financialadvisers.co.uk/financial-planning/taunton/?pl_p=35&pl_m=40,Brooks Wealth Management LLP,brookswm.co.uk
https://financialadvisers.co.uk/financial-planning/taunton/?pl_p=35&pl_m=40,"Thomas, Carroll Independent Financial Advisers Limited",thomascarroll.co.uk
https://financialadvisers.co.uk/financial-planning/taunton/?pl_p=35&pl_m=40,MW Mortgages Ltd,
https://financialadvisers.co.uk/financial-planning/taunton/?pl_p=35&pl_m=40,Practical Financial Planning Ltd,pfp.uk.net
https://financialadvisers.co.uk/financial-planning/taunton/?pl_p=35&pl_m=40,The Clifton Business Consultancy Ltd,cliftonbc.co.uk
https://financialadvisers.co.uk/financial-planning/taunton/?pl_p=35&pl_m=40,Cardens Limited,cardens.co.uk
https://financialadvisers.co.uk/financial-planning/taunton/?pl_p=36&pl_m=40,Blue Financial Group Limited,bluewealth.co.uk
https://financialadvisers.co.uk/financial-planning/taunton/?pl_p=36&pl_m=40,Jon Purnell Wealth Management Limited,jonpurnell.co.uk
https://financialadvisers.co.uk/financial-planning/taunton/?pl_p=36&pl_m=40,Meridan Pension Services Limited,meridan.co.uk
https://financialadvisers.co.uk/financial-planning/taunton/?pl_p=36&pl_m=40,Thomas Fear & Co Limited,thomasfear.co.uk
https://financialadvisers.co.uk/financial-planning/taunton/?pl_p=36&pl_m=40,Harold Stephens Ltd,haroldstephens.co.uk
https://financialadvisers.co.uk/financial-planning/taunton/?pl_p=36&pl_m=40,Dumnonia Financial Services Limited,
https://financialadvisers.co.uk/financial-planning/taunton/?pl_p=36&pl_m=40,Bristol & West Financial Services Ltd,bristolandwestfs.co.uk
https://financialadvisers.co.uk/financial-planning/taunton/?pl_p=36&pl_m=40,Rathmore Financial Ltd,rathmorefinancial.com
https://financialadvisers.co.uk/financial-planning/taunton/?pl_p=36&pl_m=40,Perennial Wealth Ltd,perennialwealth.co.uk
https://financialadvisers.co.uk/financial-planning/taunton/?pl_p=36&pl_m=40,The Complete Mortgage Shop Limited,thecompletemortgageshop.co.uk
https://financialadvisers.co.uk/financial-planning/taunton/?pl_p=36&pl_m=40,Domus Financial Services,domusfinancial.co.uk
https://financialadvisers.co.uk/financial-planning/taunton/?pl_p=36&pl_m=40,Magenta Financial Planning Limited,magentafp.com
https://financialadvisers.co.uk/financial-planning/taunton/?pl_p=36&pl_m=40,Dragon Financial Planning Ltd,dragonfinancialplanning.co.uk
https://financialadvisers.co.uk/financial-planning/taunton/?pl_p=36&pl_m=40,Vital Financial Planning Ltd,vitalfp.co.uk
https://financialadvisers.co.uk/financial-planning/taunton/?pl_p=36&pl_m=40,3-S Financial Management,3-sfinancial.com
https://financialadvisers.co.uk/financial-planning/taunton/?pl_p=37&pl_m=40,Appleton Fox Wealth Management Ltd,appletonfox.co.uk
https://financialadvisers.co.uk/financial-planning/taunton/?pl_p=37&pl_m=40,Darnells Wealth Management Ltd,darnellswm.co.uk
https://financialadvisers.co.uk/financial-planning/taunton/?pl_p=37&pl_m=40,Sweetland Associates Limited,sweetlandassociates.co.uk
https://financialadvisers.co.uk/financial-planning/taunton/?pl_p=37&pl_m=40,Bloomfield & Associates Limited,bloomfieldifa.com
https://financialadvisers.co.uk/financial-planning/taunton/?pl_p=37&pl_m=40,Peter Harding Practice Ltd,peterhardingwm.co.uk
https://financialadvisers.co.uk/financial-planning/taunton/?pl_p=37&pl_m=40,Aevitas Wealth Ltd,aevitas.life
https://financialadvisers.co.uk/financial-planning/taunton/?pl_p=37&pl_m=40,Rob Bryant,partnership.sjp.co.uk/partner/robertbryant
https://financialadvisers.co.uk/financial-planning/taunton/?pl_p=37&pl_m=40,Paolo Joseph Mark Rosolek,
https://financialadvisers.co.uk/financial-planning/taunton/?pl_p=37&pl_m=40,Ellis Lloyd Jones (Financial Services) Limited,ellislloydjones.co.uk/our-financial-services
https://financialadvisers.co.uk/financial-planning/taunton/?pl_p=37&pl_m=40,Stover Financial Planners Ltd,stoverfp.co.uk
https://financialadvisers.co.uk/financial-planning/taunton/?pl_p=37&pl_m=40,Scottsbridge Financial Planning Ltd,scottsbridge.co.uk
https://financialadvisers.co.uk/financial-planning/taunton/?pl_p=37&pl_m=40,Worldwide Investment Corporation Ltd,bristolmortgagesonline.com
https://financialadvisers.co.uk/financial-planning/taunton/?pl_p=37&pl_m=40,Hive Financial Planning Ltd,partnership.sjp.co.uk/partner/sebastianroizdesa
https://financialadvisers.co.uk/financial-planning/taunton/?pl_p=37&pl_m=40,MKFP Limited,mkfp.co.uk
https://financialadvisers.co.uk/financial-planning/taunton/?pl_p=37&pl_m=40,Huw Davies Independent Financial Adviser,huwdavies.co.uk
https://financialadvisers.co.uk/financial-planning/taunton/?pl_p=38&pl_m=40,Morgan Hill Financial Planning,partnership.sjp.co.uk/partner/morganhillfp
https://financialadvisers.co.uk/financial-planning/taunton/?pl_p=38&pl_m=40,LAURA JENNIANS FINANCIAL PLANNING LTD,mandgwealth.com/laurajenniansfinancialplanning
https://financialadvisers.co.uk/financial-planning/taunton/?pl_p=38&pl_m=40,Money Matters Financial Solutions Ltd,moneymattersdirect.co.uk
https://financialadvisers.co.uk/financial-planning/taunton/?pl_p=38&pl_m=40,Barlow & Bartlett Wealth Management,barlowandbartlettwealthmanagement.co.uk
https://financialadvisers.co.uk/financial-planning/taunton/?pl_p=38&pl_m=40,Heron House Financial Management Limited,hhfm.co.uk
https://financialadvisers.co.uk/financial-planning/taunton/?pl_p=38&pl_m=40,Pennywise Advisory Services Limited,pennywisefs.co.uk
https://financialadvisers.co.uk/financial-planning/taunton/?pl_p=38&pl_m=40,Charles Royle & Company,charlesroyle.co.uk
https://financialadvisers.co.uk/financial-planning/taunton/?pl_p=38&pl_m=40,Kymin Financial Services Ltd,kymin.co.uk
https://financialadvisers.co.uk/financial-planning/taunton/?pl_p=38&pl_m=40,Mike Coram Associates,coramfinancial.com
https://financialadvisers.co.uk/financial-planning/taunton/?pl_p=38&pl_m=40,A.C.T. Financial Services Ltd,actfinancialservices.co.uk
https://financialadvisers.co.uk/financial-planning/taunton/?pl_p=38&pl_m=40,David Stock & Co Limited,davidstock.co.uk
https://financialadvisers.co.uk/financial-planning/taunton/?pl_p=38&pl_m=40,Hanlon Kneller and Associates LLP,hanlonkneller.co.uk
https://financialadvisers.co.uk/financial-planning/taunton/?pl_p=38&pl_m=40,Ascent Wealth Management,mandgwealth.com/ascentwealthmanagement
https://financialadvisers.co.uk/financial-planning/taunton/?pl_p=38&pl_m=40,CDP Associates Ltd,cdpassociates.co.uk
https://financialadvisers.co.uk/financial-planning/taunton/?pl_p=38&pl_m=40,Wessex Investment Management Limited,wessexim.co.uk
https://financialadvisers.co.uk/financial-planning/taunton/?pl_p=39&pl_m=40,Merit Financial Services Ltd,meritfinancialservices.co.uk
