Source,Company Name,Website Link
https://financialadvisers.co.uk/financial-planning/salisbury/?pl_p=1&pl_m=40,Tim Hall,
https://financialadvisers.co.uk/financial-planning/salisbury/?pl_p=1&pl_m=40,Annetts & Orchard Ltd,annettsandorchard.co.uk
https://financialadvisers.co.uk/financial-planning/salisbury/?pl_p=1&pl_m=40,Fhoenix Estates Limited,fhoenix.com
https://financialadvisers.co.uk/financial-planning/salisbury/?pl_p=1&pl_m=40,Windsor Financial Services,windsorfinancial.co.uk
https://financialadvisers.co.uk/financial-planning/salisbury/?pl_p=1&pl_m=40,GoddardFry Wealth Management Limited,goddardfry.co.uk
https://financialadvisers.co.uk/financial-planning/salisbury/?pl_p=1&pl_m=40,Casterbridge Wealth Limited,casterbridgewealth.co.uk
https://financialadvisers.co.uk/financial-planning/salisbury/?pl_p=1&pl_m=40,Lee Perkes,leeperkes.co.uk
https://financialadvisers.co.uk/financial-planning/salisbury/?pl_p=1&pl_m=40,Hurst Financial Consultancy Limited,unbiased-advice.co.uk
https://financialadvisers.co.uk/financial-planning/salisbury/?pl_p=1&pl_m=40,GBIM Limited,gbim.co.uk
https://financialadvisers.co.uk/financial-planning/salisbury/?pl_p=1&pl_m=40,Cobalt II Limited,cobaltmoney.com
https://financialadvisers.co.uk/financial-planning/salisbury/?pl_p=1&pl_m=40,Tony Tyler Financial Services Ltd,tonytylerfinancialservices.co.uk
https://financialadvisers.co.uk/financial-planning/salisbury/?pl_p=1&pl_m=40,Gresham Financial Limited,greshamfinancial.co.uk
https://financialadvisers.co.uk/financial-planning/salisbury/?pl_p=1&pl_m=40,Dominic Batty,foresightfs.co.uk
https://financialadvisers.co.uk/financial-planning/salisbury/?pl_p=1&pl_m=40,The Michelle Sheppard Practice Ltd,michellesheppard.co.uk
https://financialadvisers.co.uk/financial-planning/salisbury/?pl_p=1&pl_m=40,Spire Independent Financial Planning Ltd,
https://financialadvisers.co.uk/financial-planning/salisbury/?pl_p=2&pl_m=40,Argentis Financial Planning Ltd,argentis.co.uk
https://financialadvisers.co.uk/financial-planning/salisbury/?pl_p=2&pl_m=40,Finhawk Mortgages Ltd,finhawkmortgages.co.uk
https://financialadvisers.co.uk/financial-planning/salisbury/?pl_p=2&pl_m=40,Grovely Financial Limited,grovelycoaching.co.uk
https://financialadvisers.co.uk/financial-planning/salisbury/?pl_p=2&pl_m=40,Mint FS Limited,mintfinancialservices.co.uk
https://financialadvisers.co.uk/financial-planning/salisbury/?pl_p=2&pl_m=40,Optimal Planning Ltd,optimalplanning.co.uk
https://financialadvisers.co.uk/financial-planning/salisbury/?pl_p=2&pl_m=40,Professional Pensions and Investments Limited,professional-pensions.co.uk
https://financialadvisers.co.uk/financial-planning/salisbury/?pl_p=2&pl_m=40,4 Pillars Financial Planning Ltd,4pfp.co.uk
https://financialadvisers.co.uk/financial-planning/salisbury/?pl_p=2&pl_m=40,Prue Ockenden,ockendenfp.com
https://financialadvisers.co.uk/financial-planning/salisbury/?pl_p=2&pl_m=40,Neil Turner,
https://financialadvisers.co.uk/financial-planning/salisbury/?pl_p=2&pl_m=40,Sutherland IFA Limited,sutherlandifa.com
https://financialadvisers.co.uk/financial-planning/salisbury/?pl_p=2&pl_m=40,Orbit Financial Planning Ltd,
https://financialadvisers.co.uk/financial-planning/salisbury/?pl_p=2&pl_m=40,Gem FS Limited,gem-fs.co.uk
https://financialadvisers.co.uk/financial-planning/salisbury/?pl_p=2&pl_m=40,TK White & Co Limited,tkwhite.co.uk
https://financialadvisers.co.uk/financial-planning/salisbury/?pl_p=2&pl_m=40,The Wealth Care Partnership Limited,thewealthcarepartnership.co.uk
https://financialadvisers.co.uk/financial-planning/salisbury/?pl_p=2&pl_m=40,Verve Financial Ltd,verve-financial.com
https://financialadvisers.co.uk/financial-planning/salisbury/?pl_p=3&pl_m=40,Thome Asset Management & Asset Controlling,tamac.com
https://financialadvisers.co.uk/financial-planning/salisbury/?pl_p=3&pl_m=40,St George's Financial Services Ltd,stgeorgesfs.co.uk
https://financialadvisers.co.uk/financial-planning/salisbury/?pl_p=3&pl_m=40,PATHWAY INDEPENDENT FINANCIAL PLANNING LIMITED,visionifp.co.uk
https://financialadvisers.co.uk/financial-planning/salisbury/?pl_p=3&pl_m=40,Peter Hope,
https://financialadvisers.co.uk/financial-planning/salisbury/?pl_p=3&pl_m=40,Monforte Wealth Limited,monfortewealth.co.uk
https://financialadvisers.co.uk/financial-planning/salisbury/?pl_p=3&pl_m=40,Sanctuary Wealth Planning Limited,sanctuarywealthplanning.co.uk
https://financialadvisers.co.uk/financial-planning/salisbury/?pl_p=3&pl_m=40,Campbell & Associates Independent Financial Advice Ltd,campbell-financial.co.uk
https://financialadvisers.co.uk/financial-planning/salisbury/?pl_p=3&pl_m=40,Grosvenor Birch Limited,grosvenorbirch.uk
https://financialadvisers.co.uk/financial-planning/salisbury/?pl_p=3&pl_m=40,CMD Independent Financial Advisers Limited,cmdifa.co.uk
https://financialadvisers.co.uk/financial-planning/salisbury/?pl_p=3&pl_m=40,Boler Wiseman Financial Services Limited,bolerwisemanfsl.com
https://financialadvisers.co.uk/financial-planning/salisbury/?pl_p=3&pl_m=40,Somborne Financial Planning Ltd,sombornefp.co.uk
https://financialadvisers.co.uk/financial-planning/salisbury/?pl_p=3&pl_m=40,Martyn Lloyd,
https://financialadvisers.co.uk/financial-planning/salisbury/?pl_p=3&pl_m=40,New Forest Wealth Management Limited,newforestwealthmanagament.co.uk
https://financialadvisers.co.uk/financial-planning/salisbury/?pl_p=3&pl_m=40,A C Sovereign Financial Services Limited,kaellies1.fsnet.co.uk
https://financialadvisers.co.uk/financial-planning/salisbury/?pl_p=3&pl_m=40,Imperial Independent Mortgage Services Ltd,imperialfinancial.co.uk
https://financialadvisers.co.uk/financial-planning/salisbury/?pl_p=4&pl_m=40,Caspar Hill,partnership.sjp.co.uk/partner/casparhill
https://financialadvisers.co.uk/financial-planning/salisbury/?pl_p=4&pl_m=40,Elizabeth Humby,
https://financialadvisers.co.uk/financial-planning/salisbury/?pl_p=4&pl_m=40,Hall Wealth LLP,
https://financialadvisers.co.uk/financial-planning/salisbury/?pl_p=4&pl_m=40,Fleming Court Financial Services LLP,flemingfs.co.uk
https://financialadvisers.co.uk/financial-planning/salisbury/?pl_p=4&pl_m=40,David Ewens,wwhe.co.uk
https://financialadvisers.co.uk/financial-planning/salisbury/?pl_p=4&pl_m=40,Harper's Financial Services Ltd,harpersfinancial.co.uk
https://financialadvisers.co.uk/financial-planning/salisbury/?pl_p=4&pl_m=40,Retirement Planning Partnership Limited,trpp.co.uk
https://financialadvisers.co.uk/financial-planning/salisbury/?pl_p=4&pl_m=40,Kingsmead Wealth Ltd,visionifp.co.uk
https://financialadvisers.co.uk/financial-planning/salisbury/?pl_p=4&pl_m=40,Clarendon FP LLP,clarendonfp.cp.uk
https://financialadvisers.co.uk/financial-planning/salisbury/?pl_p=4&pl_m=40,Clarendon Financial Planning Ltd,clarendonfp.co.uk
https://financialadvisers.co.uk/financial-planning/salisbury/?pl_p=4&pl_m=40,Robert Angell Financial Services Limited,angellfs.co.uk
https://financialadvisers.co.uk/financial-planning/salisbury/?pl_p=4&pl_m=40,Richard Taylor,richardtaylorwm.co.uk
https://financialadvisers.co.uk/financial-planning/salisbury/?pl_p=4&pl_m=40,Wessex Financial Planning Limited,wessexfinancial.co.uk
https://financialadvisers.co.uk/financial-planning/salisbury/?pl_p=4&pl_m=40,Voyage Financial Planning Limited,voyagefp.co.uk
https://financialadvisers.co.uk/financial-planning/salisbury/?pl_p=4&pl_m=40,Struan Financial Management Limited,struanfm.co.uk
https://financialadvisers.co.uk/financial-planning/salisbury/?pl_p=5&pl_m=40,David Spence Financial Options,dspence.com
https://financialadvisers.co.uk/financial-planning/salisbury/?pl_p=5&pl_m=40,Woodlands Financial Planning Ltd,woodlandsfinancialplanning.com
https://financialadvisers.co.uk/financial-planning/salisbury/?pl_p=5&pl_m=40,Sunnymead Financial Planning Ltd,partnership.sjp.co.uk/partner/dharmeshmistry
https://financialadvisers.co.uk/financial-planning/salisbury/?pl_p=5&pl_m=40,Bright Star Wealth Ltd,brightstarwealth.co.uk
https://financialadvisers.co.uk/financial-planning/salisbury/?pl_p=5&pl_m=40,Signature Wealth Ltd,signature-wealth.co.uk
https://financialadvisers.co.uk/financial-planning/salisbury/?pl_p=5&pl_m=40,H V Financial Planning Ltd,hvfp.co.uk
https://financialadvisers.co.uk/financial-planning/salisbury/?pl_p=5&pl_m=40,Michael Hanlon Financial Services,
https://financialadvisers.co.uk/financial-planning/salisbury/?pl_p=5&pl_m=40,Virtus Wealth Ltd,vwealth.co.uk
https://financialadvisers.co.uk/financial-planning/salisbury/?pl_p=5&pl_m=40,Templegate Financial Planning Ltd,templegatefinancial.co.uk
https://financialadvisers.co.uk/financial-planning/salisbury/?pl_p=5&pl_m=40,Individually Designed Solutions Ltd,2plan.com
https://financialadvisers.co.uk/financial-planning/salisbury/?pl_p=5&pl_m=40,Yours Financially Ltd,yoursfinancially.co.uk
https://financialadvisers.co.uk/financial-planning/salisbury/?pl_p=5&pl_m=40,William H Holliday,
https://financialadvisers.co.uk/financial-planning/salisbury/?pl_p=5&pl_m=40,Forest Edge Mortgages Limited,forestedgemortgages.co.uk
https://financialadvisers.co.uk/financial-planning/salisbury/?pl_p=5&pl_m=40,BIRCH FINANCIAL SERVICES LTD,birchfinancialservices.co.uk
https://financialadvisers.co.uk/financial-planning/salisbury/?pl_p=5&pl_m=40,Jigsaw Corporate Financial Management Limited,jigsaw-cfm.co.uk
https://financialadvisers.co.uk/financial-planning/salisbury/?pl_p=6&pl_m=40,Widelist Investments Limited,castle-investments.com
https://financialadvisers.co.uk/financial-planning/salisbury/?pl_p=6&pl_m=40,Assured Private Wealth Limited,apw-ifa.co.uk
https://financialadvisers.co.uk/financial-planning/salisbury/?pl_p=6&pl_m=40,Wessex Investment Management Limited,wessexim.co.uk
https://financialadvisers.co.uk/financial-planning/salisbury/?pl_p=6&pl_m=40,Choice Financial Solutions Ltd,choicefinancialsolutions.com
https://financialadvisers.co.uk/financial-planning/salisbury/?pl_p=6&pl_m=40,The Choice IFA Network Limited,tcinet.co.uk
https://financialadvisers.co.uk/financial-planning/salisbury/?pl_p=6&pl_m=40,Lock and Key Mortgages Ltd,lockandkeymortgages.com.com
https://financialadvisers.co.uk/financial-planning/salisbury/?pl_p=6&pl_m=40,Choice Mortgage Solutions Limited,choicemortgagesolutions.com
https://financialadvisers.co.uk/financial-planning/salisbury/?pl_p=6&pl_m=40,Across the Market Mortgages Limited,atmmortgages.com
https://financialadvisers.co.uk/financial-planning/salisbury/?pl_p=6&pl_m=40,The Moneytree Corporation Limited,savvyfp.co.uk
https://financialadvisers.co.uk/financial-planning/salisbury/?pl_p=6&pl_m=40,Hanlon Kneller and Associates LLP,hanlonkneller.co.uk
https://financialadvisers.co.uk/financial-planning/salisbury/?pl_p=6&pl_m=40,Bottriell Adams LLP,bottrielladams.co.uk
https://financialadvisers.co.uk/financial-planning/salisbury/?pl_p=6&pl_m=40,Holberg Limited,holberg.co.uk
https://financialadvisers.co.uk/financial-planning/salisbury/?pl_p=6&pl_m=40,Richard Pearce Wealth Management Ltd,richardpearcewealthmanagement.co.uk
https://financialadvisers.co.uk/financial-planning/salisbury/?pl_p=6&pl_m=40,Bloomfield & Associates Limited,bloomfieldifa.com
https://financialadvisers.co.uk/financial-planning/salisbury/?pl_p=6&pl_m=40,Peter Harding Practice Ltd,peterhardingwm.co.uk
https://financialadvisers.co.uk/financial-planning/salisbury/?pl_p=7&pl_m=40,3-S Financial Management,3-sfinancial.com
https://financialadvisers.co.uk/financial-planning/salisbury/?pl_p=7&pl_m=40,Red 7 Financial Management Ltd,red7fm.com
https://financialadvisers.co.uk/financial-planning/salisbury/?pl_p=7&pl_m=40,Hugh Pearson-Gregory,pearsongregory.co.uk
https://financialadvisers.co.uk/financial-planning/salisbury/?pl_p=7&pl_m=40,Brown & Cane Financial Services Ltd,browncane.co.uk
https://financialadvisers.co.uk/financial-planning/salisbury/?pl_p=7&pl_m=40,Threshold Financial Services Limited,thresholdmortgages.com
https://financialadvisers.co.uk/financial-planning/salisbury/?pl_p=7&pl_m=40,Threshold Wealth Management Ltd,2plan.com
https://financialadvisers.co.uk/financial-planning/salisbury/?pl_p=7&pl_m=40,Brian Mark Chambers,
https://financialadvisers.co.uk/financial-planning/salisbury/?pl_p=7&pl_m=40,Barker and Company Financial Services Limited,barker-fs.co.uk
https://financialadvisers.co.uk/financial-planning/salisbury/?pl_p=7&pl_m=40,MIT Fiscal Ltd,mitfiscal.co.uk
https://financialadvisers.co.uk/financial-planning/salisbury/?pl_p=7&pl_m=40,Peter Philip Mundy,
https://financialadvisers.co.uk/financial-planning/salisbury/?pl_p=7&pl_m=40,Merdon Financial Limited,merdon.co.uk
https://financialadvisers.co.uk/financial-planning/salisbury/?pl_p=7&pl_m=40,Lansdowne Woodward Financial Services Limited,lansdowne-woodward.co.uk
https://financialadvisers.co.uk/financial-planning/salisbury/?pl_p=7&pl_m=40,JTM Financial Services Limited,jtmfs.com
https://financialadvisers.co.uk/financial-planning/salisbury/?pl_p=7&pl_m=40,Atkins Bland Limited,atkinsbland.co.uk
https://financialadvisers.co.uk/financial-planning/salisbury/?pl_p=7&pl_m=40,Wai Cheung,wmcinvestment.com
https://financialadvisers.co.uk/financial-planning/salisbury/?pl_p=8&pl_m=40,Ward Goodman Financial Services Ltd,wardgoodman.co.uk
https://financialadvisers.co.uk/financial-planning/salisbury/?pl_p=8&pl_m=40,Blanchards Bailey Financial Services Ltd,blanchardsbaileyfs.co.uk
https://financialadvisers.co.uk/financial-planning/salisbury/?pl_p=8&pl_m=40,HK Financial Advice Service Ltd,hkfas.co.uk
https://financialadvisers.co.uk/financial-planning/salisbury/?pl_p=8&pl_m=40,Kingston PTM Limited,kingston-solutions.com
https://financialadvisers.co.uk/financial-planning/salisbury/?pl_p=8&pl_m=40,4 Square Advice Limited,4sq.biz
https://financialadvisers.co.uk/financial-planning/salisbury/?pl_p=8&pl_m=40,Davidson Deem Limited,davidsondeem.co.uk
https://financialadvisers.co.uk/financial-planning/salisbury/?pl_p=8&pl_m=40,Clarke and Partners LLP,ifacp.co.uk
https://financialadvisers.co.uk/financial-planning/salisbury/?pl_p=8&pl_m=40,Abacus Financial Options Limited,abacusfinancialoptions.co.uk
https://financialadvisers.co.uk/financial-planning/salisbury/?pl_p=8&pl_m=40,James Fuller,jamesfuller.uk
https://financialadvisers.co.uk/financial-planning/salisbury/?pl_p=8&pl_m=40,Hampton Financial Services Ltd,hamptonfinancial.co.uk
https://financialadvisers.co.uk/financial-planning/salisbury/?pl_p=8&pl_m=40,Nicholson Bond Partnership Limited,nicholsonbond.co.uk
https://financialadvisers.co.uk/financial-planning/salisbury/?pl_p=8&pl_m=40,John Tavender Wealth Management Ltd,johntavender.co.uk
https://financialadvisers.co.uk/financial-planning/salisbury/?pl_p=8&pl_m=40,Alexander Southwell Mortgage Services Ltd,as-mortgages.co.uk
https://financialadvisers.co.uk/financial-planning/salisbury/?pl_p=8&pl_m=40,Butcher & Moody Financial Services Ltd,butchermoody.com
https://financialadvisers.co.uk/financial-planning/salisbury/?pl_p=8&pl_m=40,Winchester Investment Solutions Ltd,wisifa.co.uk
https://financialadvisers.co.uk/financial-planning/salisbury/?pl_p=9&pl_m=40,Ideal Financial Solutions Ltd,idealfinancialsolutions.co.uk
https://financialadvisers.co.uk/financial-planning/salisbury/?pl_p=9&pl_m=40,LAP Mortgage Management Ltd,lparmleymm.co.uk
https://financialadvisers.co.uk/financial-planning/salisbury/?pl_p=9&pl_m=40,Owl Private Office Holdings Limited,owlprivate.co.uk
https://financialadvisers.co.uk/financial-planning/salisbury/?pl_p=9&pl_m=40,Ethical Wealth Planning Ltd,
https://financialadvisers.co.uk/financial-planning/salisbury/?pl_p=9&pl_m=40,OCULUS WEALTH MANAGEMENT (EAST DORSET) LIMITED,
https://financialadvisers.co.uk/financial-planning/salisbury/?pl_p=9&pl_m=40,John Rolfe Financial Services Limited,jrfsl.co.uk
https://financialadvisers.co.uk/financial-planning/salisbury/?pl_p=9&pl_m=40,Grafton Wealth Management (UK) Limited,graftonwm.co.uk
https://financialadvisers.co.uk/financial-planning/salisbury/?pl_p=9&pl_m=40,Encompass Financial Management Ltd,encompassfm.co.uk
https://financialadvisers.co.uk/financial-planning/salisbury/?pl_p=9&pl_m=40,Edward Chappell Financial Services Ltd,edwardchappell.co.uk
https://financialadvisers.co.uk/financial-planning/salisbury/?pl_p=9&pl_m=40,Sierra Asset Management Limited,sierraam.co.uk
https://financialadvisers.co.uk/financial-planning/salisbury/?pl_p=9&pl_m=40,John Atkinson,
https://financialadvisers.co.uk/financial-planning/salisbury/?pl_p=9&pl_m=40,Povey Financial Planning Limited,mandgwealth.com/poveyfinancialplanning
https://financialadvisers.co.uk/financial-planning/salisbury/?pl_p=9&pl_m=40,Chestnut Mortgages Limited,chestnutmortgages.co.uk
https://financialadvisers.co.uk/financial-planning/salisbury/?pl_p=9&pl_m=40,Chase Buckingham Limited,chasebuckingham.com
https://financialadvisers.co.uk/financial-planning/salisbury/?pl_p=9&pl_m=40,Arian Consulting Ltd,christchurchfinancial.co.uk
https://financialadvisers.co.uk/financial-planning/salisbury/?pl_p=10&pl_m=40,Julian Escott Financial Services Ltd,
https://financialadvisers.co.uk/financial-planning/salisbury/?pl_p=10&pl_m=40,Umbrella Financial Services,umbrellafs.co.uk
https://financialadvisers.co.uk/financial-planning/salisbury/?pl_p=10&pl_m=40,Regis Bentley Limited,regisbentley.com
https://financialadvisers.co.uk/financial-planning/salisbury/?pl_p=10&pl_m=40,ABS Financial Planning Limited,absfinancial.co.uk
https://financialadvisers.co.uk/financial-planning/salisbury/?pl_p=10&pl_m=40,Ocaris Wealth Management Ltd,ocaris.co.uk
https://financialadvisers.co.uk/financial-planning/salisbury/?pl_p=10&pl_m=40,Sparks & Co Financial Services Limited,2plan.com
https://financialadvisers.co.uk/financial-planning/salisbury/?pl_p=10&pl_m=40,Lester Brunt Wealth Management Ltd,lesterbrunt.co.uk
https://financialadvisers.co.uk/financial-planning/salisbury/?pl_p=10&pl_m=40,BLP Wealth Management Ltd,mandgwealth.com/blpwealthmanagement
https://financialadvisers.co.uk/financial-planning/salisbury/?pl_p=10&pl_m=40,The Minster Partnership Ltd,tmplimited.co.uk
https://financialadvisers.co.uk/financial-planning/salisbury/?pl_p=10&pl_m=40,K M Financial Consultants (Wessex) Ltd,aol.com
https://financialadvisers.co.uk/financial-planning/salisbury/?pl_p=10&pl_m=40,Roger Carey,careyandcofinancialsolutions.co.uk
https://financialadvisers.co.uk/financial-planning/salisbury/?pl_p=10&pl_m=40,Morrison Financial Associates Limited,garymorrisonwm@co.uk
https://financialadvisers.co.uk/financial-planning/salisbury/?pl_p=10&pl_m=40,Andrew David Associates (Holdings) Limited,andrewdavid.co.uk
https://financialadvisers.co.uk/financial-planning/salisbury/?pl_p=10&pl_m=40,Insurance & Financial Services Ltd,minsterwealthmanagement.co.uk
https://financialadvisers.co.uk/financial-planning/salisbury/?pl_p=10&pl_m=40,John William Roberts Limited,openwork.uk.com
https://financialadvisers.co.uk/financial-planning/salisbury/?pl_p=11&pl_m=40,TMC Financial Consultancy LLP,tmcfc.co.uk
https://financialadvisers.co.uk/financial-planning/salisbury/?pl_p=11&pl_m=40,Waterhouse Wealth Management Ltd,partnership.sjp.co.uk/partner/waterhousewealthmanagement
https://financialadvisers.co.uk/financial-planning/salisbury/?pl_p=11&pl_m=40,Prosper Financial Solutions Ltd,prosperfinancialsolutions.com
https://financialadvisers.co.uk/financial-planning/salisbury/?pl_p=11&pl_m=40,2020 Financial LTD,2020financial.co.uk
https://financialadvisers.co.uk/financial-planning/salisbury/?pl_p=11&pl_m=40,Future Financial Wealth LLP,f-w-m.co.uk
https://financialadvisers.co.uk/financial-planning/salisbury/?pl_p=11&pl_m=40,Wells & Co Financial Planning LLP,wellsandcofinancialplanning.co.uk
https://financialadvisers.co.uk/financial-planning/salisbury/?pl_p=11&pl_m=40,Collingbourne Wealth Management Ltd,collingbourne.com
https://financialadvisers.co.uk/financial-planning/salisbury/?pl_p=11&pl_m=40,4 Shires Asset Management Ltd,4-shires.com
https://financialadvisers.co.uk/financial-planning/salisbury/?pl_p=11&pl_m=40,Westgate Wealth Management Limited,westgatewealth.co.uk
https://financialadvisers.co.uk/financial-planning/salisbury/?pl_p=11&pl_m=40,Tim Day,
https://financialadvisers.co.uk/financial-planning/salisbury/?pl_p=11&pl_m=40,Wealthwise Financial Services Ltd,wealthwisefinancialservices.com
https://financialadvisers.co.uk/financial-planning/salisbury/?pl_p=11&pl_m=40,TAB FINANCIAL PLANNING LIMITED,mandg.com
https://financialadvisers.co.uk/financial-planning/salisbury/?pl_p=11&pl_m=40,Stanbridge Wealth Limited,stanbridge-wealth.co.uk
https://financialadvisers.co.uk/financial-planning/salisbury/?pl_p=11&pl_m=40,CG Financial Planning Limited,mandgwealth.com/cgfinancialplanning
https://financialadvisers.co.uk/financial-planning/salisbury/?pl_p=11&pl_m=40,The Partnership (Southampton) Ltd,mwmlimited.com
https://financialadvisers.co.uk/financial-planning/salisbury/?pl_p=12&pl_m=40,TPC Financial Management Ltd,tpc-fm.co.uk
https://financialadvisers.co.uk/financial-planning/salisbury/?pl_p=12&pl_m=40,Taylored Advice Group Limited,tayloredgroup.co.uk
https://financialadvisers.co.uk/financial-planning/salisbury/?pl_p=12&pl_m=40,Christopher Jones Wealth Management Ltd,christopherjones.co.uk
https://financialadvisers.co.uk/financial-planning/salisbury/?pl_p=12&pl_m=40,AISA FINANCIAL PLANNING LIMITED,aisagroup.org
https://financialadvisers.co.uk/financial-planning/salisbury/?pl_p=12&pl_m=40,Abacus Independent Financial Services,
https://financialadvisers.co.uk/financial-planning/salisbury/?pl_p=12&pl_m=40,Oculus Wealth Management (North Dorset) Limited,
https://financialadvisers.co.uk/financial-planning/salisbury/?pl_p=12&pl_m=40,NGK Wealth Management LTD,mandgwealth.com/ngkwealthmanagement
https://financialadvisers.co.uk/financial-planning/salisbury/?pl_p=12&pl_m=40,Vicki Roscorla,vrfp.co.uk
https://financialadvisers.co.uk/financial-planning/salisbury/?pl_p=12&pl_m=40,Independent Professional Investments Limited,ipilimited.co.uk
https://financialadvisers.co.uk/financial-planning/salisbury/?pl_p=12&pl_m=40,Forest Financial Services Ltd,frpadvisory.com
https://financialadvisers.co.uk/financial-planning/salisbury/?pl_p=12&pl_m=40,P & P Invest Ltd,pandpinvest.com
https://financialadvisers.co.uk/financial-planning/salisbury/?pl_p=12&pl_m=40,Asset Management Financial Advisers Limited,assetmanagement.co.uk
https://financialadvisers.co.uk/financial-planning/salisbury/?pl_p=12&pl_m=40,Radcliffe & Company (Life & Pensions) Limited,radcliffe-ifa.co.uk
https://financialadvisers.co.uk/financial-planning/salisbury/?pl_p=12&pl_m=40,Orchard Wealth Limited,visionifp.co.uk
https://financialadvisers.co.uk/financial-planning/salisbury/?pl_p=12&pl_m=40,FOREST FINANCIAL PLANNING LIMITED,lcfs.co.uk
https://financialadvisers.co.uk/financial-planning/salisbury/?pl_p=13&pl_m=40,Kennet Financial Services LLP,kennetfinancialservices.co.uk
https://financialadvisers.co.uk/financial-planning/salisbury/?pl_p=13&pl_m=40,Bruce Ayling,partnership.sjp.co.uk/partner/bruceayling
https://financialadvisers.co.uk/financial-planning/salisbury/?pl_p=13&pl_m=40,Ferris & Culverwell Financial Services Ltd,ferrisandculverwell.co.uk
https://financialadvisers.co.uk/financial-planning/salisbury/?pl_p=13&pl_m=40,NorthStar Wealth Management Group Ltd,nswm.co.uk
https://financialadvisers.co.uk/financial-planning/salisbury/?pl_p=13&pl_m=40,Karl Wiltshire,wiltshirewm.co.uk
https://financialadvisers.co.uk/financial-planning/salisbury/?pl_p=13&pl_m=40,Devizes Financial Services Ltd,devizesfs.co.uk
https://financialadvisers.co.uk/financial-planning/salisbury/?pl_p=13&pl_m=40,MacIsaac Financial Planning Limited,mandgwealth.com/macisaacfinancialplanning
https://financialadvisers.co.uk/financial-planning/salisbury/?pl_p=13&pl_m=40,Hawthorn Financial Services (Wealth Management) Limited,hawthornfs.co.uk
https://financialadvisers.co.uk/financial-planning/salisbury/?pl_p=13&pl_m=40,Church Financial Services Limited,churchfinancialservices.co.uk
https://financialadvisers.co.uk/financial-planning/salisbury/?pl_p=13&pl_m=40,Dixon Financial Planning Ltd,dixonfinancial.co.uk
https://financialadvisers.co.uk/financial-planning/salisbury/?pl_p=13&pl_m=40,Rachel Howard Wealth Management,partnership.sjp.co.ukrachelhowardpartnerrachelhoward
https://financialadvisers.co.uk/financial-planning/salisbury/?pl_p=13&pl_m=40,Alchemy Financial Limited,alchemyfinancial.co.uk
https://financialadvisers.co.uk/financial-planning/salisbury/?pl_p=13&pl_m=40,WORTHY WEALTH MANAGEMENT LTD,
https://financialadvisers.co.uk/financial-planning/salisbury/?pl_p=13&pl_m=40,Financial Innovations,fin-innovations.com
https://financialadvisers.co.uk/financial-planning/salisbury/?pl_p=13&pl_m=40,Harney & Co Independent Financial Advisers,harneyifa.co.uk
https://financialadvisers.co.uk/financial-planning/salisbury/?pl_p=14&pl_m=40,Main Financial Solutions,mainfinancialsolutions.co.uk
https://financialadvisers.co.uk/financial-planning/salisbury/?pl_p=14&pl_m=40,Darwins IFA Limited,darwins.co.uk
https://financialadvisers.co.uk/financial-planning/salisbury/?pl_p=14&pl_m=40,Bligh Financial Management Ltd,
https://financialadvisers.co.uk/financial-planning/salisbury/?pl_p=14&pl_m=40,Alexander Wilkins,keyplanwealth.co.uk
https://financialadvisers.co.uk/financial-planning/salisbury/?pl_p=14&pl_m=40,John Morrison,jhmwm.com
https://financialadvisers.co.uk/financial-planning/salisbury/?pl_p=14&pl_m=40,Oyster Financial Planning Ltd,oysterfinancialplanning.co.uk
https://financialadvisers.co.uk/financial-planning/salisbury/?pl_p=14&pl_m=40,CRAIG CHAPMAN FINANCIAL PLANNING LTD,visionifp.co.uk
https://financialadvisers.co.uk/financial-planning/salisbury/?pl_p=14&pl_m=40,Elite Financial Planning Limited,elitefp.co.uk
https://financialadvisers.co.uk/financial-planning/salisbury/?pl_p=14&pl_m=40,Goodale Financial Partners Ltd,gfp-uk.com
https://financialadvisers.co.uk/financial-planning/salisbury/?pl_p=14&pl_m=40,Craig Breward,brewardfp.co.uk
https://financialadvisers.co.uk/financial-planning/salisbury/?pl_p=14&pl_m=40,Opal Financial Management Limited,opalfinancialmanagement.co.uk
https://financialadvisers.co.uk/financial-planning/salisbury/?pl_p=14&pl_m=40,Ebb and Flow Wealth Ltd,partnership.sjp.co.uk/partner/eddicottwm
https://financialadvisers.co.uk/financial-planning/salisbury/?pl_p=14&pl_m=40,Bradley Robert Muncie,bradleymunciewm.co.uk
https://financialadvisers.co.uk/financial-planning/salisbury/?pl_p=14&pl_m=40,Martin John Haines,dentalfinancialassociates.co.uk
https://financialadvisers.co.uk/financial-planning/salisbury/?pl_p=14&pl_m=40,SP VISION WEALTH LIMITED,
https://financialadvisers.co.uk/financial-planning/salisbury/?pl_p=15&pl_m=40,Clinton Kennard Associates Ltd,clintonkennard.co.uk
https://financialadvisers.co.uk/financial-planning/salisbury/?pl_p=15&pl_m=40,Yolo Wealth Management Ltd,yolowealth.co
https://financialadvisers.co.uk/financial-planning/salisbury/?pl_p=15&pl_m=40,Suitable Money Advice Ltd,
https://financialadvisers.co.uk/financial-planning/salisbury/?pl_p=15&pl_m=40,DREAM CASA MORTGAGE CONSULTANCY LTD,dreamcasamortgages.com
https://financialadvisers.co.uk/financial-planning/salisbury/?pl_p=15&pl_m=40,Willingale Wealth Management Limited,willingalewealthmanagement.co.uk
https://financialadvisers.co.uk/financial-planning/salisbury/?pl_p=15&pl_m=40,Andrew Vrettos Wealth Management Limited,andrewvrettos.co.uk
https://financialadvisers.co.uk/financial-planning/salisbury/?pl_p=15&pl_m=40,Andrew Will,andrewwillwm.co.uk
https://financialadvisers.co.uk/financial-planning/salisbury/?pl_p=15&pl_m=40,Bluechip Financial Limited,bluechip-financial.co.uk
https://financialadvisers.co.uk/financial-planning/salisbury/?pl_p=15&pl_m=40,Melanie Luter,melluter.co.uk
https://financialadvisers.co.uk/financial-planning/salisbury/?pl_p=15&pl_m=40,Derek Howard,
https://financialadvisers.co.uk/financial-planning/salisbury/?pl_p=15&pl_m=40,Grange Financial Planning Ltd,grange-ifa.co.uk
https://financialadvisers.co.uk/financial-planning/salisbury/?pl_p=15&pl_m=40,Peter Hillman,pjhifa.co.uk
https://financialadvisers.co.uk/financial-planning/salisbury/?pl_p=15&pl_m=40,Mr Matthew & Mrs Samantha Murphy,matthewmurphy.co.uk
https://financialadvisers.co.uk/financial-planning/salisbury/?pl_p=15&pl_m=40,Grove Wealth Management Limited,grovewealthmanagement.info
https://financialadvisers.co.uk/financial-planning/salisbury/?pl_p=15&pl_m=40,Mathieu Baudry,partnership.sjp.co.uk/partner/baudrywealthmanagement
https://financialadvisers.co.uk/financial-planning/salisbury/?pl_p=16&pl_m=40,Heritage Financial Limited,heritageinvestments.co.uk
https://financialadvisers.co.uk/financial-planning/salisbury/?pl_p=16&pl_m=40,Symes Wealth Management Limited,scottsymeswm.co.uk
https://financialadvisers.co.uk/financial-planning/salisbury/?pl_p=16&pl_m=40,Watson Wealth Consultancy Ltd,watsonwc.com
https://financialadvisers.co.uk/financial-planning/salisbury/?pl_p=16&pl_m=40,M G Norman & Co Ltd,mgnorman.co.uk
https://financialadvisers.co.uk/financial-planning/salisbury/?pl_p=16&pl_m=40,Headstart Financial Planning Limited,headstartfinancialplanning.co.uk
https://financialadvisers.co.uk/financial-planning/salisbury/?pl_p=16&pl_m=40,Ben Thorpe Financial Services Limited,otwm.co.uk
https://financialadvisers.co.uk/financial-planning/salisbury/?pl_p=16&pl_m=40,Advanced Mortgage Services Limited,amsltd.org
https://financialadvisers.co.uk/financial-planning/salisbury/?pl_p=16&pl_m=40,Light Cason Associates Limited,lightcason.co.uk
https://financialadvisers.co.uk/financial-planning/salisbury/?pl_p=16&pl_m=40,Horizon Wealth Management Limited,horizonwealth.co.uk
https://financialadvisers.co.uk/financial-planning/salisbury/?pl_p=16&pl_m=40,William Perkins,ifa.eu.com
https://financialadvisers.co.uk/financial-planning/salisbury/?pl_p=16&pl_m=40,Corporate Solutions (Poole) Limited,corporatesolutions-ifa.com
https://financialadvisers.co.uk/financial-planning/salisbury/?pl_p=16&pl_m=40,Lovegrove Financial Solutions Ltd,lovegrovefinancial.co.uk
https://financialadvisers.co.uk/financial-planning/salisbury/?pl_p=16&pl_m=40,Justyn Grant Ltd,justyngrantltd.co.uk
https://financialadvisers.co.uk/financial-planning/salisbury/?pl_p=16&pl_m=40,Smith Hobbs Wealth Management Limited,smithhobbswealth.co.uk
https://financialadvisers.co.uk/financial-planning/salisbury/?pl_p=16&pl_m=40,Adam James Wealth Management Ltd,adamjameswm.co.uk
https://financialadvisers.co.uk/financial-planning/salisbury/?pl_p=17&pl_m=40,Baker Davies Limited,bakerdavies.com
https://financialadvisers.co.uk/financial-planning/salisbury/?pl_p=17&pl_m=40,Rockstone Mortgage & Financial Advice Ltd,
https://financialadvisers.co.uk/financial-planning/salisbury/?pl_p=17&pl_m=40,GH Financial Solutions,ghfinancialsolutions.co.uk
https://financialadvisers.co.uk/financial-planning/salisbury/?pl_p=17&pl_m=40,John Fogg,partnership.sjp.co.uk/partner/johnfogg
https://financialadvisers.co.uk/financial-planning/salisbury/?pl_p=17&pl_m=40,Talbot Woods Wealth Management Ltd,
https://financialadvisers.co.uk/financial-planning/salisbury/?pl_p=17&pl_m=40,Blue Label Wealth Management Ltd,visionifp.co.uk
https://financialadvisers.co.uk/financial-planning/salisbury/?pl_p=17&pl_m=40,Fiscal Financial Planning Limited,
https://financialadvisers.co.uk/financial-planning/salisbury/?pl_p=17&pl_m=40,Ben James,benjameswealthmanagement.co.uk
https://financialadvisers.co.uk/financial-planning/salisbury/?pl_p=17&pl_m=40,MPA Financial Solutions Ltd,mpa-ifa.co.uk
https://financialadvisers.co.uk/financial-planning/salisbury/?pl_p=17&pl_m=40,James Lawton-Hurst,barringtonfinancial.co.uk
https://financialadvisers.co.uk/financial-planning/salisbury/?pl_p=17&pl_m=40,David Gunter,quintetfinancial.com
https://financialadvisers.co.uk/financial-planning/salisbury/?pl_p=17&pl_m=40,Straight Talk Financial Planning Ltd,straighttalkfinancial.co.uk
https://financialadvisers.co.uk/financial-planning/salisbury/?pl_p=17&pl_m=40,Nightingale Mortgage Consultants Ltd,nightingale-mc.com
https://financialadvisers.co.uk/financial-planning/salisbury/?pl_p=17&pl_m=40,My Financial Planner Limited,mfpwealthmanagement.co.uk
https://financialadvisers.co.uk/financial-planning/salisbury/?pl_p=17&pl_m=40,Jonathan Gibbons,jonathanjgibbons.co.uk
https://financialadvisers.co.uk/financial-planning/salisbury/?pl_p=18&pl_m=40,Dolphin Wealth Management Ltd,yahoo.co.uk
https://financialadvisers.co.uk/financial-planning/salisbury/?pl_p=18&pl_m=40,Burgess & Lee Limited,burgessandlee.co.uk
https://financialadvisers.co.uk/financial-planning/salisbury/?pl_p=18&pl_m=40,Alex Allum,
https://financialadvisers.co.uk/financial-planning/salisbury/?pl_p=18&pl_m=40,Walker Wealth Management Limited,walkerwm.co.uk
https://financialadvisers.co.uk/financial-planning/salisbury/?pl_p=18&pl_m=40,Sky Wealth Management Limited,skywealthmanagement.co.uk
https://financialadvisers.co.uk/financial-planning/salisbury/?pl_p=18&pl_m=40,Blue Sky Financial Planning Limited,blueskyfp.co.uk
https://financialadvisers.co.uk/financial-planning/salisbury/?pl_p=18&pl_m=40,P W Associates Wealth Management Ltd,pjwwealth.co.uk
https://financialadvisers.co.uk/financial-planning/salisbury/?pl_p=18&pl_m=40,Independence Assured Ltd,independenceassured.com
https://financialadvisers.co.uk/financial-planning/salisbury/?pl_p=18&pl_m=40,Andrew Hartop Financial Planning Ltd,ahfpl.co.uk
https://financialadvisers.co.uk/financial-planning/salisbury/?pl_p=18&pl_m=40,AMA Financial Solutions,amafs.co.uk
https://financialadvisers.co.uk/financial-planning/salisbury/?pl_p=18&pl_m=40,Avalon (Bournemouth) Ltd,richardstalley.com
https://financialadvisers.co.uk/financial-planning/salisbury/?pl_p=18&pl_m=40,Opulence Investment Management Limited,o-im.co.uk
https://financialadvisers.co.uk/financial-planning/salisbury/?pl_p=18&pl_m=40,Lionheart Wealth Management Limited,lionheartwealth.co.uk
https://financialadvisers.co.uk/financial-planning/salisbury/?pl_p=18&pl_m=40,Greenfields Financial Management Limited,greenfields.biz
https://financialadvisers.co.uk/financial-planning/salisbury/?pl_p=18&pl_m=40,F1rst Financial Services Ltd,firstfinancialservices.co.uk
https://financialadvisers.co.uk/financial-planning/salisbury/?pl_p=19&pl_m=40,Lakewood Financial Services Ltd,lakewoodfinancial.co.uk
https://financialadvisers.co.uk/financial-planning/salisbury/?pl_p=19&pl_m=40,Libertas Financial Planning Ltd,libertasfinancialplanning.co.uk
https://financialadvisers.co.uk/financial-planning/salisbury/?pl_p=19&pl_m=40,John Carrick Wealth Management LLP,sjpp.co.uk/johncarrick
https://financialadvisers.co.uk/financial-planning/salisbury/?pl_p=19&pl_m=40,Brampton Financial Management Ltd,bramptonfinancialmanagement.co.uk
https://financialadvisers.co.uk/financial-planning/salisbury/?pl_p=19&pl_m=40,Tor Financial Planning Ltd,torfinancial.co.uk
https://financialadvisers.co.uk/financial-planning/salisbury/?pl_p=19&pl_m=40,Upper Street Financial Planning Ltd,usfp.co.uk
https://financialadvisers.co.uk/financial-planning/salisbury/?pl_p=19&pl_m=40,St Barts Finance Limited,stbartsfinance.co.uk
https://financialadvisers.co.uk/financial-planning/salisbury/?pl_p=19&pl_m=40,John Milne,angloscottish.co.uk
https://financialadvisers.co.uk/financial-planning/salisbury/?pl_p=19&pl_m=40,Shield Partnership Ltd,
https://financialadvisers.co.uk/financial-planning/salisbury/?pl_p=19&pl_m=40,Perspective (South West) Limited,pfgl.co.uk/southwest
https://financialadvisers.co.uk/financial-planning/salisbury/?pl_p=19&pl_m=40,Primary Financial Solutions Ltd,primaryfs.co.uk
https://financialadvisers.co.uk/financial-planning/salisbury/?pl_p=19&pl_m=40,Forecast Financial Planning Limited,forecastfp.co.uk
https://financialadvisers.co.uk/financial-planning/salisbury/?pl_p=19&pl_m=40,Brown Dog Financial Planning Limited,browndogfp.co.uk
https://financialadvisers.co.uk/financial-planning/salisbury/?pl_p=19&pl_m=40,Colin Hookey Investment Consultants Ltd,colinhookey.co.uk
https://financialadvisers.co.uk/financial-planning/salisbury/?pl_p=19&pl_m=40,Liverpool Victoria Financial Advice Services Limited,lv.com
https://financialadvisers.co.uk/financial-planning/salisbury/?pl_p=20&pl_m=40,FTA Financial & Wealth Management Limited,meridian-financial.co.uk
https://financialadvisers.co.uk/financial-planning/salisbury/?pl_p=20&pl_m=40,Charlwood IFA Limited,charlwoodifa.com
https://financialadvisers.co.uk/financial-planning/salisbury/?pl_p=20&pl_m=40,Bowden Financial Management Ltd,bowdenfinancial.com
https://financialadvisers.co.uk/financial-planning/salisbury/?pl_p=20&pl_m=40,The Chatsworth Practice Ltd,cha-p.co.uk
https://financialadvisers.co.uk/financial-planning/salisbury/?pl_p=20&pl_m=40,Kevin Paddick,kingsforestwealth.co.uk
https://financialadvisers.co.uk/financial-planning/salisbury/?pl_p=20&pl_m=40,Strategic Solutions Financial Services,ssfs.co.uk
https://financialadvisers.co.uk/financial-planning/salisbury/?pl_p=20&pl_m=40,Golden Gate IFA Ltd,goldengateifa.co.uk
https://financialadvisers.co.uk/financial-planning/salisbury/?pl_p=20&pl_m=40,Rapprocher Ltd,rapprocher.com
https://financialadvisers.co.uk/financial-planning/salisbury/?pl_p=20&pl_m=40,Lifetime Connections Limited,lifetimeconnections.co.uk
https://financialadvisers.co.uk/financial-planning/salisbury/?pl_p=20&pl_m=40,Pensions Matter Limited,pensionsmatter.org.uk
https://financialadvisers.co.uk/financial-planning/salisbury/?pl_p=20&pl_m=40,Inspire Wealth Solutions Ltd,inspirews.co.uk
https://financialadvisers.co.uk/financial-planning/salisbury/?pl_p=20&pl_m=40,Payne Spencer Harris Financial Advisers Limited,
https://financialadvisers.co.uk/financial-planning/salisbury/?pl_p=20&pl_m=40,Evolution Financial Management Limited,evolutionfm.com
https://financialadvisers.co.uk/financial-planning/salisbury/?pl_p=20&pl_m=40,Matthew James Piggin,matthewpigginwm.co.uk
https://financialadvisers.co.uk/financial-planning/salisbury/?pl_p=20&pl_m=40,Jigsaw Financial Planning Limited,jigsaw-fp.co.uk
https://financialadvisers.co.uk/financial-planning/salisbury/?pl_p=21&pl_m=40,Andover Financial Planning Ltd,cranbournehouse.org
https://financialadvisers.co.uk/financial-planning/salisbury/?pl_p=21&pl_m=40,Blue Pebble Finance Limited,bluepebblemoney.co.uk
https://financialadvisers.co.uk/financial-planning/salisbury/?pl_p=21&pl_m=40,Nicholas Carter,nickcarterwm.co.uk
https://financialadvisers.co.uk/financial-planning/salisbury/?pl_p=21&pl_m=40,King's Court Financial Planning LLP,kcfp.co.uk
https://financialadvisers.co.uk/financial-planning/salisbury/?pl_p=21&pl_m=40,Montgomery Charles Financial Management Ltd,montgomerycharles.co.uk
https://financialadvisers.co.uk/financial-planning/salisbury/?pl_p=21&pl_m=40,Kingfisher Independent Financial Planning LLP,kingfisherifa.co.uk
https://financialadvisers.co.uk/financial-planning/salisbury/?pl_p=21&pl_m=40,FX Mortgages Limited,fxmortgages.co.uk
https://financialadvisers.co.uk/financial-planning/salisbury/?pl_p=21&pl_m=40,Lewis & Co (Investments & Pensions) Limited,lewisinvestment.co.uk
https://financialadvisers.co.uk/financial-planning/salisbury/?pl_p=21&pl_m=40,Life Matters Financial Planning Ltd,lifemattersfp.com
https://financialadvisers.co.uk/financial-planning/salisbury/?pl_p=21&pl_m=40,Ingenuity Financial Services Limited,ingenuityfinancialservices.co.uk
https://financialadvisers.co.uk/financial-planning/salisbury/?pl_p=21&pl_m=40,Meridian FS Limited,meridianfs.co.uk
https://financialadvisers.co.uk/financial-planning/salisbury/?pl_p=21&pl_m=40,CALPE FINANCIAL SOLUTIONS LIMITED,calpefs.co.uk
https://financialadvisers.co.uk/financial-planning/salisbury/?pl_p=21&pl_m=40,Nicholas Timothy Pink,openwork.uk.com
https://financialadvisers.co.uk/financial-planning/salisbury/?pl_p=21&pl_m=40,Black Label Wealth Management Ltd,
https://financialadvisers.co.uk/financial-planning/salisbury/?pl_p=21&pl_m=40,Stephen Hyde,hydewealthmanagement.co.uk
https://financialadvisers.co.uk/financial-planning/salisbury/?pl_p=22&pl_m=40,Ethical Market Place Limited,ethicalmarketplace.co.uk
https://financialadvisers.co.uk/financial-planning/salisbury/?pl_p=22&pl_m=40,Wisteria Wealth Limited,wisteriawealth.co.uk
https://financialadvisers.co.uk/financial-planning/salisbury/?pl_p=22&pl_m=40,Baggette & Company Wealth Management Limited,baggette.co.uk
https://financialadvisers.co.uk/financial-planning/salisbury/?pl_p=22&pl_m=40,Thomas Porter,thomasporterwm.co.uk
https://financialadvisers.co.uk/financial-planning/salisbury/?pl_p=22&pl_m=40,Woodside Financial Services Ltd,
https://financialadvisers.co.uk/financial-planning/salisbury/?pl_p=22&pl_m=40,Skybound Financial Planning Limited,skyboundfp.co.uk
https://financialadvisers.co.uk/financial-planning/salisbury/?pl_p=22&pl_m=40,J Lewis Financial Planning Ltd,2plan.com
https://financialadvisers.co.uk/financial-planning/salisbury/?pl_p=22&pl_m=40,IMI FP Ltd,imigroup.co.uk
https://financialadvisers.co.uk/financial-planning/salisbury/?pl_p=22&pl_m=40,DJ Financial Advice Ltd,djfa.co.uk
https://financialadvisers.co.uk/financial-planning/salisbury/?pl_p=22&pl_m=40,Christopher Newcombe,cdnlifesolutions.com.
https://financialadvisers.co.uk/financial-planning/salisbury/?pl_p=22&pl_m=40,CSM Financial Solutions Limited,csmfinancialsolutions.co.uk
https://financialadvisers.co.uk/financial-planning/salisbury/?pl_p=22&pl_m=40,M J KENDAL,
https://financialadvisers.co.uk/financial-planning/salisbury/?pl_p=22&pl_m=40,Doyle & Palmer Wealth Management Limited,rodneydoyle.2plan.com
https://financialadvisers.co.uk/financial-planning/salisbury/?pl_p=22&pl_m=40,Massey Independent Advisers Ltd,massey-ifa.co.uk
https://financialadvisers.co.uk/financial-planning/salisbury/?pl_p=22&pl_m=40,Vision Wealth Limited,visionifp.co.uk
https://financialadvisers.co.uk/financial-planning/salisbury/?pl_p=23&pl_m=40,Thomas Reynolds,thomasreynoldsfp.co.uk
https://financialadvisers.co.uk/financial-planning/salisbury/?pl_p=23&pl_m=40,Test Valley Financial Management Ltd,
https://financialadvisers.co.uk/financial-planning/salisbury/?pl_p=23&pl_m=40,Burgess Williams Financial Services Limited,burgesswilliams.co.uk
https://financialadvisers.co.uk/financial-planning/salisbury/?pl_p=23&pl_m=40,Eighteen Wealth Planning Limited,eighteenwealth.co.uk
https://financialadvisers.co.uk/financial-planning/salisbury/?pl_p=23&pl_m=40,PFM Associates Limited,pfmassociates.co.uk
https://financialadvisers.co.uk/financial-planning/salisbury/?pl_p=23&pl_m=40,Finitor Wealth Platform Ltd,finitorwealth.com
https://financialadvisers.co.uk/financial-planning/salisbury/?pl_p=23&pl_m=40,Nicholas Jowett,
https://financialadvisers.co.uk/financial-planning/salisbury/?pl_p=23&pl_m=40,Croudace Financial Services Ltd,samuelcroudacewm.co.uk
https://financialadvisers.co.uk/financial-planning/salisbury/?pl_p=23&pl_m=40,Whitlow Financial Planning Limited,stanfieldfp.co.uk
https://financialadvisers.co.uk/financial-planning/salisbury/?pl_p=23&pl_m=40,Better Financial Planning Ltd,betterfinancialplanning.co.uk
https://financialadvisers.co.uk/financial-planning/salisbury/?pl_p=23&pl_m=40,Sheila Tarr Limited,sheilatarr.co.uk
https://financialadvisers.co.uk/financial-planning/salisbury/?pl_p=23&pl_m=40,Solent Financial Services Ltd,solentfs.co.uk
https://financialadvisers.co.uk/financial-planning/salisbury/?pl_p=23&pl_m=40,RJP WEALTH PLANNING LTD,
https://financialadvisers.co.uk/financial-planning/salisbury/?pl_p=23&pl_m=40,Aqua Financial Limited,aquafinancial.co.uk
https://financialadvisers.co.uk/financial-planning/salisbury/?pl_p=23&pl_m=40,John Williams,sjpp.co.uk/johnwilliams
https://financialadvisers.co.uk/financial-planning/salisbury/?pl_p=24&pl_m=40,Harridge Financial Services Limited,hfsltd.net
https://financialadvisers.co.uk/financial-planning/salisbury/?pl_p=24&pl_m=40,Lloyd Vine Limited,lloydvine.co.uk
https://financialadvisers.co.uk/financial-planning/salisbury/?pl_p=24&pl_m=40,Sarah Quirk Associates ltd,sarahquirkassociates.co.uk
https://financialadvisers.co.uk/financial-planning/salisbury/?pl_p=24&pl_m=40,KLP Consultants Ltd,klpwealthmanagement.com
https://financialadvisers.co.uk/financial-planning/salisbury/?pl_p=24&pl_m=40,Lawrence Clarke Ltd,lawrenceclarke.co.uk
https://financialadvisers.co.uk/financial-planning/salisbury/?pl_p=24&pl_m=40,W Wealth Management Ltd,wwealth.co.uk
https://financialadvisers.co.uk/financial-planning/salisbury/?pl_p=24&pl_m=40,Integritas Financial Advisers Limited,integritasfa.co.uk
https://financialadvisers.co.uk/financial-planning/salisbury/?pl_p=24&pl_m=40,MWM Employee Benefits,mwmeb.co.uk
https://financialadvisers.co.uk/financial-planning/salisbury/?pl_p=24&pl_m=40,Richmonde Laine Wealth Management Ltd,richmondelaine.co.uk
https://financialadvisers.co.uk/financial-planning/salisbury/?pl_p=24&pl_m=40,Wiltshire Wealth Ltd,wiltshirewealth.com
https://financialadvisers.co.uk/financial-planning/salisbury/?pl_p=24&pl_m=40,Barrie Financial Services Ltd,barriereesifa.co.uk
https://financialadvisers.co.uk/financial-planning/salisbury/?pl_p=24&pl_m=40,Compass Personal Finance Ltd,compasspersonalfinance.com
https://financialadvisers.co.uk/financial-planning/salisbury/?pl_p=24&pl_m=40,Pegasus Independent Financial Advice Ltd,pegasusifa.co.uk
https://financialadvisers.co.uk/financial-planning/salisbury/?pl_p=24&pl_m=40,Apex CB Financial Planning Ltd,apexcb.com
https://financialadvisers.co.uk/financial-planning/salisbury/?pl_p=24&pl_m=40,John Cummings Wealth Management Ltd,johncummingswm.co.uk
https://financialadvisers.co.uk/financial-planning/salisbury/?pl_p=25&pl_m=40,Eight Wealth Management Limited,eightwealthmanagement.co.uk
https://financialadvisers.co.uk/financial-planning/salisbury/?pl_p=25&pl_m=40,Andrew Oliver Wealth Management Ltd,andrewoliverfinancial.co.uk
https://financialadvisers.co.uk/financial-planning/salisbury/?pl_p=25&pl_m=40,Brian Kin Pong Liu,
https://financialadvisers.co.uk/financial-planning/salisbury/?pl_p=25&pl_m=40,Christopher Ian London,partnership.sjp.co.uk/partner/christopherlondon
https://financialadvisers.co.uk/financial-planning/salisbury/?pl_p=25&pl_m=40,Tilikum Wealth Management Limited,tilikumwealth.co.uk
https://financialadvisers.co.uk/financial-planning/salisbury/?pl_p=25&pl_m=40,Chris Hills Financial Consultancy Ltd,chrishillsfc.co.uk
https://financialadvisers.co.uk/financial-planning/salisbury/?pl_p=25&pl_m=40,Hamwic Wealth Management Limited,hamwicwealth.co.uk
https://financialadvisers.co.uk/financial-planning/salisbury/?pl_p=25&pl_m=40,Nathan Cresdee,partnership.sjp.co.uk/partner/nathancresdee
https://financialadvisers.co.uk/financial-planning/salisbury/?pl_p=25&pl_m=40,Contractor Wealth Management Ltd,contractor-wealth.com
https://financialadvisers.co.uk/financial-planning/salisbury/?pl_p=25&pl_m=40,A.J. Buckley Asset Management Ltd,ajbwealth.co.uk
https://financialadvisers.co.uk/financial-planning/salisbury/?pl_p=25&pl_m=40,Bespoke Wealth Limited,bespokewealth.co.uk
https://financialadvisers.co.uk/financial-planning/salisbury/?pl_p=25&pl_m=40,GDT Wealth Management Limited,gdtwealthmanagement.co.uk
https://financialadvisers.co.uk/financial-planning/salisbury/?pl_p=25&pl_m=40,Saltus Financial Services Ltd,saltus.co.uk
https://financialadvisers.co.uk/financial-planning/salisbury/?pl_p=25&pl_m=40,Lorica Wellbeing Limited,
https://financialadvisers.co.uk/financial-planning/salisbury/?pl_p=25&pl_m=40,Saltus Financial Planning Limited,saltus.co.uk
https://financialadvisers.co.uk/financial-planning/salisbury/?pl_p=26&pl_m=40,The Saltus Partnership Limited,saltus.co.uk/partnership-programme
https://financialadvisers.co.uk/financial-planning/salisbury/?pl_p=26&pl_m=40,VJT Wealth Management Ltd,visionifp.co.uk
https://financialadvisers.co.uk/financial-planning/salisbury/?pl_p=26&pl_m=40,Integrity Pensions & Investments Ltd,integritypi.co.uk
https://financialadvisers.co.uk/financial-planning/salisbury/?pl_p=26&pl_m=40,David Phillips,dpfinplan.com
https://financialadvisers.co.uk/financial-planning/salisbury/?pl_p=26&pl_m=40,Cradle Overseas Pensions Ltd,cradleltd.co.uk
https://financialadvisers.co.uk/financial-planning/salisbury/?pl_p=26&pl_m=40,Firmitas Financial Services Ltd,firmitasfs.co.uk
https://financialadvisers.co.uk/financial-planning/salisbury/?pl_p=26&pl_m=40,Peter Marks,pmfp.co.uk
https://financialadvisers.co.uk/financial-planning/salisbury/?pl_p=26&pl_m=40,Andy Cole Financial Planning LTD,mandgwealth.com/andycolefinancialplanning
https://financialadvisers.co.uk/financial-planning/salisbury/?pl_p=26&pl_m=40,Berkley Square Private Clients Ltd,berkleysquarepc.co.uk
https://financialadvisers.co.uk/financial-planning/salisbury/?pl_p=26&pl_m=40,Professional Connection (South) Limited,professionalconnection.co.uk
https://financialadvisers.co.uk/financial-planning/salisbury/?pl_p=26&pl_m=40,Sheraton Financial Planning Ltd,sheratonfp.co.uk
https://financialadvisers.co.uk/financial-planning/salisbury/?pl_p=26&pl_m=40,Andrew Street Wealth Management Ltd,andrewstreetwm.co.uk
https://financialadvisers.co.uk/financial-planning/salisbury/?pl_p=26&pl_m=40,Perry Insurance Consultants Ltd,aol.com
https://financialadvisers.co.uk/financial-planning/salisbury/?pl_p=26&pl_m=40,Giles Harwood,partnership.sjp.co.ukpartnergilesharwood
https://financialadvisers.co.uk/financial-planning/salisbury/?pl_p=26&pl_m=40,Cepen Independent Financial Advice Limited,
https://financialadvisers.co.uk/financial-planning/salisbury/?pl_p=27&pl_m=40,Nicholas Corfield,impactfinancialplanning.co.uk
https://financialadvisers.co.uk/financial-planning/salisbury/?pl_p=27&pl_m=40,Magill & Company Limited,wealthmanager.co.uk
https://financialadvisers.co.uk/financial-planning/salisbury/?pl_p=27&pl_m=40,Glynn Fox,fox4fs.co.uk
https://financialadvisers.co.uk/financial-planning/salisbury/?pl_p=27&pl_m=40,Robert Edwin Keyte,
https://financialadvisers.co.uk/financial-planning/salisbury/?pl_p=27&pl_m=40,Anglebury Financial Associates LLP,advice4afa.co.uk
https://financialadvisers.co.uk/financial-planning/salisbury/?pl_p=27&pl_m=40,Oculus Wealth Management (FPG) Limited,oculuswealth.com
https://financialadvisers.co.uk/financial-planning/salisbury/?pl_p=27&pl_m=40,Redwood Financial Family Wealth and Estate Planners Ltd,redwoodfinancial.co.uk
https://financialadvisers.co.uk/financial-planning/salisbury/?pl_p=27&pl_m=40,Mander Duffill Financial Services Ltd,manderduffill.com
https://financialadvisers.co.uk/financial-planning/salisbury/?pl_p=27&pl_m=40,Mander Duffill Financial Advisers Ltd,manderduffill.com
https://financialadvisers.co.uk/financial-planning/salisbury/?pl_p=27&pl_m=40,Calon Wealth Management Ltd,mandgwealth.com/calonwealthmanagement
https://financialadvisers.co.uk/financial-planning/salisbury/?pl_p=27&pl_m=40,Home Group Financial Ltd,homegroupfinancial.co.uk
https://financialadvisers.co.uk/financial-planning/salisbury/?pl_p=27&pl_m=40,I F MACKINNON & COMPANY LLP,ifmackinnon.co.uk
https://financialadvisers.co.uk/financial-planning/salisbury/?pl_p=27&pl_m=40,The Financial Assets Management Consultancy Limited,clara.co.uk
https://financialadvisers.co.uk/financial-planning/salisbury/?pl_p=27&pl_m=40,Chilvester Limited,chilvester.co.uk
https://financialadvisers.co.uk/financial-planning/salisbury/?pl_p=27&pl_m=40,Beckley Financial Planning Ltd,antonbeckley.2plan.com
https://financialadvisers.co.uk/financial-planning/salisbury/?pl_p=28&pl_m=40,Hynes Davis Limited,hynesdavis.co.uk
https://financialadvisers.co.uk/financial-planning/salisbury/?pl_p=28&pl_m=40,David Winter Independent Financial Advisers Limited,davidwinterifa.co.uk
https://financialadvisers.co.uk/financial-planning/salisbury/?pl_p=28&pl_m=40,Chester Rose Financial Planning Limited,chesterrose.co.uk
https://financialadvisers.co.uk/financial-planning/salisbury/?pl_p=28&pl_m=40,Independent Financial Services 4 You Ltd,ifs4you.co.uk
https://financialadvisers.co.uk/financial-planning/salisbury/?pl_p=28&pl_m=40,Cross Border Financial Planning Limited,cbfp.co.uk
https://financialadvisers.co.uk/financial-planning/salisbury/?pl_p=28&pl_m=40,Mortgage Servicing Company Ltd,mortgageservicing.co.uk
https://financialadvisers.co.uk/financial-planning/salisbury/?pl_p=28&pl_m=40,LilleyCo Financial Services,lilleyco.com
https://financialadvisers.co.uk/financial-planning/salisbury/?pl_p=28&pl_m=40,Miller James Financial Planning Limited,millerjamesfinancialplanning.co.uk
https://financialadvisers.co.uk/financial-planning/salisbury/?pl_p=28&pl_m=40,Private & Commercial Lifetime Partners Limited,pcfs-ltd.co.uk
https://financialadvisers.co.uk/financial-planning/salisbury/?pl_p=28&pl_m=40,Chamberlain Berry LLP,
https://financialadvisers.co.uk/financial-planning/salisbury/?pl_p=28&pl_m=40,Baggerman Wealth Management Ltd,baggermanwm.co.uk
https://financialadvisers.co.uk/financial-planning/salisbury/?pl_p=28&pl_m=40,Marshwood Financial Services Ltd,marshwoodfs.co.uk
https://financialadvisers.co.uk/financial-planning/salisbury/?pl_p=28&pl_m=40,Universe Financial Advice Ltd,universefa.co.uk
https://financialadvisers.co.uk/financial-planning/salisbury/?pl_p=28&pl_m=40,"Barry Fleming and Partners (Tax, Trusts and Investments Planning) Limited",bafleming.co.uk
https://financialadvisers.co.uk/financial-planning/salisbury/?pl_p=28&pl_m=40,Oculus Wealth Management (Newbury) Limited,
https://financialadvisers.co.uk/financial-planning/salisbury/?pl_p=29&pl_m=40,Integrated Financial Solutions Ltd,integratedfs.co.uk
https://financialadvisers.co.uk/financial-planning/salisbury/?pl_p=29&pl_m=40,Mayne Solutions Limited,premfp.com
https://financialadvisers.co.uk/financial-planning/salisbury/?pl_p=29&pl_m=40,Abbotstone Financial Solutions LLP,abbotstonefs.co.uk
https://financialadvisers.co.uk/financial-planning/salisbury/?pl_p=29&pl_m=40,Kate Talbot Financial Planning Limited,katetalbotfp.com
https://financialadvisers.co.uk/financial-planning/salisbury/?pl_p=29&pl_m=40,Douglas Hope Financial Management,dhfm.co.uk
https://financialadvisers.co.uk/financial-planning/salisbury/?pl_p=29&pl_m=40,Unity Wealth Management Limited,unitywealthmanagement.co.uk
https://financialadvisers.co.uk/financial-planning/salisbury/?pl_p=29&pl_m=40,Hopwood Ash Limited,hopwoodash.com
https://financialadvisers.co.uk/financial-planning/salisbury/?pl_p=29&pl_m=40,Warner Goodman LLP,warnergoodman.co.uk
https://financialadvisers.co.uk/financial-planning/salisbury/?pl_p=29&pl_m=40,Temple Wealth Management Ltd,templewealth.co.uk
https://financialadvisers.co.uk/financial-planning/salisbury/?pl_p=29&pl_m=40,Protect And Invest Ltd,protect-invest.co.uk
https://financialadvisers.co.uk/financial-planning/salisbury/?pl_p=29&pl_m=40,G & J Harms Ltd,thegrahamharmspractice.co.uk
https://financialadvisers.co.uk/financial-planning/salisbury/?pl_p=29&pl_m=40,MICL Limited,mboro.co.uk
https://financialadvisers.co.uk/financial-planning/salisbury/?pl_p=29&pl_m=40,Nicholas Higgs,nickhiggsfp.co.uk
https://financialadvisers.co.uk/financial-planning/salisbury/?pl_p=29&pl_m=40,Creative Lifestyle Planning Ltd,creativelp.co.uk
https://financialadvisers.co.uk/financial-planning/salisbury/?pl_p=29&pl_m=40,Hames Associates Wealth Management,hamesassociates.co.uk
https://financialadvisers.co.uk/financial-planning/salisbury/?pl_p=30&pl_m=40,Jensen Wealth Management Limited,jensenwealth.co.uk
https://financialadvisers.co.uk/financial-planning/salisbury/?pl_p=30&pl_m=40,Simon Tang Wealth Management,simontangwealth.co.uk
https://financialadvisers.co.uk/financial-planning/salisbury/?pl_p=30&pl_m=40,Moyes Wealth Management Limited,partnership.sjp.co.uk/partner/moyeswealthmanagement
https://financialadvisers.co.uk/financial-planning/salisbury/?pl_p=30&pl_m=40,Griffins Financial Solutions Limited,griffinsfinancial.co.uk
https://financialadvisers.co.uk/financial-planning/salisbury/?pl_p=30&pl_m=40,Ironbark Wealth Management Limited,ironbarkwm.co.uk
https://financialadvisers.co.uk/financial-planning/salisbury/?pl_p=30&pl_m=40,Maspero Associates Wealth Management Limited,masperoassociates.co.uk/
https://financialadvisers.co.uk/financial-planning/salisbury/?pl_p=30&pl_m=40,Tim Lowe,timloweassociates.co.uk
https://financialadvisers.co.uk/financial-planning/salisbury/?pl_p=30&pl_m=40,Rebecca Kingwell,rebeccakingwell.co.uk
https://financialadvisers.co.uk/financial-planning/salisbury/?pl_p=30&pl_m=40,Max Hemmings,
https://financialadvisers.co.uk/financial-planning/salisbury/?pl_p=30&pl_m=40,Mario La Torre,latorrewealthmanagement.co.uk
https://financialadvisers.co.uk/financial-planning/salisbury/?pl_p=30&pl_m=40,Chune Sang,partnership.sjp.co.uk/partner/chunesang
https://financialadvisers.co.uk/financial-planning/salisbury/?pl_p=30&pl_m=40,Paul Davey,partnership.sjp.co.uk/partner/pauldavey
https://financialadvisers.co.uk/financial-planning/salisbury/?pl_p=30&pl_m=40,Deep Blue Financial Limited,deepbluefinancial.com
https://financialadvisers.co.uk/financial-planning/salisbury/?pl_p=30&pl_m=40,Catalyst Financial Consulting LLP,catalystfinancialconsulting.co.uk
https://financialadvisers.co.uk/financial-planning/salisbury/?pl_p=30&pl_m=40,G&C Financial Services Limited,gandcfinancial.co.uk
https://financialadvisers.co.uk/financial-planning/salisbury/?pl_p=31&pl_m=40,Chewton Wealth Management Limited,chewtonwealth.co.uk
https://financialadvisers.co.uk/financial-planning/salisbury/?pl_p=31&pl_m=40,Garwood Wealth Management Limited,garwoodwealthmanagement.co.uk
https://financialadvisers.co.uk/financial-planning/salisbury/?pl_p=31&pl_m=40,Hughes Carne Independent Financial Advisers Ltd,hughescarne.co.uk
https://financialadvisers.co.uk/financial-planning/salisbury/?pl_p=31&pl_m=40,In Focus Asset Management & Tax Solutions Limited,infocusifa.com
https://financialadvisers.co.uk/financial-planning/salisbury/?pl_p=31&pl_m=40,Certus Financial Planning Limited,certus-fp.com
https://financialadvisers.co.uk/financial-planning/salisbury/?pl_p=31&pl_m=40,JMS Wealth Management Ltd,jmswealthmanagement.co.uk
https://financialadvisers.co.uk/financial-planning/salisbury/?pl_p=31&pl_m=40,Ridgeway Financial Services Ltd,
https://financialadvisers.co.uk/financial-planning/salisbury/?pl_p=31&pl_m=40,Hartsfield Financial Services Limited,hartsfield.co.uk
https://financialadvisers.co.uk/financial-planning/salisbury/?pl_p=31&pl_m=40,Newman Cozens Ltd,newcoz.co.uk
https://financialadvisers.co.uk/financial-planning/salisbury/?pl_p=31&pl_m=40,CBFP UK Ltd,cbfp.co.uk
https://financialadvisers.co.uk/financial-planning/salisbury/?pl_p=31&pl_m=40,Lewington Wealth Management Limited,lewingtonwealth.co.uk
https://financialadvisers.co.uk/financial-planning/salisbury/?pl_p=31&pl_m=40,ONE FINANCIAL ADVISER LTD,onefinancialadviser.com
https://financialadvisers.co.uk/financial-planning/salisbury/?pl_p=31&pl_m=40,Fresh Perspective Financial Planning Ltd,fp-fp.co.uk
https://financialadvisers.co.uk/financial-planning/salisbury/?pl_p=31&pl_m=40,William Dixon & Associates Ltd,wdanda.com
https://financialadvisers.co.uk/financial-planning/salisbury/?pl_p=31&pl_m=40,Bourlet Financial Planning Limited,bourletconsulting.com
https://financialadvisers.co.uk/financial-planning/salisbury/?pl_p=32&pl_m=40,Hoadley Financial Planning Ltd,hoadley-financial.co.uk
https://financialadvisers.co.uk/financial-planning/salisbury/?pl_p=32&pl_m=40,Dave Southby Financial Planning Ltd,southbyfinancialplanning.co.uk
https://financialadvisers.co.uk/financial-planning/salisbury/?pl_p=32&pl_m=40,SDO Wealth Management Ltd,
https://financialadvisers.co.uk/financial-planning/salisbury/?pl_p=32&pl_m=40,Lane Financial Management Limited,lane.fm
https://financialadvisers.co.uk/financial-planning/salisbury/?pl_p=32&pl_m=40,Greenspace Sustainable Financial Planning Ltd,greenspacesfp.com
https://financialadvisers.co.uk/financial-planning/salisbury/?pl_p=32&pl_m=40,Pro-Sport 1 Limited,pro-sport1.co.uk
https://financialadvisers.co.uk/financial-planning/salisbury/?pl_p=32&pl_m=40,Blyth Wealth Management Limited,blythwealth.co.uk
https://financialadvisers.co.uk/financial-planning/salisbury/?pl_p=32&pl_m=40,Heritage Financial Consultancy Limited,heritagefc.co.uk
https://financialadvisers.co.uk/financial-planning/salisbury/?pl_p=32&pl_m=40,Inspirational Financial Planning Ltd,inspirationalfp.co.uk
https://financialadvisers.co.uk/financial-planning/salisbury/?pl_p=32&pl_m=40,Howard Wealth Management Limited,howardwealth.com
https://financialadvisers.co.uk/financial-planning/salisbury/?pl_p=32&pl_m=40,Cooper Maverick LLP,coopermaverickllp.com
https://financialadvisers.co.uk/financial-planning/salisbury/?pl_p=32&pl_m=40,Robert Sunderland,partnership.sjp.co.uk/partner/robsunderland
https://financialadvisers.co.uk/financial-planning/salisbury/?pl_p=32&pl_m=40,Church House Investments Limited,ch-investments.co.uk
https://financialadvisers.co.uk/financial-planning/salisbury/?pl_p=32&pl_m=40,DJS Wealth Adviser LLP,djswealthadviser.co.uk
https://financialadvisers.co.uk/financial-planning/salisbury/?pl_p=32&pl_m=40,Knee Financial Planning Ltd,kneefinancialplanning.co.uk
https://financialadvisers.co.uk/financial-planning/salisbury/?pl_p=33&pl_m=40,LTC Solutions Ltd,ltcsolutionsltd.co.uk
https://financialadvisers.co.uk/financial-planning/salisbury/?pl_p=33&pl_m=40,Jerime Attah FP Ltd,jerimeattah.co.uk
https://financialadvisers.co.uk/financial-planning/salisbury/?pl_p=33&pl_m=40,Bath & West Wealth Management Ltd,bathandwestwealth.co.uk
https://financialadvisers.co.uk/financial-planning/salisbury/?pl_p=33&pl_m=40,Meraki Financial Planning Limited,
https://financialadvisers.co.uk/financial-planning/salisbury/?pl_p=33&pl_m=40,Jack Simpson,
https://financialadvisers.co.uk/financial-planning/salisbury/?pl_p=33&pl_m=40,Withers Parke Limited,partnership.sjp.co.uk/partner/andywithers
https://financialadvisers.co.uk/financial-planning/salisbury/?pl_p=33&pl_m=40,Inspire Financial Planning Limited,inspirefp.co.uk
https://financialadvisers.co.uk/financial-planning/salisbury/?pl_p=33&pl_m=40,Julian Sunley,sunleyfinancial.co.uk
https://financialadvisers.co.uk/financial-planning/salisbury/?pl_p=33&pl_m=40,P3 Mortgage Group Ltd,p3mortgagegroup.co.uk
https://financialadvisers.co.uk/financial-planning/salisbury/?pl_p=33&pl_m=40,Lainston Wealth Management Limited,lainstonwm.co.uk
https://financialadvisers.co.uk/financial-planning/salisbury/?pl_p=33&pl_m=40,Ian St John Hendry,professional-partners.co.uk
https://financialadvisers.co.uk/financial-planning/salisbury/?pl_p=33&pl_m=40,Reed Financial Ltd,reedfinancial.co.uk
https://financialadvisers.co.uk/financial-planning/salisbury/?pl_p=33&pl_m=40,Graeme Beattie & Carolyn Beattie,graemebeattie.co.uk
https://financialadvisers.co.uk/financial-planning/salisbury/?pl_p=33&pl_m=40,McKenzie Wealth Management Ltd,mckenziewealthmanagement.co.uk
https://financialadvisers.co.uk/financial-planning/salisbury/?pl_p=33&pl_m=40,Coe Capital Wealth Management Limited,coecapital.co.uk
https://financialadvisers.co.uk/financial-planning/salisbury/?pl_p=34&pl_m=40,Fidelius Ltd,fidelius.co.uk
https://financialadvisers.co.uk/financial-planning/salisbury/?pl_p=34&pl_m=40,Zen Wealth LLP,zen-wealth.com
https://financialadvisers.co.uk/financial-planning/salisbury/?pl_p=34&pl_m=40,Centaur Financial Services Limited,btconnect.com
https://financialadvisers.co.uk/financial-planning/salisbury/?pl_p=34&pl_m=40,Graceley Wealth Ltd,gwadvice.co.uk
https://financialadvisers.co.uk/financial-planning/salisbury/?pl_p=34&pl_m=40,Accrue Investment Management Ltd,accrueinvest.co.uk
https://financialadvisers.co.uk/financial-planning/salisbury/?pl_p=34&pl_m=40,C J Hannan Ltd,cjhannan.biz
https://financialadvisers.co.uk/financial-planning/salisbury/?pl_p=34&pl_m=40,Mark Glenn Saunders,simplewealthsolutions.co.uk
https://financialadvisers.co.uk/financial-planning/salisbury/?pl_p=34&pl_m=40,Matheson Charles Limited,mathesoncharles.com
https://financialadvisers.co.uk/financial-planning/salisbury/?pl_p=34&pl_m=40,Watson Financial Limited,watsonfinancial.co.uk
https://financialadvisers.co.uk/financial-planning/salisbury/?pl_p=34&pl_m=40,Belgrave Asset Management Limited,belgraveifa.co.uk
https://financialadvisers.co.uk/financial-planning/salisbury/?pl_p=34&pl_m=40,City Financial Planning Ltd,cityfinancialplanning.co.uk
https://financialadvisers.co.uk/financial-planning/salisbury/?pl_p=34&pl_m=40,Bath Mortgages Online Limited,bathmortgagesonline.com
https://financialadvisers.co.uk/financial-planning/salisbury/?pl_p=34&pl_m=40,Owen and Associates,owenandassociates.co.uk
https://financialadvisers.co.uk/financial-planning/salisbury/?pl_p=34&pl_m=40,Morgans Ltd,mfgl.com
https://financialadvisers.co.uk/financial-planning/salisbury/?pl_p=34&pl_m=40,Combined Financial Strategies Ltd,cfsorg.com
https://financialadvisers.co.uk/financial-planning/salisbury/?pl_p=35&pl_m=40,Advance Investments Limited,advanceinvestments.com
https://financialadvisers.co.uk/financial-planning/salisbury/?pl_p=35&pl_m=40,Oculus Wealth Management (Bradford on Avon) Limited,oculuswealth.co.uk
https://financialadvisers.co.uk/financial-planning/salisbury/?pl_p=35&pl_m=40,Barlow & Bartlett Wealth Management,barlowandbartlettwealthmanagement.co.uk
https://financialadvisers.co.uk/financial-planning/salisbury/?pl_p=35&pl_m=40,Simon Hannam Ltd,trustedfs.co.uk
https://financialadvisers.co.uk/financial-planning/salisbury/?pl_p=35&pl_m=40,Carter Moore Financial Advice and Wealth Management Ltd,cartermoore.co.uk
https://financialadvisers.co.uk/financial-planning/salisbury/?pl_p=35&pl_m=40,Apollo Financial Planning Ltd,
https://financialadvisers.co.uk/financial-planning/salisbury/?pl_p=35&pl_m=40,Bailey Cook Financial Planning Ltd,baileycookfp.co.uk
https://financialadvisers.co.uk/financial-planning/salisbury/?pl_p=35&pl_m=40,Sage Advice Limited,
https://financialadvisers.co.uk/financial-planning/salisbury/?pl_p=35&pl_m=40,Three Wealth Management,threewealthmanagement.co.uk
https://financialadvisers.co.uk/financial-planning/salisbury/?pl_p=35&pl_m=40,John Bulson,sccfinancial.co.uk
https://financialadvisers.co.uk/financial-planning/salisbury/?pl_p=35&pl_m=40,Future Balance Finance Ltd,futurebalance.co.uk
https://financialadvisers.co.uk/financial-planning/salisbury/?pl_p=35&pl_m=40,Sulis Wealth Limited,suliswealth.co.uk/
https://financialadvisers.co.uk/financial-planning/salisbury/?pl_p=35&pl_m=40,Synthesis Wealth Management Ltd,synthesis-wealth.co.uk
https://financialadvisers.co.uk/financial-planning/salisbury/?pl_p=35&pl_m=40,Easy Financial South West Ltd,easyfinancialservices.co.uk
https://financialadvisers.co.uk/financial-planning/salisbury/?pl_p=35&pl_m=40,Fort Financial Planning Ltd,ffp.org.uk
https://financialadvisers.co.uk/financial-planning/salisbury/?pl_p=36&pl_m=40,Christopher Brooker,arbrookwealthmanagement.co.uk
https://financialadvisers.co.uk/financial-planning/salisbury/?pl_p=36&pl_m=40,Timothy Boyle,
https://financialadvisers.co.uk/financial-planning/salisbury/?pl_p=36&pl_m=40,ZC Financial Planning,partnership.sjp.co.uk/partner/zaccambourne
https://financialadvisers.co.uk/financial-planning/salisbury/?pl_p=36&pl_m=40,Cooper Knowles Limited,
https://financialadvisers.co.uk/financial-planning/salisbury/?pl_p=36&pl_m=40,De Mellow & Co Ltd,demellowandco.com
https://financialadvisers.co.uk/financial-planning/salisbury/?pl_p=36&pl_m=40,Atticus Financial Planning Ltd,atticusfp.co.uká
https://financialadvisers.co.uk/financial-planning/salisbury/?pl_p=36&pl_m=40,Openwork Limited,theopenworkpartnership.com
https://financialadvisers.co.uk/financial-planning/salisbury/?pl_p=36&pl_m=40,Openwork Access Limited,
https://financialadvisers.co.uk/financial-planning/salisbury/?pl_p=36&pl_m=40,Oculus Wealth Management (Marlborough) Limited,oculuswealth.co.uk
https://financialadvisers.co.uk/financial-planning/salisbury/?pl_p=36&pl_m=40,Swindon Property Group Limited,swindonpropertygroup.com
https://financialadvisers.co.uk/financial-planning/salisbury/?pl_p=36&pl_m=40,Swindon Financial Services Limited,swindonfinancialservices.com
https://financialadvisers.co.uk/financial-planning/salisbury/?pl_p=36&pl_m=40,Oliver Financial Planning Ltd,
https://financialadvisers.co.uk/financial-planning/salisbury/?pl_p=36&pl_m=40,Unividual Limited,unividual.co.uk
https://financialadvisers.co.uk/financial-planning/salisbury/?pl_p=36&pl_m=40,Waterhouse Financial Advisers Ltd,waterhousefa.co.uk
https://financialadvisers.co.uk/financial-planning/salisbury/?pl_p=36&pl_m=40,PG Owen Limited,pgtax.co.uk
https://financialadvisers.co.uk/financial-planning/salisbury/?pl_p=37&pl_m=40,Assured Wealth Management Limited,
https://financialadvisers.co.uk/financial-planning/salisbury/?pl_p=37&pl_m=40,Butler Toll Ltd,butlertoll.co.uk
https://financialadvisers.co.uk/financial-planning/salisbury/?pl_p=37&pl_m=40,Mike Coram Associates,coramfinancial.com
https://financialadvisers.co.uk/financial-planning/salisbury/?pl_p=37&pl_m=40,Ian Gray & Associates Ltd,grayandassociates.co.uk
https://financialadvisers.co.uk/financial-planning/salisbury/?pl_p=37&pl_m=40,Mather & Murray Financial Ltd,matherandmurray.co.uk
https://financialadvisers.co.uk/financial-planning/salisbury/?pl_p=37&pl_m=40,Accord International Planning Ltd,accordinternationalplanning.com
https://financialadvisers.co.uk/financial-planning/salisbury/?pl_p=37&pl_m=40,Bellamy Wealth Management Limited,bellamywealthmanagement.co.uk
https://financialadvisers.co.uk/financial-planning/salisbury/?pl_p=37&pl_m=40,Paul Prictor,phoenixifa.co.uk
https://financialadvisers.co.uk/financial-planning/salisbury/?pl_p=37&pl_m=40,Douglas and Young Ltd,douglasandyoung.co.uk
https://financialadvisers.co.uk/financial-planning/salisbury/?pl_p=37&pl_m=40,Ewen Harris Wealth Management Limited,ewenharris.co.uk
https://financialadvisers.co.uk/financial-planning/salisbury/?pl_p=37&pl_m=40,Keith Montgomery Associates Limited,montgomeryassociates.co.uk
https://financialadvisers.co.uk/financial-planning/salisbury/?pl_p=37&pl_m=40,LEE FORD IFA LIMITED,visionifp.co.uk
https://financialadvisers.co.uk/financial-planning/salisbury/?pl_p=37&pl_m=40,Hawkeye Financial Ltd,hawkeyefinancial.co.uk
https://financialadvisers.co.uk/financial-planning/salisbury/?pl_p=37&pl_m=40,Bright Brown Wealth Management Ltd,brightbrown.com
https://financialadvisers.co.uk/financial-planning/salisbury/?pl_p=37&pl_m=40,Rouse Limited,rouseltd.co.uk
https://financialadvisers.co.uk/financial-planning/salisbury/?pl_p=38&pl_m=40,HEXAGON FINANCIAL SERVICES LTD,hexagonfs.co.uk
https://financialadvisers.co.uk/financial-planning/salisbury/?pl_p=38&pl_m=40,Somerset WM Limited,somersetwm.co.uk
https://financialadvisers.co.uk/financial-planning/salisbury/?pl_p=38&pl_m=40,Heritage Financial Services (IW) Limited,heritage-financial.co.uk
https://financialadvisers.co.uk/financial-planning/salisbury/?pl_p=38&pl_m=40,Rosemount Wealth Management IFA,
https://financialadvisers.co.uk/financial-planning/salisbury/?pl_p=38&pl_m=40,Rosemount Financial Solutions Ltd,rosemountfs.co.uk
https://financialadvisers.co.uk/financial-planning/salisbury/?pl_p=38&pl_m=40,Rosemount Financial Solutions (IFA) Limited,rosemountfs-ifa.co.uk
https://financialadvisers.co.uk/financial-planning/salisbury/?pl_p=38&pl_m=40,Future Planning Wealth Management Ltd,futureplanningwm.co.uk
https://financialadvisers.co.uk/financial-planning/salisbury/?pl_p=38&pl_m=40,Harmoney Financial Limited,harmoneyfinancialpartners.co.uk
https://financialadvisers.co.uk/financial-planning/salisbury/?pl_p=38&pl_m=40,Integrity Financial Planning Limited,integrityfp.co.uk
https://financialadvisers.co.uk/financial-planning/salisbury/?pl_p=38&pl_m=40,Sirius Money Management Ltd,siriusmoney.co.uk
https://financialadvisers.co.uk/financial-planning/salisbury/?pl_p=38&pl_m=40,Precision Financial Consulting Ltd,precisionfc.co.uk
https://financialadvisers.co.uk/financial-planning/salisbury/?pl_p=38&pl_m=40,Echo Financial Management Ltd,echo-financial.co.uk
https://financialadvisers.co.uk/financial-planning/salisbury/?pl_p=38&pl_m=40,Prosperity Financial Services Ltd,prosperityfs.co.uk
https://financialadvisers.co.uk/financial-planning/salisbury/?pl_p=38&pl_m=40,Ripley Jonathan Oyler,
https://financialadvisers.co.uk/financial-planning/salisbury/?pl_p=38&pl_m=40,Warwick Road Financial Services Ltd,warwickroad.co.uk
https://financialadvisers.co.uk/financial-planning/salisbury/?pl_p=39&pl_m=40,Jim McGarvie Wealth Management LLP,partnership.sjp.co.uk/partner/jimmcgarvie
https://financialadvisers.co.uk/financial-planning/salisbury/?pl_p=39&pl_m=40,Statehouse Private Wealth Limited,statehousefinancial.co.uk
https://financialadvisers.co.uk/financial-planning/salisbury/?pl_p=39&pl_m=40,Statehouse Financial Management Limited,statehousefinancial.uk
https://financialadvisers.co.uk/financial-planning/salisbury/?pl_p=39&pl_m=40,Marta Semenowicz,mandg.com
https://financialadvisers.co.uk/financial-planning/salisbury/?pl_p=39&pl_m=40,Willow Brook Mortgages Limited,willowbrookmortgages.co.uk
https://financialadvisers.co.uk/financial-planning/salisbury/?pl_p=39&pl_m=40,Montgomery Estate Planning Limited,montgomeryep.co.uk
https://financialadvisers.co.uk/financial-planning/salisbury/?pl_p=39&pl_m=40,Echo Financial Planning LLP,echofp.com
https://financialadvisers.co.uk/financial-planning/salisbury/?pl_p=39&pl_m=40,Fortem Financial Management Limited,fortemfm.co.uk
https://financialadvisers.co.uk/financial-planning/salisbury/?pl_p=39&pl_m=40,Acumen Financial Consultants LLP,acumenllp.co.uk
https://financialadvisers.co.uk/financial-planning/salisbury/?pl_p=39&pl_m=40,Harrison Black Investment Services Limited,harrisonblack.co.uk
https://financialadvisers.co.uk/financial-planning/salisbury/?pl_p=39&pl_m=40,Mortgage Horizons Ltd,pearsonia.co.uk
https://financialadvisers.co.uk/financial-planning/salisbury/?pl_p=39&pl_m=40,Richard Hall,
https://financialadvisers.co.uk/financial-planning/salisbury/?pl_p=39&pl_m=40,Dermot Brannigan,dpbifa.co.uk
https://financialadvisers.co.uk/financial-planning/salisbury/?pl_p=39&pl_m=40,Your Future Your Money Limited,yfym.co.uk
https://financialadvisers.co.uk/financial-planning/salisbury/?pl_p=39&pl_m=40,Everest Mortgages and Wealth Management Ltd,emwm.co.uk
https://financialadvisers.co.uk/financial-planning/salisbury/?pl_p=40&pl_m=40,TC Financial Planning Limited,
https://financialadvisers.co.uk/financial-planning/salisbury/?pl_p=40&pl_m=40,TC Group Financial Planning LLP,tc-group.com
https://financialadvisers.co.uk/financial-planning/salisbury/?pl_p=40&pl_m=40,Achieve Wealth Management (Wiltshire) Ltd,awmw.co.uk
https://financialadvisers.co.uk/financial-planning/salisbury/?pl_p=40&pl_m=40,Vision Financial Strategies Ltd,visionfs.co.uk
https://financialadvisers.co.uk/financial-planning/salisbury/?pl_p=40&pl_m=40,Compass Financial Planning Limited,financialcompass.co.uk
https://financialadvisers.co.uk/financial-planning/salisbury/?pl_p=40&pl_m=40,Argentis Wealth Management Ltd,argentis.co.uk
https://financialadvisers.co.uk/financial-planning/salisbury/?pl_p=40&pl_m=40,Active Financial Partners Limited,activefinancialpartners.co.uk
https://financialadvisers.co.uk/financial-planning/salisbury/?pl_p=40&pl_m=40,Vantreo Wealth Management Ltd,vantreo.co.uk
https://financialadvisers.co.uk/financial-planning/salisbury/?pl_p=40&pl_m=40,JWR Wealth Associates Ltd,southernwealth.co.uk
https://financialadvisers.co.uk/financial-planning/salisbury/?pl_p=40&pl_m=40,Ottaways Insurance & Investment Consultants,ottawaysfinancialadvisers.co.uk
https://financialadvisers.co.uk/financial-planning/salisbury/?pl_p=40&pl_m=40,Lexington Wealth Management Ltd,lexingtonwealth.co.uk
https://financialadvisers.co.uk/financial-planning/salisbury/?pl_p=40&pl_m=40,Lucra Mortgages Ltd,lucramortgages.co.uk
https://financialadvisers.co.uk/financial-planning/salisbury/?pl_p=40&pl_m=40,Nautilus Financial Planning Ltd,nautilusfp.co.uk
https://financialadvisers.co.uk/financial-planning/salisbury/?pl_p=40&pl_m=40,Smart Advice Financial Solutions Ltd,smartadvicefs.co.uk
https://financialadvisers.co.uk/financial-planning/salisbury/?pl_p=40&pl_m=40,Leonna Salmon Financial Planning Ltd,leonnasalmon.co.uk
https://financialadvisers.co.uk/financial-planning/salisbury/?pl_p=41&pl_m=40,ST ANNE'S CAPITAL LIMITED,stannescapital.com
https://financialadvisers.co.uk/financial-planning/salisbury/?pl_p=41&pl_m=40,Ilona Castren,mandg.com
https://financialadvisers.co.uk/financial-planning/salisbury/?pl_p=41&pl_m=40,M&D Wealth Management Limited,manddwealthmanagement.co.uk
https://financialadvisers.co.uk/financial-planning/salisbury/?pl_p=41&pl_m=40,Jon Cowgill,cowgillwealthmanagement.co.uk
https://financialadvisers.co.uk/financial-planning/salisbury/?pl_p=41&pl_m=40,DSNY Wealth Planning Ltd,2plan.com
https://financialadvisers.co.uk/financial-planning/salisbury/?pl_p=41&pl_m=40,Eames Laurie Financial Services,eameslaurie.co.uk
https://financialadvisers.co.uk/financial-planning/salisbury/?pl_p=41&pl_m=40,Martin Keyte Financial Planning Ltd,martinkeyte.co.uk
https://financialadvisers.co.uk/financial-planning/salisbury/?pl_p=41&pl_m=40,Informed Choice (South West) Limited,infomedchoice-sw.co.uk
https://financialadvisers.co.uk/financial-planning/salisbury/?pl_p=41&pl_m=40,Fairhall Investments Ltd,fairhallinvestments.co.uk
https://financialadvisers.co.uk/financial-planning/salisbury/?pl_p=41&pl_m=40,Alpha House Wealth Management Limited,alphahousewm.co.uk
https://financialadvisers.co.uk/financial-planning/salisbury/?pl_p=41&pl_m=40,Larcomes Financial Services Limited,larcomesfs.co.uk
https://financialadvisers.co.uk/financial-planning/salisbury/?pl_p=41&pl_m=40,Emma Peck Wealth Management Ltd,partnership.sjp.co.uk/partner/emmapeckwm
https://financialadvisers.co.uk/financial-planning/salisbury/?pl_p=41&pl_m=40,Lincox Ltd,coxandco.co.uk
https://financialadvisers.co.uk/financial-planning/salisbury/?pl_p=41&pl_m=40,Hancock Financial Solutions Ltd,hancockfs.co.uk
https://financialadvisers.co.uk/financial-planning/salisbury/?pl_p=41&pl_m=40,Fulcrum Wealth Ltd,adnfp.co.uk
https://financialadvisers.co.uk/financial-planning/salisbury/?pl_p=42&pl_m=40,A.D.N. Financial Solutions Ltd,mortgageadvicebureau.com/mortgage-advisers/london-road-portsmouth
https://financialadvisers.co.uk/financial-planning/salisbury/?pl_p=42&pl_m=40,Clarity Mortgage Services Limited,clarityms.co.uk
https://financialadvisers.co.uk/financial-planning/salisbury/?pl_p=42&pl_m=40,White Mortgage Services Limited,
https://financialadvisers.co.uk/financial-planning/salisbury/?pl_p=42&pl_m=40,Headley Financial Services Limited,headleyfs.com
https://financialadvisers.co.uk/financial-planning/salisbury/?pl_p=42&pl_m=40,365 Financial Solutions Limited,yahoo.com
https://financialadvisers.co.uk/financial-planning/salisbury/?pl_p=42&pl_m=40,Imperial House Ltd,imperialhousegroup.co.uk
https://financialadvisers.co.uk/financial-planning/salisbury/?pl_p=42&pl_m=40,Country Wealth Ltd,countrywealth.co.uk
https://financialadvisers.co.uk/financial-planning/salisbury/?pl_p=42&pl_m=40,Eurosure Limited,kingswood-group.com
https://financialadvisers.co.uk/financial-planning/salisbury/?pl_p=42&pl_m=40,Swift Mortgages (Fareham) Limited,swift-mortgages.co.uk
https://financialadvisers.co.uk/financial-planning/salisbury/?pl_p=42&pl_m=40,AM Financial Planning Limited,amfinancialplanning.com
https://financialadvisers.co.uk/financial-planning/salisbury/?pl_p=42&pl_m=40,Bourne Independent Financial Advisers Ltd,bourneifa.co.uk
https://financialadvisers.co.uk/financial-planning/salisbury/?pl_p=42&pl_m=40,Wellington Ford Financial Ltd,wellingtonford.co.uk
https://financialadvisers.co.uk/financial-planning/salisbury/?pl_p=42&pl_m=40,Conor Webley,conorwebley.co.uk
https://financialadvisers.co.uk/financial-planning/salisbury/?pl_p=42&pl_m=40,Capital Planning Partners Ltd,capitalplanningpartners.co.uk
https://financialadvisers.co.uk/financial-planning/salisbury/?pl_p=42&pl_m=40,James Dickinson Financial Planning Ltd,mandgwealth.com/jamesdickinsonfinancialplanning
https://financialadvisers.co.uk/financial-planning/salisbury/?pl_p=43&pl_m=40,Phil Hughes Financial Services Ltd,philhughesfs.trustedadviser.info
https://financialadvisers.co.uk/financial-planning/salisbury/?pl_p=43&pl_m=40,Swindon Financial Planning Ltd,swindonfinancialplanning.co.uk
https://financialadvisers.co.uk/financial-planning/salisbury/?pl_p=43&pl_m=40,Aspen Wealth Management LLP,aspenwm.co.uk
https://financialadvisers.co.uk/financial-planning/salisbury/?pl_p=43&pl_m=40,Oculus Wealth Management (Wiltshire) Ltd,
https://financialadvisers.co.uk/financial-planning/salisbury/?pl_p=43&pl_m=40,John Cockerell,
https://financialadvisers.co.uk/financial-planning/salisbury/?pl_p=43&pl_m=40,Simon Strapp,
https://financialadvisers.co.uk/financial-planning/salisbury/?pl_p=43&pl_m=40,Chris Pugh,christopherpughwealthmanagement.co.uk
https://financialadvisers.co.uk/financial-planning/salisbury/?pl_p=43&pl_m=40,Wallace Nichols Financial Services Ltd,wallacenichols.co.uk
https://financialadvisers.co.uk/financial-planning/salisbury/?pl_p=43&pl_m=40,Competitive Edge Wealth Creation Ltd,cewc.co.uk
https://financialadvisers.co.uk/financial-planning/salisbury/?pl_p=43&pl_m=40,MW Mortgages Ltd,
https://financialadvisers.co.uk/financial-planning/salisbury/?pl_p=43&pl_m=40,Sneddon Financial Planning Partnership,sneddonfp.co.uk
https://financialadvisers.co.uk/financial-planning/salisbury/?pl_p=43&pl_m=40,Paul Murray Investments Ltd,paulmurrayinvestments.co.uk
https://financialadvisers.co.uk/financial-planning/salisbury/?pl_p=43&pl_m=40,Timothy Footner,footnerwealthmanagement.com
https://financialadvisers.co.uk/financial-planning/salisbury/?pl_p=43&pl_m=40,Thinking Finance UK Ltd,thinking-finance.co.uk
https://financialadvisers.co.uk/financial-planning/salisbury/?pl_p=43&pl_m=40,Clifford Wealth Management Limited,mandgwealth.com/cliffordwealthmanagement
https://financialadvisers.co.uk/financial-planning/salisbury/?pl_p=44&pl_m=40,Milo Financial Limited,milo-ifa.co.uk
https://financialadvisers.co.uk/financial-planning/salisbury/?pl_p=44&pl_m=40,Sally Johns,partnership.sjp.co.uk/partner/sallyjohns
https://financialadvisers.co.uk/financial-planning/salisbury/?pl_p=44&pl_m=40,Accudo Investments Limited,accudo.co.uk
https://financialadvisers.co.uk/financial-planning/salisbury/?pl_p=44&pl_m=40,Buckle & Partners Limited,buckleandpartners.uk
https://financialadvisers.co.uk/financial-planning/salisbury/?pl_p=44&pl_m=40,Nu-Era Financial Services Ltd,nu-era-fs.co.uk
https://financialadvisers.co.uk/financial-planning/salisbury/?pl_p=44&pl_m=40,Buxton Beresford Financial Planning Ltd,buxtonberesford.co.uk
https://financialadvisers.co.uk/financial-planning/salisbury/?pl_p=44&pl_m=40,Duncan Financial Services Ltd,visionifp.co.uk
https://financialadvisers.co.uk/financial-planning/salisbury/?pl_p=44&pl_m=40,PJ Aiken Ltd,pjaiken.co.uk
https://financialadvisers.co.uk/financial-planning/salisbury/?pl_p=44&pl_m=40,Cameron Asset Management Limited,camlimited.co.uk
https://financialadvisers.co.uk/financial-planning/salisbury/?pl_p=44&pl_m=40,Nigel Francis Limited,sjpp.co.uk/nigelfrancis
https://financialadvisers.co.uk/financial-planning/salisbury/?pl_p=44&pl_m=40,Investment and Tax Advisory Services Limited,wilcoxyoung.co.uk
https://financialadvisers.co.uk/financial-planning/salisbury/?pl_p=44&pl_m=40,John Hall Financial Services Ltd,
https://financialadvisers.co.uk/financial-planning/salisbury/?pl_p=44&pl_m=40,This is Prome Limited,thisisprome.com
https://financialadvisers.co.uk/financial-planning/salisbury/?pl_p=44&pl_m=40,Money Principles Ltd,moneyprinciples.co.uk
https://financialadvisers.co.uk/financial-planning/salisbury/?pl_p=44&pl_m=40,Oak Grange Business Services Ltd,oakgrange.co.uk
https://financialadvisers.co.uk/financial-planning/salisbury/?pl_p=45&pl_m=40,Andrew Leppard,portsdownwealthmanagement.co.uk
https://financialadvisers.co.uk/financial-planning/salisbury/?pl_p=45&pl_m=40,Hubert Child Limited,hubertchild.co.uk
https://financialadvisers.co.uk/financial-planning/salisbury/?pl_p=45&pl_m=40,Stiles & Company Financial Services (Petersfield) Limited,starwealth.uk
https://financialadvisers.co.uk/financial-planning/salisbury/?pl_p=45&pl_m=40,Featherstone Partners Limited,featherstonepartners.co.uk
https://financialadvisers.co.uk/financial-planning/salisbury/?pl_p=45&pl_m=40,Nigel Green Wealth Management Limited,nigelgreenwm.com
https://financialadvisers.co.uk/financial-planning/salisbury/?pl_p=45&pl_m=40,Old Mill Financial Planning Limited,om.uk
https://financialadvisers.co.uk/financial-planning/salisbury/?pl_p=45&pl_m=40,Quro Financial Solutions Ltd,qurofs.uk
https://financialadvisers.co.uk/financial-planning/salisbury/?pl_p=45&pl_m=40,Paul Ewins,
https://financialadvisers.co.uk/financial-planning/salisbury/?pl_p=45&pl_m=40,The Clear Advice Group Ltd,theclearadvicegroup.com
https://financialadvisers.co.uk/financial-planning/salisbury/?pl_p=45&pl_m=40,Barlow Financial Limited,barlowfinancial.co.uk
https://financialadvisers.co.uk/financial-planning/salisbury/?pl_p=45&pl_m=40,Adanac Financial Services Ltd,adanac.biz
https://financialadvisers.co.uk/financial-planning/salisbury/?pl_p=45&pl_m=40,Moneta Wealth Management Ltd,monetawealth.co.uk
https://financialadvisers.co.uk/financial-planning/salisbury/?pl_p=45&pl_m=40,MRIB Limited,integrity365.co.uk
https://financialadvisers.co.uk/financial-planning/salisbury/?pl_p=45&pl_m=40,Ian Rennard Financial Planning,ianrennardfp.co.uk
https://financialadvisers.co.uk/financial-planning/salisbury/?pl_p=45&pl_m=40,Rotherbrook Financial Planning Limited,rotherbrookfp.co.uk
https://financialadvisers.co.uk/financial-planning/salisbury/?pl_p=46&pl_m=40,James Britton,
https://financialadvisers.co.uk/financial-planning/salisbury/?pl_p=46&pl_m=40,Castle Sundborn Limited,castlesundborn.co.uk
https://financialadvisers.co.uk/financial-planning/salisbury/?pl_p=46&pl_m=40,Nathan Ind Financial Planning Limited,nathanind.co.uk
https://financialadvisers.co.uk/financial-planning/salisbury/?pl_p=46&pl_m=40,Fuller Wealth Management,castlesundborn.co.uk
https://financialadvisers.co.uk/financial-planning/salisbury/?pl_p=46&pl_m=40,Samantha Thorpe,partnership.sjp.co.uk/samthorpe
https://financialadvisers.co.uk/financial-planning/salisbury/?pl_p=46&pl_m=40,PS Financial Advisers Ltd,psfinancial-advisers.co.uk
https://financialadvisers.co.uk/financial-planning/salisbury/?pl_p=46&pl_m=40,Tom Worley,tomworley.co.uk
https://financialadvisers.co.uk/financial-planning/salisbury/?pl_p=46&pl_m=40,T.M. Pullen,greendown.org.uk
https://financialadvisers.co.uk/financial-planning/salisbury/?pl_p=46&pl_m=40,Warren Financial Solutions Limited,warrenfinancialsolutions.co.uk
https://financialadvisers.co.uk/financial-planning/salisbury/?pl_p=46&pl_m=40,Kingsbridge Wealth Management Ltd,kingsbridgewealth.co.uk
https://financialadvisers.co.uk/financial-planning/salisbury/?pl_p=46&pl_m=40,Poundbury Wealth Management LLP,poundburywealth.co.uk
https://financialadvisers.co.uk/financial-planning/salisbury/?pl_p=46&pl_m=40,Unique Financial Planning Limited,uniquefp.com
https://financialadvisers.co.uk/financial-planning/salisbury/?pl_p=46&pl_m=40,Gardiner Page & Roe Personal & Corporate Financial Planning,openwork.uk.com
https://financialadvisers.co.uk/financial-planning/salisbury/?pl_p=46&pl_m=40,Benjamin Warren,silveroakfs.co.uk
https://financialadvisers.co.uk/financial-planning/salisbury/?pl_p=46&pl_m=40,Oculus Wealth Management (Bath) Ltd,oculuswealth.co.uk
https://financialadvisers.co.uk/financial-planning/salisbury/?pl_p=47&pl_m=40,Blueberry Wealth Limited,blueberrymortgages.co.uk
https://financialadvisers.co.uk/financial-planning/salisbury/?pl_p=47&pl_m=40,Danamere Employee Benefits Ltd,danamere.com
https://financialadvisers.co.uk/financial-planning/salisbury/?pl_p=47&pl_m=40,Laura North,partnership.sjp.co.uk/partner/lauranorth
https://financialadvisers.co.uk/financial-planning/salisbury/?pl_p=47&pl_m=40,Andrews & Partners Limited,andrewsonline.co.uk
https://financialadvisers.co.uk/financial-planning/salisbury/?pl_p=47&pl_m=40,Pensions and Annuities Ltd,pensionsandannuities.co.uk
https://financialadvisers.co.uk/financial-planning/salisbury/?pl_p=47&pl_m=40,Dandelion Financial Limited,dandelionfinancial.co.uk
https://financialadvisers.co.uk/financial-planning/salisbury/?pl_p=47&pl_m=40,Dean Scott,mendipwm.co.uk
https://financialadvisers.co.uk/financial-planning/salisbury/?pl_p=47&pl_m=40,Blue Fox Wealth Management Limited,bluefoxwealth.co.uk
https://financialadvisers.co.uk/financial-planning/salisbury/?pl_p=47&pl_m=40,Cornerstone Wealth Management LLP,sjpjonathanhall.co.uk
https://financialadvisers.co.uk/financial-planning/salisbury/?pl_p=47&pl_m=40,Altor Wealth Management LLP,altorwealth.com
https://financialadvisers.co.uk/financial-planning/salisbury/?pl_p=47&pl_m=40,Anderson King Ltd,andersonking.co.uk
https://financialadvisers.co.uk/financial-planning/salisbury/?pl_p=47&pl_m=40,Northseam Limited,
https://financialadvisers.co.uk/financial-planning/salisbury/?pl_p=47&pl_m=40,Ogilvie Thorne Limited,
https://financialadvisers.co.uk/financial-planning/salisbury/?pl_p=47&pl_m=40,Francis John Hughes,fjhfinancial.co.uk
https://financialadvisers.co.uk/financial-planning/salisbury/?pl_p=47&pl_m=40,415 LLP,415.co.uk
https://financialadvisers.co.uk/financial-planning/salisbury/?pl_p=48&pl_m=40,Jim Hillis,partnership.sjp.co.ukhillisandporterfp
https://financialadvisers.co.uk/financial-planning/salisbury/?pl_p=48&pl_m=40,Independent Financial Advisory Service Limited,ifasgroup.co.uk
https://financialadvisers.co.uk/financial-planning/salisbury/?pl_p=48&pl_m=40,Barry Sears and Elizabeth Sears,professional-wealthcare.co.uk
https://financialadvisers.co.uk/financial-planning/salisbury/?pl_p=48&pl_m=40,Point To Point Financial Management LLP,pointtopointfm.co.uk
https://financialadvisers.co.uk/financial-planning/salisbury/?pl_p=48&pl_m=40,Ian Stuart Mortgages Limited,ianstuartmortgages.co.uk
https://financialadvisers.co.uk/financial-planning/salisbury/?pl_p=48&pl_m=40,A.J.Hutton Ltd,ajhutton.com
https://financialadvisers.co.uk/financial-planning/salisbury/?pl_p=48&pl_m=40,QED Wealth Management Ltd,qedwm.com
https://financialadvisers.co.uk/financial-planning/salisbury/?pl_p=48&pl_m=40,Ayres Punchard Investment Management Ltd,ayrespunchard.co.uk
