Source,Company Name,Website Link
https://financialadvisers.co.uk/financial-planning/linlithgow/?pl_p=1&pl_m=40,Alan Steel (Asset Management) Limited,alansteel.com
https://financialadvisers.co.uk/financial-planning/linlithgow/?pl_p=1&pl_m=40,John Yuille Financial Services Ltd,jyfs.co.uk
https://financialadvisers.co.uk/financial-planning/linlithgow/?pl_p=1&pl_m=40,Policy Services Limited,policyservices.co.uk
https://financialadvisers.co.uk/financial-planning/linlithgow/?pl_p=1&pl_m=40,Poise Financial Planning Limited,poisefp.co.uk
https://financialadvisers.co.uk/financial-planning/linlithgow/?pl_p=1&pl_m=40,Vincent Throp Limited,openwork.uk.com
https://financialadvisers.co.uk/financial-planning/linlithgow/?pl_p=1&pl_m=40,Sutherland Mayfair Financial Planning Ltd,partnership.sjp.co.uk/partner/sutherlandmayfair
https://financialadvisers.co.uk/financial-planning/linlithgow/?pl_p=1&pl_m=40,Kayleigh Dorrian,archerjoyfp.co.uk
https://financialadvisers.co.uk/financial-planning/linlithgow/?pl_p=1&pl_m=40,Forthview Financial Planning Ltd,mandgwealth.com/forthviewfinancialplanning
https://financialadvisers.co.uk/financial-planning/linlithgow/?pl_p=1&pl_m=40,Brian Lynn Financial Services,
https://financialadvisers.co.uk/financial-planning/linlithgow/?pl_p=1&pl_m=40,Select Wealth Managers Ltd.,selectwealth.co.uk
https://financialadvisers.co.uk/financial-planning/linlithgow/?pl_p=1&pl_m=40,Antonine Investment Managers Limited,antonineim.co.uk
https://financialadvisers.co.uk/financial-planning/linlithgow/?pl_p=1&pl_m=40,Hastie Wealth Management Ltd,mandgwealth.com/hastiewealthmanagement
https://financialadvisers.co.uk/financial-planning/linlithgow/?pl_p=1&pl_m=40,Skyridge Financial Planning LLP,skyridgefinancial.co.uk
https://financialadvisers.co.uk/financial-planning/linlithgow/?pl_p=1&pl_m=40,Swilcan Financial Partners Limited,swilcanfinancialpartners.co.uk
https://financialadvisers.co.uk/financial-planning/linlithgow/?pl_p=1&pl_m=40,GMB Portfolio Services Limited,gmbportfolio.co.uk
https://financialadvisers.co.uk/financial-planning/linlithgow/?pl_p=2&pl_m=40,AKC Independent Financial Advisers Ltd,akcifa.com
https://financialadvisers.co.uk/financial-planning/linlithgow/?pl_p=2&pl_m=40,Medical & Professional CFP Ltd,wealthprofessional.co.uk
https://financialadvisers.co.uk/financial-planning/linlithgow/?pl_p=2&pl_m=40,Findlay & Co Financial Solutions Ltd,findlaycofs.co.uk
https://financialadvisers.co.uk/financial-planning/linlithgow/?pl_p=2&pl_m=40,Active Asset Management (Scotland) Limited,
https://financialadvisers.co.uk/financial-planning/linlithgow/?pl_p=2&pl_m=40,Rutland Independent Wealth Management LLP,rutlandindependent.co.uk
https://financialadvisers.co.uk/financial-planning/linlithgow/?pl_p=2&pl_m=40,Apple Wealth Ltd,partnership.sjp.co.uk/partner/applewealth
https://financialadvisers.co.uk/financial-planning/linlithgow/?pl_p=2&pl_m=40,Brian Close Wealth Management Limited,brianclose.2plan.com
https://financialadvisers.co.uk/financial-planning/linlithgow/?pl_p=2&pl_m=40,Iain Lowe Wealth Management Ltd,2plan.com
https://financialadvisers.co.uk/financial-planning/linlithgow/?pl_p=2&pl_m=40,A.R.D. Consultancy Limited,ardconsultancy.co.uk
https://financialadvisers.co.uk/financial-planning/linlithgow/?pl_p=2&pl_m=40,TC WEALTH MANAGEMENT LTD,mandgwealth.com/tcwealthmanagement
https://financialadvisers.co.uk/financial-planning/linlithgow/?pl_p=2&pl_m=40,Beaufort Financial (Forth Valley) Ltd,beaufortfinancial.co.uk
https://financialadvisers.co.uk/financial-planning/linlithgow/?pl_p=2&pl_m=40,Arthur & O’Brien,mandg.com
https://financialadvisers.co.uk/financial-planning/linlithgow/?pl_p=2&pl_m=40,Lucy Logan,calderwoodfinancial.co.uk
https://financialadvisers.co.uk/financial-planning/linlithgow/?pl_p=2&pl_m=40,Jim McArthur Independent Financial Services Limited,
https://financialadvisers.co.uk/financial-planning/linlithgow/?pl_p=2&pl_m=40,Darsco Wealth MGMT Limited,darscowealth.co.uk
https://financialadvisers.co.uk/financial-planning/linlithgow/?pl_p=3&pl_m=40,LBFA Limited,lbfa.co.uk
https://financialadvisers.co.uk/financial-planning/linlithgow/?pl_p=3&pl_m=40,Robert MacIntyre,
https://financialadvisers.co.uk/financial-planning/linlithgow/?pl_p=3&pl_m=40,Andrew Reid,
https://financialadvisers.co.uk/financial-planning/linlithgow/?pl_p=3&pl_m=40,MacBeth Currie Financial Services Limited,macbethcurrie.com
https://financialadvisers.co.uk/financial-planning/linlithgow/?pl_p=3&pl_m=40,Condies Wealth Strategies Limited,condieswealth.co.uk
https://financialadvisers.co.uk/financial-planning/linlithgow/?pl_p=3&pl_m=40,Steven Auldjo,dynamicws.co.uk
https://financialadvisers.co.uk/financial-planning/linlithgow/?pl_p=3&pl_m=40,Thomson Cooper,thomsoncooper.com
https://financialadvisers.co.uk/financial-planning/linlithgow/?pl_p=3&pl_m=40,Kingdom Investments Management Limited,kims-ltd.co.uk
https://financialadvisers.co.uk/financial-planning/linlithgow/?pl_p=3&pl_m=40,DPB Wealth Management Limited,dpbwealth.co.uk
https://financialadvisers.co.uk/financial-planning/linlithgow/?pl_p=3&pl_m=40,A&G Financial Planning Limited,mandgwealth.com/aandgfinancialplanning
https://financialadvisers.co.uk/financial-planning/linlithgow/?pl_p=3&pl_m=40,Planwise Financial Services Ltd,planwisefinancial.com
https://financialadvisers.co.uk/financial-planning/linlithgow/?pl_p=3&pl_m=40,Invest India Limited,
https://financialadvisers.co.uk/financial-planning/linlithgow/?pl_p=3&pl_m=40,Pollock Financial Planning LTD,mandgwealth.com/pollockfinancialplanning
https://financialadvisers.co.uk/financial-planning/linlithgow/?pl_p=3&pl_m=40,Fraser & Reid Wealth Management Limited,frwml.co.uk
https://financialadvisers.co.uk/financial-planning/linlithgow/?pl_p=3&pl_m=40,Apex Mortgage Advice Limited,
https://financialadvisers.co.uk/financial-planning/linlithgow/?pl_p=4&pl_m=40,Tweed Wealth Management Ltd,tweedwealth.co.uk
https://financialadvisers.co.uk/financial-planning/linlithgow/?pl_p=4&pl_m=40,Balatoni Financial Planning Ltd,partnership.sjp.co.uk/partner/conradbalatoni
https://financialadvisers.co.uk/financial-planning/linlithgow/?pl_p=4&pl_m=40,Mr Peter John Shandley,
https://financialadvisers.co.uk/financial-planning/linlithgow/?pl_p=4&pl_m=40,Stirling Financial Management (UK) Limited,stirfinan.co.uk
https://financialadvisers.co.uk/financial-planning/linlithgow/?pl_p=4&pl_m=40,Libertas Financial Management Ltd,libertasfm.co.uk
https://financialadvisers.co.uk/financial-planning/linlithgow/?pl_p=4&pl_m=40,Aitken Financial Services Ltd,aitkenfs.co.uk
https://financialadvisers.co.uk/financial-planning/linlithgow/?pl_p=4&pl_m=40,Macfarlane Wealth Management Ltd,macwealth.co.uk
https://financialadvisers.co.uk/financial-planning/linlithgow/?pl_p=4&pl_m=40,Professional Money Management Ltd,personalmm.co.uk
https://financialadvisers.co.uk/financial-planning/linlithgow/?pl_p=4&pl_m=40,Amjen Financial Planning Limited,
https://financialadvisers.co.uk/financial-planning/linlithgow/?pl_p=4&pl_m=40,Neil Mitchell,neilmitchellwealth.com
https://financialadvisers.co.uk/financial-planning/linlithgow/?pl_p=4&pl_m=40,James Robertson,
https://financialadvisers.co.uk/financial-planning/linlithgow/?pl_p=4&pl_m=40,Gillespie Financial Limited,gillespiefinancial.com
https://financialadvisers.co.uk/financial-planning/linlithgow/?pl_p=4&pl_m=40,Alasdair McLeish,kingsburghwealth.com
https://financialadvisers.co.uk/financial-planning/linlithgow/?pl_p=4&pl_m=40,Jonathan Smith Consulting Ltd,jonathansmithconsulting.co.uk
https://financialadvisers.co.uk/financial-planning/linlithgow/?pl_p=4&pl_m=40,Shipra Kohli,
https://financialadvisers.co.uk/financial-planning/linlithgow/?pl_p=5&pl_m=40,Rutherford Asset Management Ltd,rutherfordassetmanagement.co.uk
https://financialadvisers.co.uk/financial-planning/linlithgow/?pl_p=5&pl_m=40,Financial Succession Limited,financial-succession.co.uk
https://financialadvisers.co.uk/financial-planning/linlithgow/?pl_p=5&pl_m=40,INVEST RETIRE PROTECT LTD,mandgwealth.com/investretireprotect
https://financialadvisers.co.uk/financial-planning/linlithgow/?pl_p=5&pl_m=40,Venture Financial Services Ltd,venturefinancial.co.uk
https://financialadvisers.co.uk/financial-planning/linlithgow/?pl_p=5&pl_m=40,Grange Wealth Management Ltd,grangewealth.co.uk
https://financialadvisers.co.uk/financial-planning/linlithgow/?pl_p=5&pl_m=40,Gowans Wealth Management Limited,gowanswealth.co.uk
https://financialadvisers.co.uk/financial-planning/linlithgow/?pl_p=5&pl_m=40,St Andrew's Square Asset Management Limited,standrewssqam.co.uk
https://financialadvisers.co.uk/financial-planning/linlithgow/?pl_p=5&pl_m=40,George Gill Financial Services Ltd,
https://financialadvisers.co.uk/financial-planning/linlithgow/?pl_p=5&pl_m=40,Bridge Investments Partners Limited,transformfp.com
https://financialadvisers.co.uk/financial-planning/linlithgow/?pl_p=5&pl_m=40,Aspire Wealth Management Limited,aspireifa.co.uk
https://financialadvisers.co.uk/financial-planning/linlithgow/?pl_p=5&pl_m=40,SWC Independent Ltd,swcindependent.co.uk
https://financialadvisers.co.uk/financial-planning/linlithgow/?pl_p=5&pl_m=40,Michael Stokes,michaelstokes.co.uk
https://financialadvisers.co.uk/financial-planning/linlithgow/?pl_p=5&pl_m=40,Hamilton Financial (Scotland) Ltd,hamilton-financial.co.uk
https://financialadvisers.co.uk/financial-planning/linlithgow/?pl_p=5&pl_m=40,Carbon Financial Partners Ltd,carbonfinancial.co.uk
https://financialadvisers.co.uk/financial-planning/linlithgow/?pl_p=5&pl_m=40,Crandles & Co Limited,crandlesandco.co.uk
https://financialadvisers.co.uk/financial-planning/linlithgow/?pl_p=6&pl_m=40,Futurity Financial Services Limited,futurity-fs.com
https://financialadvisers.co.uk/financial-planning/linlithgow/?pl_p=6&pl_m=40,KEY FINANCIAL WEALTH SOLUTIONS LIMITED,mandgwealth.com/keyfinancialwealthsolutions
https://financialadvisers.co.uk/financial-planning/linlithgow/?pl_p=6&pl_m=40,Cormack Wealth Management Limited,cormackwealthmanagement.co.uk
https://financialadvisers.co.uk/financial-planning/linlithgow/?pl_p=6&pl_m=40,Principal & Prosper Limited,principalandprosper.co.uk
https://financialadvisers.co.uk/financial-planning/linlithgow/?pl_p=6&pl_m=40,Robson MacIntosh & Company Ltd,robmac.co.uk
https://financialadvisers.co.uk/financial-planning/linlithgow/?pl_p=6&pl_m=40,JM Independent Financial Advisers Ltd,jmifa.co.uk
https://financialadvisers.co.uk/financial-planning/linlithgow/?pl_p=6&pl_m=40,LIFT-Advice Ltd,lift-financial.com
https://financialadvisers.co.uk/financial-planning/linlithgow/?pl_p=6&pl_m=40,Amia Wealth Management Ltd,2plan.com
https://financialadvisers.co.uk/financial-planning/linlithgow/?pl_p=6&pl_m=40,Seonaidh McIntyre-Stephen,wpwfinancial.co.uk
https://financialadvisers.co.uk/financial-planning/linlithgow/?pl_p=6&pl_m=40,Hugo Cannon,cannoncapital.co.uk
https://financialadvisers.co.uk/financial-planning/linlithgow/?pl_p=6&pl_m=40,Darren Leslie,leslieam.co.uk
https://financialadvisers.co.uk/financial-planning/linlithgow/?pl_p=6&pl_m=40,Whites Financial Management Ltd,whitesfm.co.uk
https://financialadvisers.co.uk/financial-planning/linlithgow/?pl_p=6&pl_m=40,Jonathan Barkey,
https://financialadvisers.co.uk/financial-planning/linlithgow/?pl_p=6&pl_m=40,Alex Dockar,alexanderdockar.co.uk
https://financialadvisers.co.uk/financial-planning/linlithgow/?pl_p=6&pl_m=40,John Scott Davidson Ltd,partnership.sjp.co.uk/johnscottdavidson
https://financialadvisers.co.uk/financial-planning/linlithgow/?pl_p=7&pl_m=40,Angie Addison,angieaddisonfinancial.co.uk
https://financialadvisers.co.uk/financial-planning/linlithgow/?pl_p=7&pl_m=40,JKFS (UK) Ltd,jkfs.com
https://financialadvisers.co.uk/financial-planning/linlithgow/?pl_p=7&pl_m=40,Takalani Mbedzi,partnership.sjp.co.uk/partner/taka
https://financialadvisers.co.uk/financial-planning/linlithgow/?pl_p=7&pl_m=40,Melville Independent plc,mi-plc.co.uk
https://financialadvisers.co.uk/financial-planning/linlithgow/?pl_p=7&pl_m=40,Wilkinson Wealth Ltd,davidwilkinsonsjp.co.uk
https://financialadvisers.co.uk/financial-planning/linlithgow/?pl_p=7&pl_m=40,Arlene Addison,partnership.sjp.co.uk/arleneaddison
https://financialadvisers.co.uk/financial-planning/linlithgow/?pl_p=7&pl_m=40,Gray Wealth Management Ltd,progressivewealth.co.uk
https://financialadvisers.co.uk/financial-planning/linlithgow/?pl_p=7&pl_m=40,Stephen Carmichael,partnership.sjp.co.uk/partner/carmichaelfinancialconsultancy
https://financialadvisers.co.uk/financial-planning/linlithgow/?pl_p=7&pl_m=40,James Boyd,jamesboydpractice.co.uk
https://financialadvisers.co.uk/financial-planning/linlithgow/?pl_p=7&pl_m=40,McLean & Partners Wealth Management Ltd,mcleanandpartnerswm.co.uk
https://financialadvisers.co.uk/financial-planning/linlithgow/?pl_p=7&pl_m=40,T R Barbour Financial Planning Ltd,trbarbour.co.uk
https://financialadvisers.co.uk/financial-planning/linlithgow/?pl_p=7&pl_m=40,Hannon Financial Planning Ltd,hannonfinancialplanning.co.uk
https://financialadvisers.co.uk/financial-planning/linlithgow/?pl_p=7&pl_m=40,Louise Norman,
https://financialadvisers.co.uk/financial-planning/linlithgow/?pl_p=7&pl_m=40,Erin Mason,erinrosefinancial.co.uk
https://financialadvisers.co.uk/financial-planning/linlithgow/?pl_p=7&pl_m=40,Mark Neillings,partnership.sjp.co.ukpartnermarkneillings
https://financialadvisers.co.uk/financial-planning/linlithgow/?pl_p=8&pl_m=40,Simon Boyd,partnership.sjp.co.uk/partner/simonboydfinancialmanagement
https://financialadvisers.co.uk/financial-planning/linlithgow/?pl_p=8&pl_m=40,Jenyfer Beardsley,jenybeardsley.co.uk
https://financialadvisers.co.uk/financial-planning/linlithgow/?pl_p=8&pl_m=40,Stuart McAdam,sjpp.co.uk/stuartmcadam
https://financialadvisers.co.uk/financial-planning/linlithgow/?pl_p=8&pl_m=40,McMurtrie Wealth Management Ltd,mcmurtriewealthmanagement.co.uk
https://financialadvisers.co.uk/financial-planning/linlithgow/?pl_p=8&pl_m=40,Hastings Investment Management Limited,hastingsinvestment.com
https://financialadvisers.co.uk/financial-planning/linlithgow/?pl_p=8&pl_m=40,Peter Bell,andersonbellfinancial.co.uk
https://financialadvisers.co.uk/financial-planning/linlithgow/?pl_p=8&pl_m=40,Craig Davidson,partnership.sjp.co.uk/partner/cdavidsonfp
https://financialadvisers.co.uk/financial-planning/linlithgow/?pl_p=8&pl_m=40,Kevin Martin,kevinmartinwm.co.uk
https://financialadvisers.co.uk/financial-planning/linlithgow/?pl_p=8&pl_m=40,Olium Financial Management Ltd,partnership.sjp.co.ukpartnerjacksonfinancial
https://financialadvisers.co.uk/financial-planning/linlithgow/?pl_p=8&pl_m=40,Maurice Macdonald Associates,
https://financialadvisers.co.uk/financial-planning/linlithgow/?pl_p=8&pl_m=40,Claire Macdonald,
https://financialadvisers.co.uk/financial-planning/linlithgow/?pl_p=8&pl_m=40,Wood Wealth Ltd,
https://financialadvisers.co.uk/financial-planning/linlithgow/?pl_p=8&pl_m=40,Ellen Langdon,ellenlangdonwm.co.uk
https://financialadvisers.co.uk/financial-planning/linlithgow/?pl_p=8&pl_m=40,Graham Lavin Wealth Management,grahamlavinwealthmanagement.co.uk
https://financialadvisers.co.uk/financial-planning/linlithgow/?pl_p=8&pl_m=40,Giles Porteous,robinson-porteous.co.uk
https://financialadvisers.co.uk/financial-planning/linlithgow/?pl_p=9&pl_m=40,PW & Partners Ltd,pwandpartners.co.uk
https://financialadvisers.co.uk/financial-planning/linlithgow/?pl_p=9&pl_m=40,David Melrose Wealth Management Limited,davidmelrosewm.co.uk
https://financialadvisers.co.uk/financial-planning/linlithgow/?pl_p=9&pl_m=40,Verity Financial Planners Ltd,verityfpl.co.uk
https://financialadvisers.co.uk/financial-planning/linlithgow/?pl_p=9&pl_m=40,Mackay Hall Financial Services Limited,mackayhall.co.uk
https://financialadvisers.co.uk/financial-planning/linlithgow/?pl_p=9&pl_m=40,Seed Financial Planning Limited,seedfp.co.uk
https://financialadvisers.co.uk/financial-planning/linlithgow/?pl_p=9&pl_m=40,Seven Street Wealth Ltd,7sw.co.uk
https://financialadvisers.co.uk/financial-planning/linlithgow/?pl_p=9&pl_m=40,Waverton Wealth Planning LLP,wavertonwealth.co.uk
https://financialadvisers.co.uk/financial-planning/linlithgow/?pl_p=9&pl_m=40,Brian McGoldrick Ltd,
https://financialadvisers.co.uk/financial-planning/linlithgow/?pl_p=9&pl_m=40,AB1 Financial Planning Ltd,Ab1financial.com
https://financialadvisers.co.uk/financial-planning/linlithgow/?pl_p=9&pl_m=40,Alpha Wealth Ltd,alphaifa.com
https://financialadvisers.co.uk/financial-planning/linlithgow/?pl_p=9&pl_m=40,Gilson Gray Financial Limited,gilsongrayfinancial.co.uk
https://financialadvisers.co.uk/financial-planning/linlithgow/?pl_p=9&pl_m=40,Bluesky Independent Wealth Managers Ltd,wealthatbluesky.com
https://financialadvisers.co.uk/financial-planning/linlithgow/?pl_p=9&pl_m=40,Wealthflow Group Ltd,wealthflow.com
https://financialadvisers.co.uk/financial-planning/linlithgow/?pl_p=9&pl_m=40,Calton Wealth Management Ltd,caltonwm.com
https://financialadvisers.co.uk/financial-planning/linlithgow/?pl_p=9&pl_m=40,Reddington Wealth Management Ltd,reddingtonfp.co.uk
https://financialadvisers.co.uk/financial-planning/linlithgow/?pl_p=10&pl_m=40,Rossie House Investment Management LLP,rossiehouse.com
https://financialadvisers.co.uk/financial-planning/linlithgow/?pl_p=10&pl_m=40,CS Managers Ltd,csmanagers.com
https://financialadvisers.co.uk/financial-planning/linlithgow/?pl_p=10&pl_m=40,Newton-Barr Limited,newtonbarr.co.uk
https://financialadvisers.co.uk/financial-planning/linlithgow/?pl_p=10&pl_m=40,McHardy Private Wealth Ltd,mchardyprivatewealth.co.uk
https://financialadvisers.co.uk/financial-planning/linlithgow/?pl_p=10&pl_m=40,Charlotte Square Partners Limited,charlottesquare.partners
https://financialadvisers.co.uk/financial-planning/linlithgow/?pl_p=10&pl_m=40,Anderson Strathern Asset Management Limited,andersonstrathernam.co.uk
https://financialadvisers.co.uk/financial-planning/linlithgow/?pl_p=10&pl_m=40,Callidus Wealth Management Ltd,calliduswm.co.uk
https://financialadvisers.co.uk/financial-planning/linlithgow/?pl_p=10&pl_m=40,Purpose Financial Planning Ltd,
https://financialadvisers.co.uk/financial-planning/linlithgow/?pl_p=10&pl_m=40,South Charlotte Wealth Management Limited,southcharlottewealth.com
https://financialadvisers.co.uk/financial-planning/linlithgow/?pl_p=10&pl_m=40,Eriskay Wealth Ltd,headsupwealth.co.uk
https://financialadvisers.co.uk/financial-planning/linlithgow/?pl_p=10&pl_m=40,QMPF Llp,qmpf.co.uk
https://financialadvisers.co.uk/financial-planning/linlithgow/?pl_p=10&pl_m=40,Toner Wealth Ltd,partnership.sjp.co.uk/partner/andrewtoner
https://financialadvisers.co.uk/financial-planning/linlithgow/?pl_p=10&pl_m=40,North Capital Management Limited,northcapital.co.uk
https://financialadvisers.co.uk/financial-planning/linlithgow/?pl_p=10&pl_m=40,Edinburgh Wealth Management Limited,edinburghwealthmanagement.co.uk
https://financialadvisers.co.uk/financial-planning/linlithgow/?pl_p=10&pl_m=40,Sutherland Independent Ltd,wsi-ltd.co.uk
https://financialadvisers.co.uk/financial-planning/linlithgow/?pl_p=11&pl_m=40,Forth Capital Advisers Limited,forthcapital.com
https://financialadvisers.co.uk/financial-planning/linlithgow/?pl_p=11&pl_m=40,Nicholas Paul Wealth Management Limited,npwm.co.uk
https://financialadvisers.co.uk/financial-planning/linlithgow/?pl_p=11&pl_m=40,ESPC (UK) Ltd,espc.com
https://financialadvisers.co.uk/financial-planning/linlithgow/?pl_p=11&pl_m=40,Prydis Wealth (Scotland) Limited,prydis.com
https://financialadvisers.co.uk/financial-planning/linlithgow/?pl_p=11&pl_m=40,Forbes Wealth Ltd,spentwell.co.uk
https://financialadvisers.co.uk/financial-planning/linlithgow/?pl_p=11&pl_m=40,Neil Renton,futurefinancialservices.co.uk
https://financialadvisers.co.uk/financial-planning/linlithgow/?pl_p=11&pl_m=40,A1 Financial Solutions Ltd,a1-financial.com
https://financialadvisers.co.uk/financial-planning/linlithgow/?pl_p=11&pl_m=40,Kate Philip,katephilip.com
https://financialadvisers.co.uk/financial-planning/linlithgow/?pl_p=11&pl_m=40,Johnston Financial Limited,johnstonfinancial.co.uk
https://financialadvisers.co.uk/financial-planning/linlithgow/?pl_p=11&pl_m=40,Seven Hills Financial Planning Ltd,sevenhillswealth.co.uk
https://financialadvisers.co.uk/financial-planning/linlithgow/?pl_p=11&pl_m=40,Ravenstone Financial Ltd,ravenstone.uk.com
https://financialadvisers.co.uk/financial-planning/linlithgow/?pl_p=11&pl_m=40,Murray John & Associates Ltd,theopenworkpartnership.com
https://financialadvisers.co.uk/financial-planning/linlithgow/?pl_p=11&pl_m=40,Anna Miller Wealth Management Ltd,anna.millerwm.co.uk
https://financialadvisers.co.uk/financial-planning/linlithgow/?pl_p=11&pl_m=40,Cailean Limited,caileanltd.com
https://financialadvisers.co.uk/financial-planning/linlithgow/?pl_p=11&pl_m=40,336 Financial Management Limited,336fm.co.uk
https://financialadvisers.co.uk/financial-planning/linlithgow/?pl_p=12&pl_m=40,Executive Wealth Services Ltd,ewsfinancialadvisers.co.uk
https://financialadvisers.co.uk/financial-planning/linlithgow/?pl_p=12&pl_m=40,Ridland Wealth Management Limited,ridlandwealth.co.uk
https://financialadvisers.co.uk/financial-planning/linlithgow/?pl_p=12&pl_m=40,abrdn Client Management Limited,abrdn.com/en-gb/personal
https://financialadvisers.co.uk/financial-planning/linlithgow/?pl_p=12&pl_m=40,Lomond Wealth Management Limited,lomondwealth.com
https://financialadvisers.co.uk/financial-planning/linlithgow/?pl_p=12&pl_m=40,Lomond Financial Management Group Ltd,lomondwealth.com
https://financialadvisers.co.uk/financial-planning/linlithgow/?pl_p=12&pl_m=40,Pension Advisers UK Limited,
https://financialadvisers.co.uk/financial-planning/linlithgow/?pl_p=12&pl_m=40,Wilkinson Financial Management Ltd,wilkinson-chartered.co.uk
https://financialadvisers.co.uk/financial-planning/linlithgow/?pl_p=12&pl_m=40,GMG Investment Managers Ltd,gmgim.co.uk
https://financialadvisers.co.uk/financial-planning/linlithgow/?pl_p=12&pl_m=40,Ethical Futures LLP,ethicalfutures.co.uk
https://financialadvisers.co.uk/financial-planning/linlithgow/?pl_p=12&pl_m=40,Strategic Wealth Solutions Limited,strategicwealthsolutions.co.uk
https://financialadvisers.co.uk/financial-planning/linlithgow/?pl_p=12&pl_m=40,4ways Financial Solutions LLP,4waysfinancialsolutions.co.uk
https://financialadvisers.co.uk/financial-planning/linlithgow/?pl_p=12&pl_m=40,Stephen Walters Financial Planning Ltd,dexterityifa.com
https://financialadvisers.co.uk/financial-planning/linlithgow/?pl_p=12&pl_m=40,Morton Fraser MacRoberts LLP,mfmac.com
https://financialadvisers.co.uk/financial-planning/linlithgow/?pl_p=12&pl_m=40,Kellyhill Financial Planning Ltd,mandg.com
https://financialadvisers.co.uk/financial-planning/linlithgow/?pl_p=12&pl_m=40,Rowanbank Financial Consultants Limited,rowanbank-ltd.co.uk
https://financialadvisers.co.uk/financial-planning/linlithgow/?pl_p=13&pl_m=40,Catterson Wealth Management Limited,catterson-wealth-management.co.uk
https://financialadvisers.co.uk/financial-planning/linlithgow/?pl_p=13&pl_m=40,Gregor Davidson Wealth Management Limited,partnership.sjp.co.uk/partner/gregordavidson
https://financialadvisers.co.uk/financial-planning/linlithgow/?pl_p=13&pl_m=40,Ramsay Asset Management Limited,ramsayassetmanagement.com
https://financialadvisers.co.uk/financial-planning/linlithgow/?pl_p=13&pl_m=40,D&M Financial Ltd,dmfinancialltd.com
https://financialadvisers.co.uk/financial-planning/linlithgow/?pl_p=13&pl_m=40,Walter Reynolds,
https://financialadvisers.co.uk/financial-planning/linlithgow/?pl_p=13&pl_m=40,Mary Henderson,botanicfinancial.co.uk
https://financialadvisers.co.uk/financial-planning/linlithgow/?pl_p=13&pl_m=40,DSMA Ltd,leithmortgagecentre.co.uk
https://financialadvisers.co.uk/financial-planning/linlithgow/?pl_p=13&pl_m=40,Mearns & Company Limited,mearnscompany.com
https://financialadvisers.co.uk/financial-planning/linlithgow/?pl_p=13&pl_m=40,Brian Innes and Lynn Innes,
https://financialadvisers.co.uk/financial-planning/linlithgow/?pl_p=13&pl_m=40,Dixon Financial Ltd,
https://financialadvisers.co.uk/financial-planning/linlithgow/?pl_p=13&pl_m=40,Kings Park Financial Management (Scotland) Ltd,kpfm.co.uk
https://financialadvisers.co.uk/financial-planning/linlithgow/?pl_p=13&pl_m=40,DG Financial Ltd,dmgfinancial.co.uk
https://financialadvisers.co.uk/financial-planning/linlithgow/?pl_p=13&pl_m=40,Adrian Hanger,adhwealthmanagement.co.uk
https://financialadvisers.co.uk/financial-planning/linlithgow/?pl_p=13&pl_m=40,Bird Stewart Financial Services Limited,birdstewart.co.uk
https://financialadvisers.co.uk/financial-planning/linlithgow/?pl_p=13&pl_m=40,Affinity Financial Planning Ltd,affinityfp.com
https://financialadvisers.co.uk/financial-planning/linlithgow/?pl_p=14&pl_m=40,Integrated Wealth Management Ltd,iwm-group.com
https://financialadvisers.co.uk/financial-planning/linlithgow/?pl_p=14&pl_m=40,McArthur Smith Financial Management Ltd,mcarthursmith.co.uk
https://financialadvisers.co.uk/financial-planning/linlithgow/?pl_p=14&pl_m=40,Alexanders Associates (Scotland) Ltd.,stirlingmortgageshop.co.uk
https://financialadvisers.co.uk/financial-planning/linlithgow/?pl_p=14&pl_m=40,Scotia Wealth Management Ltd,scotiawm.co.uk
https://financialadvisers.co.uk/financial-planning/linlithgow/?pl_p=14&pl_m=40,Steven John O'Neill,sbcfinancial.co.uk
https://financialadvisers.co.uk/financial-planning/linlithgow/?pl_p=14&pl_m=40,JMB Wealth Solutions Ltd,partnership.sjp.co.uk/partner/jmbwealthsolutions
https://financialadvisers.co.uk/financial-planning/linlithgow/?pl_p=14&pl_m=40,Kieran Fowley Wealth Management,partnership.sjp.co.uk/partner/kieranfowley
https://financialadvisers.co.uk/financial-planning/linlithgow/?pl_p=14&pl_m=40,Portus Wealth Limited,portuswealth.co.uk
https://financialadvisers.co.uk/financial-planning/linlithgow/?pl_p=14&pl_m=40,Capercaillie Financial Advice Limited,mandgwealth.com/capercailliefinancialadvice
https://financialadvisers.co.uk/financial-planning/linlithgow/?pl_p=14&pl_m=40,Shand & Burns Financial Ltd,shandandburnsfinancial.co.uk
https://financialadvisers.co.uk/financial-planning/linlithgow/?pl_p=14&pl_m=40,HK Wealth Managers Ltd,hkwm.co.uk
https://financialadvisers.co.uk/financial-planning/linlithgow/?pl_p=14&pl_m=40,Barclay & Bond Financial Planners LLP,barclaybond.co.uk
https://financialadvisers.co.uk/financial-planning/linlithgow/?pl_p=14&pl_m=40,Retirement & Investment Solutions Limited,retinvest.co.uk
https://financialadvisers.co.uk/financial-planning/linlithgow/?pl_p=14&pl_m=40,Keenan Wealth Management Ltd,partnership.sjp.co.uk/partner/keenanwm
https://financialadvisers.co.uk/financial-planning/linlithgow/?pl_p=14&pl_m=40,Stuart Blake,partnership.sjp.co.uk/partner/stuartblake
https://financialadvisers.co.uk/financial-planning/linlithgow/?pl_p=15&pl_m=40,Robert Douglas,derekdouglaspwm.co.uk
https://financialadvisers.co.uk/financial-planning/linlithgow/?pl_p=15&pl_m=40,McKendry Dunion Financial Limited,mckendrydunion.co.uk
https://financialadvisers.co.uk/financial-planning/linlithgow/?pl_p=15&pl_m=40,Milecross Financial (Scotland) Ltd,milecrossfs.co.uk
https://financialadvisers.co.uk/financial-planning/linlithgow/?pl_p=15&pl_m=40,Clarity Independant Financial Advisors Ltd,clarityifa.com
https://financialadvisers.co.uk/financial-planning/linlithgow/?pl_p=15&pl_m=40,Clarity Independent Wealth Management Limited,
https://financialadvisers.co.uk/financial-planning/linlithgow/?pl_p=15&pl_m=40,Mcpherson Wealth LTD,mandgwealth.com/mcphersonwealth
https://financialadvisers.co.uk/financial-planning/linlithgow/?pl_p=15&pl_m=40,Peter Rooney,
https://financialadvisers.co.uk/financial-planning/linlithgow/?pl_p=15&pl_m=40,A J Options Ltd,
https://financialadvisers.co.uk/financial-planning/linlithgow/?pl_p=15&pl_m=40,Reed Financial Planning Ltd,reedfinancialplanning.co.uk
https://financialadvisers.co.uk/financial-planning/linlithgow/?pl_p=15&pl_m=40,Capital Wealth Management (UK) Limited,
https://financialadvisers.co.uk/financial-planning/linlithgow/?pl_p=15&pl_m=40,Torphin Financial Planning Ltd,torphin.co.uk
https://financialadvisers.co.uk/financial-planning/linlithgow/?pl_p=15&pl_m=40,ARIES FINANCIAL LTD,ariesfinancial.co.uk
https://financialadvisers.co.uk/financial-planning/linlithgow/?pl_p=15&pl_m=40,Argyll Independent Ltd,argyll-bute.gov.uk
https://financialadvisers.co.uk/financial-planning/linlithgow/?pl_p=15&pl_m=40,MKM Financial Management Ltd,mkmfinancialmanagement.co.uk
https://financialadvisers.co.uk/financial-planning/linlithgow/?pl_p=15&pl_m=40,Aveton Gifford Associates Limited,avetongiffordassociates.com
https://financialadvisers.co.uk/financial-planning/linlithgow/?pl_p=16&pl_m=40,More Than Mortgages Limited,morethanmortgages.co.uk
https://financialadvisers.co.uk/financial-planning/linlithgow/?pl_p=16&pl_m=40,Burleigh Financial Planning Limited,mandgwealth.com/burleighfinancialplanning
https://financialadvisers.co.uk/financial-planning/linlithgow/?pl_p=16&pl_m=40,Clydevalley Financial Solutions Limited,clydevalleyfs.co.uk
https://financialadvisers.co.uk/financial-planning/linlithgow/?pl_p=16&pl_m=40,Kilgour Wealth Management Limited,kilgourwealth.co.uk
https://financialadvisers.co.uk/financial-planning/linlithgow/?pl_p=16&pl_m=40,Kingdom Financial Services Limited,kingdomfs.com
https://financialadvisers.co.uk/financial-planning/linlithgow/?pl_p=16&pl_m=40,DWM Financial Planning Ltd,dwmfp.co.uk
https://financialadvisers.co.uk/financial-planning/linlithgow/?pl_p=16&pl_m=40,Ardmore Financial Planning Limited,ardmorefinancial.co.uk
https://financialadvisers.co.uk/financial-planning/linlithgow/?pl_p=16&pl_m=40,TSH (Financial Services) Ltd,
https://financialadvisers.co.uk/financial-planning/linlithgow/?pl_p=16&pl_m=40,Filsell Wealth Ltd,filsellwealth.co.uk
https://financialadvisers.co.uk/financial-planning/linlithgow/?pl_p=16&pl_m=40,Create and Prosper Financial Services Ltd,createandprosper.co.uk
https://financialadvisers.co.uk/financial-planning/linlithgow/?pl_p=16&pl_m=40,The Iris Partnership,irismortgages.co.uk
https://financialadvisers.co.uk/financial-planning/linlithgow/?pl_p=16&pl_m=40,MCM Financial Limited,
https://financialadvisers.co.uk/financial-planning/linlithgow/?pl_p=16&pl_m=40,SRB Wealth Management Ltd,srbwm.co.uk
https://financialadvisers.co.uk/financial-planning/linlithgow/?pl_p=16&pl_m=40,Integrity Asset Management Limited,integrityasset.uk
https://financialadvisers.co.uk/financial-planning/linlithgow/?pl_p=16&pl_m=40,OPA Wealth Management Ltd,opawealthmanagement.co.uk
https://financialadvisers.co.uk/financial-planning/linlithgow/?pl_p=17&pl_m=40,Sunflower Financial Planning Ltd,sunflowerfinancialplanning.co.uk
https://financialadvisers.co.uk/financial-planning/linlithgow/?pl_p=17&pl_m=40,Cairn Independent Limited,cairn.money
https://financialadvisers.co.uk/financial-planning/linlithgow/?pl_p=17&pl_m=40,MARGARET NOONE FINANCIAL PLANNING LTD,mandgwealth.com/margaretnoonefinancialplanning
https://financialadvisers.co.uk/financial-planning/linlithgow/?pl_p=17&pl_m=40,Alexander Wealth Management Limited,
https://financialadvisers.co.uk/financial-planning/linlithgow/?pl_p=17&pl_m=40,Graham Grant IFA Limited,aol.com
https://financialadvisers.co.uk/financial-planning/linlithgow/?pl_p=17&pl_m=40,Robertson Jones Wealth Management Ltd,partnership.sjp.co.uk/partner/rjwm
https://financialadvisers.co.uk/financial-planning/linlithgow/?pl_p=17&pl_m=40,Summerside Independent Ltd,
https://financialadvisers.co.uk/financial-planning/linlithgow/?pl_p=17&pl_m=40,Carrick Stuart & Co (Financial Consultants) Ltd,villageestatesfc.co.uk
https://financialadvisers.co.uk/financial-planning/linlithgow/?pl_p=17&pl_m=40,Guthrie Wealth Consultancy Ltd,guthriewealthconsultancy.co.uk
https://financialadvisers.co.uk/financial-planning/linlithgow/?pl_p=17&pl_m=40,Honest Wealth Management Ltd,honestwealth.co.uk
https://financialadvisers.co.uk/financial-planning/linlithgow/?pl_p=17&pl_m=40,Darren Davidson,claritywealthservices.co.uk
https://financialadvisers.co.uk/financial-planning/linlithgow/?pl_p=17&pl_m=40,Gosford Financial Services Ltd,gosfordfs.co.uk
https://financialadvisers.co.uk/financial-planning/linlithgow/?pl_p=17&pl_m=40,Renton Wealth Management Ltd,2plan.com
https://financialadvisers.co.uk/financial-planning/linlithgow/?pl_p=17&pl_m=40,M & W Mortgages Limited,
https://financialadvisers.co.uk/financial-planning/linlithgow/?pl_p=17&pl_m=40,Carnegie Financial Services Ltd,
https://financialadvisers.co.uk/financial-planning/linlithgow/?pl_p=18&pl_m=40,DM Pension & Investment Solutions Ltd,face2faceadvice.co.uk
https://financialadvisers.co.uk/financial-planning/linlithgow/?pl_p=18&pl_m=40,Campbell Alexander Financial Management Ltd,cafinancial.co.uk
https://financialadvisers.co.uk/financial-planning/linlithgow/?pl_p=18&pl_m=40,Oliver Asset Management Ltd,oliverassetmgmt.co.uk
https://financialadvisers.co.uk/financial-planning/linlithgow/?pl_p=18&pl_m=40,Global Advice Group Ltd,gag-ltd.com
https://financialadvisers.co.uk/financial-planning/linlithgow/?pl_p=18&pl_m=40,Page Financial,pagefinancial.co.uk
https://financialadvisers.co.uk/financial-planning/linlithgow/?pl_p=18&pl_m=40,Kenneth Murphy,partnership.sjp.co.uk/partner/kennethmurphy
https://financialadvisers.co.uk/financial-planning/linlithgow/?pl_p=18&pl_m=40,Moorlands Financial Services Ltd,moorlandsfinancial.co.uk
https://financialadvisers.co.uk/financial-planning/linlithgow/?pl_p=18&pl_m=40,Mike McGirr Financial Services Limited,kirstybaird.com
https://financialadvisers.co.uk/financial-planning/linlithgow/?pl_p=18&pl_m=40,Alistair Black,alistairblack.com
https://financialadvisers.co.uk/financial-planning/linlithgow/?pl_p=18&pl_m=40,R & G FINANCIAL SERVICES LTD,randgfinancial.co.uk
https://financialadvisers.co.uk/financial-planning/linlithgow/?pl_p=18&pl_m=40,Mortgage Information Bureau Ltd,
https://financialadvisers.co.uk/financial-planning/linlithgow/?pl_p=18&pl_m=40,Marc Thomson Mortgages & Wealth Ltd,mtmw.co.uk
https://financialadvisers.co.uk/financial-planning/linlithgow/?pl_p=18&pl_m=40,SAM Wealth LLP,samwealth.co.uk
https://financialadvisers.co.uk/financial-planning/linlithgow/?pl_p=18&pl_m=40,Strategic Asset Managers Limited,strategicassetmanagers.co.uk
https://financialadvisers.co.uk/financial-planning/linlithgow/?pl_p=18&pl_m=40,S.F.S. Investments Limited,southernfs.co.uk
https://financialadvisers.co.uk/financial-planning/linlithgow/?pl_p=19&pl_m=40,Lockhart Consultancy Ltd,lockhartconsultancy.co.uk
https://financialadvisers.co.uk/financial-planning/linlithgow/?pl_p=19&pl_m=40,Financial Independent Solutions Limited,financialindependentsolutions.co.uk
https://financialadvisers.co.uk/financial-planning/linlithgow/?pl_p=19&pl_m=40,Grant Robert Alexander Scholefield,evolveadvice.com
https://financialadvisers.co.uk/financial-planning/linlithgow/?pl_p=19&pl_m=40,David Dougan Financial Services Limited,daviddouganfinancial.com
https://financialadvisers.co.uk/financial-planning/linlithgow/?pl_p=19&pl_m=40,Investment & Mortgage Options Scotland Ltd,imoscotland.com
https://financialadvisers.co.uk/financial-planning/linlithgow/?pl_p=19&pl_m=40,Keith Roseburgh Financial Limited,keithroseburgh.co.uk
https://financialadvisers.co.uk/financial-planning/linlithgow/?pl_p=19&pl_m=40,Thomson Ferrie LLP,thomsonferrie.co.uk
https://financialadvisers.co.uk/financial-planning/linlithgow/?pl_p=19&pl_m=40,Executive Benefit Services (UK) Limited,ebsuk.com
https://financialadvisers.co.uk/financial-planning/linlithgow/?pl_p=19&pl_m=40,Scotzone Insurance Consultants Limited,scotzone.co.uk
https://financialadvisers.co.uk/financial-planning/linlithgow/?pl_p=19&pl_m=40,S W Financial Management Limited,sw-fm.co.uk
https://financialadvisers.co.uk/financial-planning/linlithgow/?pl_p=19&pl_m=40,R.C. McLeish Insurance Consultants Ltd,rcmcleish.com
https://financialadvisers.co.uk/financial-planning/linlithgow/?pl_p=19&pl_m=40,Stable Financial Group Ltd,
https://financialadvisers.co.uk/financial-planning/linlithgow/?pl_p=19&pl_m=40,Adelp Financial Solutions Ltd,adelpfs.co.uk
https://financialadvisers.co.uk/financial-planning/linlithgow/?pl_p=19&pl_m=40,Avoca Wealth Management Ltd,avocawealth.com
https://financialadvisers.co.uk/financial-planning/linlithgow/?pl_p=19&pl_m=40,Iolaire Financial Limited,iolairefinancial.co.uk
https://financialadvisers.co.uk/financial-planning/linlithgow/?pl_p=20&pl_m=40,Liam Baillie,liambailliewealthmanagement.co.uk
https://financialadvisers.co.uk/financial-planning/linlithgow/?pl_p=20&pl_m=40,Allocate Wealth Management LTD,mandgwealth.com/allocatewealthmanagement
https://financialadvisers.co.uk/financial-planning/linlithgow/?pl_p=20&pl_m=40,TDH Financial Planning Ltd,tdhfinancialplanning.co.uk
https://financialadvisers.co.uk/financial-planning/linlithgow/?pl_p=20&pl_m=40,Mr Paul O'Brien,tru-ifa.co.uk
https://financialadvisers.co.uk/financial-planning/linlithgow/?pl_p=20&pl_m=40,Alexander Campbell McLaughlan,acmwealth.co.uk
https://financialadvisers.co.uk/financial-planning/linlithgow/?pl_p=20&pl_m=40,Sebastien Zamora Wealth Management Ltd,sebastienzamora.co.uk
https://financialadvisers.co.uk/financial-planning/linlithgow/?pl_p=20&pl_m=40,Ian Gordon Financial Services (Scotland) LTD,igfs.co.uk
https://financialadvisers.co.uk/financial-planning/linlithgow/?pl_p=20&pl_m=40,Kevin Laidlaw Financial Planning,kevinlaidlaw.co.uk
https://financialadvisers.co.uk/financial-planning/linlithgow/?pl_p=20&pl_m=40,Robert Ashton,partnership.sjp.co.uk/partner/robertashtonf
https://financialadvisers.co.uk/financial-planning/linlithgow/?pl_p=20&pl_m=40,JRW Financial Management Ltd,jrwfinancial.co.uk
https://financialadvisers.co.uk/financial-planning/linlithgow/?pl_p=20&pl_m=40,Brookfield Wealth Management,mandgwealth.com/brookfieldwealthmanagement
https://financialadvisers.co.uk/financial-planning/linlithgow/?pl_p=20&pl_m=40,Synergy Financial Planning Limited,aabwealth.uk
https://financialadvisers.co.uk/financial-planning/linlithgow/?pl_p=20&pl_m=40,Optimal Financial Solutions Ltd,optimalfinancial.co.uk
https://financialadvisers.co.uk/financial-planning/linlithgow/?pl_p=20&pl_m=40,Rainbow Consulting (Scot) Limited,rcons.co.uk
https://financialadvisers.co.uk/financial-planning/linlithgow/?pl_p=20&pl_m=40,JLS Associates Independent Financial Advisers Ltd,jls-associates.co.uk
https://financialadvisers.co.uk/financial-planning/linlithgow/?pl_p=21&pl_m=40,The BT Partnership,thebtpartnership.ifa-web.co.uk
https://financialadvisers.co.uk/financial-planning/linlithgow/?pl_p=21&pl_m=40,Quinn & Co Wealth Management Ltd,quinnwealthmanagement.co.uk
https://financialadvisers.co.uk/financial-planning/linlithgow/?pl_p=21&pl_m=40,Alistair Flynn,clachanviewwm.co.uk
https://financialadvisers.co.uk/financial-planning/linlithgow/?pl_p=21&pl_m=40,Craig Johnston Asset Management Limited,cjamltd.co.uk
https://financialadvisers.co.uk/financial-planning/linlithgow/?pl_p=21&pl_m=40,Holyrood Asset Management Ltd,holyroodam.co.uk
https://financialadvisers.co.uk/financial-planning/linlithgow/?pl_p=21&pl_m=40,Riverpark Investment & Financial Consultants Limited,riverparkifa.com
https://financialadvisers.co.uk/financial-planning/linlithgow/?pl_p=21&pl_m=40,DJC Wealth Management Ltd,djcwm.co.uk
https://financialadvisers.co.uk/financial-planning/linlithgow/?pl_p=21&pl_m=40,Clyde Financial Services Ltd,clydefinancialservices.com
https://financialadvisers.co.uk/financial-planning/linlithgow/?pl_p=21&pl_m=40,The Ailsa Partnership Ltd,theailsapartnership.com
https://financialadvisers.co.uk/financial-planning/linlithgow/?pl_p=21&pl_m=40,Simple Financial Planning Ltd,simplefp.co.uk
https://financialadvisers.co.uk/financial-planning/linlithgow/?pl_p=21&pl_m=40,Eric Watson Financial Solutions Ltd,ericwatsonfs.co.uk
https://financialadvisers.co.uk/financial-planning/linlithgow/?pl_p=21&pl_m=40,Jesse Tatlow,partnership.sjp.co.uk/partner/jessetatlow
https://financialadvisers.co.uk/financial-planning/linlithgow/?pl_p=21&pl_m=40,Executive Financial Services Ltd,efsltd.uk.com
https://financialadvisers.co.uk/financial-planning/linlithgow/?pl_p=21&pl_m=40,Kelvin Smith Financial Planning Ltd,kelvinsmith.com
https://financialadvisers.co.uk/financial-planning/linlithgow/?pl_p=21&pl_m=40,CC Financial Management Ltd,csfinancialservices.co.uk
https://financialadvisers.co.uk/financial-planning/linlithgow/?pl_p=22&pl_m=40,Peter Wyper,
https://financialadvisers.co.uk/financial-planning/linlithgow/?pl_p=22&pl_m=40,M B Financial Planning Limited,mbfp.co.uk
https://financialadvisers.co.uk/financial-planning/linlithgow/?pl_p=22&pl_m=40,Glasgow Wealth Limited,glasgowwealth.co.uk
https://financialadvisers.co.uk/financial-planning/linlithgow/?pl_p=22&pl_m=40,Thomson Wealth Management Ltd,thomsonwealth.co.uk
https://financialadvisers.co.uk/financial-planning/linlithgow/?pl_p=22&pl_m=40,Lauder Financial Limited,
https://financialadvisers.co.uk/financial-planning/linlithgow/?pl_p=22&pl_m=40,Solicitors Financial Centre Limited,sfcglasgow.co.uk
https://financialadvisers.co.uk/financial-planning/linlithgow/?pl_p=22&pl_m=40,Campbell Financial Services Ltd,campbellfs.com
https://financialadvisers.co.uk/financial-planning/linlithgow/?pl_p=22&pl_m=40,Money Right Financial Planning Limited,
https://financialadvisers.co.uk/financial-planning/linlithgow/?pl_p=22&pl_m=40,The ER Network Ltd,ernetwork.co.uk
https://financialadvisers.co.uk/financial-planning/linlithgow/?pl_p=22&pl_m=40,Christie Financial Planning Limited,christiefp.com
https://financialadvisers.co.uk/financial-planning/linlithgow/?pl_p=22&pl_m=40,Campbell Thomson (Insurance Services) Limited,campbellthomson.co.uk
https://financialadvisers.co.uk/financial-planning/linlithgow/?pl_p=22&pl_m=40,McCrea Financial Services Limited,mccreafs.co.uk
https://financialadvisers.co.uk/financial-planning/linlithgow/?pl_p=22&pl_m=40,Morton Hill Ltd,mcknightfinancial.co.uk
https://financialadvisers.co.uk/financial-planning/linlithgow/?pl_p=22&pl_m=40,Intelligent Capital Ltd,intelligentcapital.biz
https://financialadvisers.co.uk/financial-planning/linlithgow/?pl_p=22&pl_m=40,Fitzallan Ltd,fitzallan.com
https://financialadvisers.co.uk/financial-planning/linlithgow/?pl_p=23&pl_m=40,David McDonald Financial Services Ltd,davidmcdonald.co.uk
https://financialadvisers.co.uk/financial-planning/linlithgow/?pl_p=23&pl_m=40,AGL Wealth Management Ltd,aglwealth.com
https://financialadvisers.co.uk/financial-planning/linlithgow/?pl_p=23&pl_m=40,Traquair Financial Services Ltd,
https://financialadvisers.co.uk/financial-planning/linlithgow/?pl_p=23&pl_m=40,Fraser Spy Financial Services Ltd,fraserspy.co.uk
https://financialadvisers.co.uk/financial-planning/linlithgow/?pl_p=23&pl_m=40,Wellington Wealth (Glasgow) Limited,wellington-wealth.com
https://financialadvisers.co.uk/financial-planning/linlithgow/?pl_p=23&pl_m=40,Verum Wealth Ltd,verumwealth.com
https://financialadvisers.co.uk/financial-planning/linlithgow/?pl_p=23&pl_m=40,Georgetown Wealth Management LLP,georgetownwealthmanagement.co.uk
https://financialadvisers.co.uk/financial-planning/linlithgow/?pl_p=23&pl_m=40,Clark Boyle Limited,clarkboyle.co.uk
https://financialadvisers.co.uk/financial-planning/linlithgow/?pl_p=23&pl_m=40,Kenneth Ross Independent Financial Advisers Ltd,kennethross.co.uk
https://financialadvisers.co.uk/financial-planning/linlithgow/?pl_p=23&pl_m=40,D L Bloomer Limited,dlbloomer.com
https://financialadvisers.co.uk/financial-planning/linlithgow/?pl_p=23&pl_m=40,McLay McAlister (Financial Services) Limited,mmmca.co.uk
https://financialadvisers.co.uk/financial-planning/linlithgow/?pl_p=23&pl_m=40,Save & Invest FT Limited,saveandinvest.co.uk
https://financialadvisers.co.uk/financial-planning/linlithgow/?pl_p=23&pl_m=40,Save & Invest (Financial Planning) Limited,saveandinvest.com
https://financialadvisers.co.uk/financial-planning/linlithgow/?pl_p=23&pl_m=40,Cedarwood Wealth Management Ltd,wcedarwoodwm.co.uk
https://financialadvisers.co.uk/financial-planning/linlithgow/?pl_p=23&pl_m=40,Sterling Scotia Limited,
https://financialadvisers.co.uk/financial-planning/linlithgow/?pl_p=24&pl_m=40,Erdley Hand T/A Wright Hand Associates,wh-associates.co.uk
https://financialadvisers.co.uk/financial-planning/linlithgow/?pl_p=24&pl_m=40,SPECTRUM WEALTH GROUP LTD,spectrumwealthgroup.com
https://financialadvisers.co.uk/financial-planning/linlithgow/?pl_p=24&pl_m=40,Adam Leech,partnership.sjp.co.uk/partner/ajleech
https://financialadvisers.co.uk/financial-planning/linlithgow/?pl_p=24&pl_m=40,Buchanan Financial Planning Ltd,buchananfp.co.uk
https://financialadvisers.co.uk/financial-planning/linlithgow/?pl_p=24&pl_m=40,June Murray Wealth Management Ltd,partnership.sjp.co.uk/partner/junemurraywealthmanagement
https://financialadvisers.co.uk/financial-planning/linlithgow/?pl_p=24&pl_m=40,Anthony Blake,anthonyblakefinancialplanning.co.uk
https://financialadvisers.co.uk/financial-planning/linlithgow/?pl_p=24&pl_m=40,Ryan Quinn,partnership.sjp.co.uk/partner/rqfinancialmanagement
https://financialadvisers.co.uk/financial-planning/linlithgow/?pl_p=24&pl_m=40,Waseem Afsar,wa-wm.co.uk
https://financialadvisers.co.uk/financial-planning/linlithgow/?pl_p=24&pl_m=40,Julie Robertson,partnership.sjp.co.uk/partner/myafinancial
https://financialadvisers.co.uk/financial-planning/linlithgow/?pl_p=24&pl_m=40,Tait Wealth Management Limited,taitwealthmanagement.co.uk
https://financialadvisers.co.uk/financial-planning/linlithgow/?pl_p=24&pl_m=40,Martin McLaughlan,martinmclaughlanwm.co.uk
https://financialadvisers.co.uk/financial-planning/linlithgow/?pl_p=24&pl_m=40,Ross Johnston,617fm.co.uk
https://financialadvisers.co.uk/financial-planning/linlithgow/?pl_p=24&pl_m=40,Lisa McCreadie,lmcfinancialplanning.co.uk
https://financialadvisers.co.uk/financial-planning/linlithgow/?pl_p=24&pl_m=40,Jonathan Reid,partnership.sjp.co.uk/partner/reidfinancialplanning
https://financialadvisers.co.uk/financial-planning/linlithgow/?pl_p=24&pl_m=40,Jack Wyllie,partnership.sjp.co.uk/partner/wylliewealthmanagement
https://financialadvisers.co.uk/financial-planning/linlithgow/?pl_p=25&pl_m=40,Seven Wealth Ltd,seven-wealth.co.uk
https://financialadvisers.co.uk/financial-planning/linlithgow/?pl_p=25&pl_m=40,Martin Campbell,martincampbellfinancial.co.uk
https://financialadvisers.co.uk/financial-planning/linlithgow/?pl_p=25&pl_m=40,Blythswood Associates Ltd,blythswood.com
https://financialadvisers.co.uk/financial-planning/linlithgow/?pl_p=25&pl_m=40,Bruce Harvey,sjpp.co.uk/bruceaharvey
https://financialadvisers.co.uk/financial-planning/linlithgow/?pl_p=25&pl_m=40,Hina Zia,hinaziawm.co.uk
https://financialadvisers.co.uk/financial-planning/linlithgow/?pl_p=25&pl_m=40,Alexanders Wealth Management Ltd,alexanderswm.co.uk
https://financialadvisers.co.uk/financial-planning/linlithgow/?pl_p=25&pl_m=40,Bradley Financial Planning Ltd,paulinebulloch.co.uk
https://financialadvisers.co.uk/financial-planning/linlithgow/?pl_p=25&pl_m=40,Dean Financial Management Limited,partnership.sjp.co.uk/partner/deanfinancialmanagement
https://financialadvisers.co.uk/financial-planning/linlithgow/?pl_p=25&pl_m=40,Jill Young,partnership.sjp.co.uk/partner/jillyoungwm
https://financialadvisers.co.uk/financial-planning/linlithgow/?pl_p=25&pl_m=40,John Cumming,sjpp.co.uk/johncumming
https://financialadvisers.co.uk/financial-planning/linlithgow/?pl_p=25&pl_m=40,Stuart Aitken,lochranzawealth.co.uk
https://financialadvisers.co.uk/financial-planning/linlithgow/?pl_p=25&pl_m=40,Jagdip Bhandal,singhwealth.co.uk
https://financialadvisers.co.uk/financial-planning/linlithgow/?pl_p=25&pl_m=40,Daniele Tuveri,glenstonewealth.co.uk
https://financialadvisers.co.uk/financial-planning/linlithgow/?pl_p=25&pl_m=40,Daniel Burke,partnership.sjp.co.uk/partner/danielburke
https://financialadvisers.co.uk/financial-planning/linlithgow/?pl_p=25&pl_m=40,Kevin Pinkerton,kevinpinkerton.co.uk
https://financialadvisers.co.uk/financial-planning/linlithgow/?pl_p=26&pl_m=40,Gemmell & Co Wealth Management Ltd,williamgemmell.co.uk
https://financialadvisers.co.uk/financial-planning/linlithgow/?pl_p=26&pl_m=40,Craig Paterson,sjpp.co.uk/craigpaterson
https://financialadvisers.co.uk/financial-planning/linlithgow/?pl_p=26&pl_m=40,Cowan Financial Consultants Limited,cowanfinancial.co.uk
https://financialadvisers.co.uk/financial-planning/linlithgow/?pl_p=26&pl_m=40,Adam Edward Tweedie,covewealth.co.uk
https://financialadvisers.co.uk/financial-planning/linlithgow/?pl_p=26&pl_m=40,Renata Cook Wealth Management Ltd,rcwealthmanagement.co.uk
https://financialadvisers.co.uk/financial-planning/linlithgow/?pl_p=26&pl_m=40,William Wallace Wealth Management,lgim.com
https://financialadvisers.co.uk/financial-planning/linlithgow/?pl_p=26&pl_m=40,Bonum Wealth Ltd,bonumwealth.co.uk
https://financialadvisers.co.uk/financial-planning/linlithgow/?pl_p=26&pl_m=40,Advanta Direct Ltd,mooreifa.co.uk
https://financialadvisers.co.uk/financial-planning/linlithgow/?pl_p=26&pl_m=40,D A Calder Limited,dacalder.com
https://financialadvisers.co.uk/financial-planning/linlithgow/?pl_p=26&pl_m=40,Pinewood Portfolio Management LLP,pinewoodpm.com
https://financialadvisers.co.uk/financial-planning/linlithgow/?pl_p=26&pl_m=40,A.S.K. Wealth Management LLP,askwealthmanagement.co.uk
https://financialadvisers.co.uk/financial-planning/linlithgow/?pl_p=26&pl_m=40,Gilliland Neilson Brown Limited,gnbfs.co.uk
https://financialadvisers.co.uk/financial-planning/linlithgow/?pl_p=26&pl_m=40,Murphy Wealth Limited,murphywealth.co.uk
https://financialadvisers.co.uk/financial-planning/linlithgow/?pl_p=26&pl_m=40,Forrest Financial Management Limited,forrestfinancialmanagement.co.uk
https://financialadvisers.co.uk/financial-planning/linlithgow/?pl_p=26&pl_m=40,Investax Limited,investaxlimited.co.uk
https://financialadvisers.co.uk/financial-planning/linlithgow/?pl_p=27&pl_m=40,The Wealth Office Ltd,thewealthoffice.co.uk
https://financialadvisers.co.uk/financial-planning/linlithgow/?pl_p=27&pl_m=40,Intelligent Pensions Ltd,intelligentpensions.com
https://financialadvisers.co.uk/financial-planning/linlithgow/?pl_p=27&pl_m=40,CFG Investment Services Ltd,cfgwealthmanagement.co.uk
https://financialadvisers.co.uk/financial-planning/linlithgow/?pl_p=27&pl_m=40,The Carruth Financial Group Limited,cfgfinancialadvisors.co.uk
https://financialadvisers.co.uk/financial-planning/linlithgow/?pl_p=27&pl_m=40,CORRAN FINANCIAL LTD,justfinancialgroup.co.uk
https://financialadvisers.co.uk/financial-planning/linlithgow/?pl_p=27&pl_m=40,Just Financial Group Ltd,Justfinancialgroup.co.uk
https://financialadvisers.co.uk/financial-planning/linlithgow/?pl_p=27&pl_m=40,Bright Rivers Wealth Management Ltd,justfinancialgroup.co.uk
https://financialadvisers.co.uk/financial-planning/linlithgow/?pl_p=27&pl_m=40,RA Financial Planning Limited,WWW.KELVINFP.COM
https://financialadvisers.co.uk/financial-planning/linlithgow/?pl_p=27&pl_m=40,DC Premier Wealth Management Limited,justfinancialgroup.co.uk
https://financialadvisers.co.uk/financial-planning/linlithgow/?pl_p=27&pl_m=40,Kelvin Financial Planning Limited,kelvinfp.com
https://financialadvisers.co.uk/financial-planning/linlithgow/?pl_p=27&pl_m=40,Cairn Financial Management Limited,cairnfm.co.uk
https://financialadvisers.co.uk/financial-planning/linlithgow/?pl_p=27&pl_m=40,David Vance Consulting Ltd,vancefm.co.uk
https://financialadvisers.co.uk/financial-planning/linlithgow/?pl_p=27&pl_m=40,Craig Kilgour Independent Financial Planning Limited,craigkilgour.com
https://financialadvisers.co.uk/financial-planning/linlithgow/?pl_p=27&pl_m=40,Caledonian Financial Management Limited,caledonianfm.co.uk
https://financialadvisers.co.uk/financial-planning/linlithgow/?pl_p=27&pl_m=40,Muir Brown Limited,muirbrown.com
https://financialadvisers.co.uk/financial-planning/linlithgow/?pl_p=28&pl_m=40,Elite Financial Advice Ltd,elitefinancialadvice.co.uk
https://financialadvisers.co.uk/financial-planning/linlithgow/?pl_p=28&pl_m=40,Argyle Consulting Ltd,argyleconsulting.co.uk
https://financialadvisers.co.uk/financial-planning/linlithgow/?pl_p=28&pl_m=40,Paterson Financial Planning Ltd,patersonfp.co.uk
https://financialadvisers.co.uk/financial-planning/linlithgow/?pl_p=28&pl_m=40,Whiteleigh Financial Planning Ltd,partnership.sjp.co.uk/robertmcilroy
https://financialadvisers.co.uk/financial-planning/linlithgow/?pl_p=28&pl_m=40,VWM Consulting Limited,vwmwealth.com
https://financialadvisers.co.uk/financial-planning/linlithgow/?pl_p=28&pl_m=40,"Wright, Johnston & MacKenzie LLP",wjm.co.uk
https://financialadvisers.co.uk/financial-planning/linlithgow/?pl_p=28&pl_m=40,Mandan Financial Management,mandanifa.co.uk
https://financialadvisers.co.uk/financial-planning/linlithgow/?pl_p=28&pl_m=40,Aspire Wealth (Scotland) Limited,aspirewealthscotland.com
https://financialadvisers.co.uk/financial-planning/linlithgow/?pl_p=28&pl_m=40,Stewart Asset Management Limited,stewartassetmanagement.co.uk
https://financialadvisers.co.uk/financial-planning/linlithgow/?pl_p=28&pl_m=40,Advanced Asset Consultants Ltd,advancedasset.co.uk
https://financialadvisers.co.uk/financial-planning/linlithgow/?pl_p=28&pl_m=40,HAAA Ltd,ek.2plan.com
https://financialadvisers.co.uk/financial-planning/linlithgow/?pl_p=28&pl_m=40,Henderson Stone & Co Ltd,hendersonstone.co.uk
https://financialadvisers.co.uk/financial-planning/linlithgow/?pl_p=28&pl_m=40,Leven Wealth Management Limited,levenwealth.co.uk
https://financialadvisers.co.uk/financial-planning/linlithgow/?pl_p=28&pl_m=40,Henderson Stone Asset Management Limited,pensionadvicescotland.com
https://financialadvisers.co.uk/financial-planning/linlithgow/?pl_p=28&pl_m=40,Semple Buchan Financial Management Ltd,
https://financialadvisers.co.uk/financial-planning/linlithgow/?pl_p=29&pl_m=40,Finesco Financial Services Limited,finesco.com
https://financialadvisers.co.uk/financial-planning/linlithgow/?pl_p=29&pl_m=40,Rosemount Asset Management Ltd,rosemountasset.co.uk
https://financialadvisers.co.uk/financial-planning/linlithgow/?pl_p=29&pl_m=40,Kyle Consulting Ltd,kyleconsulting.co.uk
https://financialadvisers.co.uk/financial-planning/linlithgow/?pl_p=29&pl_m=40,Strategic Retirement Solutions Ltd,srsifa.co.uk
https://financialadvisers.co.uk/financial-planning/linlithgow/?pl_p=29&pl_m=40,Stewart Financial Management Limited,stewartfm.co.uk
https://financialadvisers.co.uk/financial-planning/linlithgow/?pl_p=29&pl_m=40,Thomson McCallum Ltd,thomsonmccallum.co.uk
https://financialadvisers.co.uk/financial-planning/linlithgow/?pl_p=29&pl_m=40,Paton Wealth Management Limited,patonwealthmanagement.co.uk
https://financialadvisers.co.uk/financial-planning/linlithgow/?pl_p=29&pl_m=40,APC Financial Solutions and Consultancy Services Limited,apcfinancial.co.uk
https://financialadvisers.co.uk/financial-planning/linlithgow/?pl_p=29&pl_m=40,Citypoint Wealth Limited,citypointwealth.uk
https://financialadvisers.co.uk/financial-planning/linlithgow/?pl_p=29&pl_m=40,Heather Macqueen Limited,heathermacqueen.co.uk
https://financialadvisers.co.uk/financial-planning/linlithgow/?pl_p=29&pl_m=40,Castlebank Financial Planning Limited,castle-bank.co.uk
https://financialadvisers.co.uk/financial-planning/linlithgow/?pl_p=29&pl_m=40,Melrose Wemyss Associates Limited,mwassocites.net
https://financialadvisers.co.uk/financial-planning/linlithgow/?pl_p=29&pl_m=40,Blackmount Private Wealth Limited,blackmountwealth.co.uk
https://financialadvisers.co.uk/financial-planning/linlithgow/?pl_p=29&pl_m=40,Simple Financial Services Ltd,simplefinancial.co.uk
https://financialadvisers.co.uk/financial-planning/linlithgow/?pl_p=29&pl_m=40,Capital Managers LLP,capitalmanagers.co.uk
https://financialadvisers.co.uk/financial-planning/linlithgow/?pl_p=30&pl_m=40,Talon Associates Limited,talonassociates.co.uk
https://financialadvisers.co.uk/financial-planning/linlithgow/?pl_p=30&pl_m=40,S K Nanda Financial Services,
https://financialadvisers.co.uk/financial-planning/linlithgow/?pl_p=30&pl_m=40,Interactive Wealth Management Limited,interactivewealth.co.uk
https://financialadvisers.co.uk/financial-planning/linlithgow/?pl_p=30&pl_m=40,EIS Financial Services Ltd,eisfs.co.uk
https://financialadvisers.co.uk/financial-planning/linlithgow/?pl_p=30&pl_m=40,Independent One-2-One Ltd,independent121.co.uk
https://financialadvisers.co.uk/financial-planning/linlithgow/?pl_p=30&pl_m=40,Holland (Glasgow) Insurance Brokers Ltd,hollandinsurancebrokers.com
https://financialadvisers.co.uk/financial-planning/linlithgow/?pl_p=30&pl_m=40,Colin R Bauld,finchwealth.com
https://financialadvisers.co.uk/financial-planning/linlithgow/?pl_p=30&pl_m=40,Castlebay Investment Partners LLP,castlebayinvestments.com
https://financialadvisers.co.uk/financial-planning/linlithgow/?pl_p=30&pl_m=40,Davidson Asset Management Limited,damgoodpensions.com
https://financialadvisers.co.uk/financial-planning/linlithgow/?pl_p=30&pl_m=40,Amy Ireland,
https://financialadvisers.co.uk/financial-planning/linlithgow/?pl_p=30&pl_m=40,Cleveden Park Wealth Ltd,clevedenparkwealth.co.uk
https://financialadvisers.co.uk/financial-planning/linlithgow/?pl_p=30&pl_m=40,Echo Wealth Management Limited,echowealth.co.uk
https://financialadvisers.co.uk/financial-planning/linlithgow/?pl_p=30&pl_m=40,ILM Financial Limited,ilmfinancial.co.uk
https://financialadvisers.co.uk/financial-planning/linlithgow/?pl_p=30&pl_m=40,MurrayPaterson Limited,murraypaterson.co.uk
https://financialadvisers.co.uk/financial-planning/linlithgow/?pl_p=30&pl_m=40,Orr Kerr Dykes Financial Services Limited,okdfs.co.uk
https://financialadvisers.co.uk/financial-planning/linlithgow/?pl_p=31&pl_m=40,Optimize Financial Solutions Limited,kpwinvestments.co.uk
https://financialadvisers.co.uk/financial-planning/linlithgow/?pl_p=31&pl_m=40,Begley Brown Financial Solutions Ltd,begleybrown.co.uk
https://financialadvisers.co.uk/financial-planning/linlithgow/?pl_p=31&pl_m=40,KPW Investments LLP,kpwinvestments.co.uk
https://financialadvisers.co.uk/financial-planning/linlithgow/?pl_p=31&pl_m=40,Nexus Wealth Planning Ltd,nexuswp.co.uk
https://financialadvisers.co.uk/financial-planning/linlithgow/?pl_p=31&pl_m=40,Robert Graham Harvie,rgharvie.com
https://financialadvisers.co.uk/financial-planning/linlithgow/?pl_p=31&pl_m=40,Tweed Financial Services Ltd,tweedfs.co.uk
https://financialadvisers.co.uk/financial-planning/linlithgow/?pl_p=31&pl_m=40,The Internet IFA Ltd,adassociates.co.uk
https://financialadvisers.co.uk/financial-planning/linlithgow/?pl_p=31&pl_m=40,FD Wealth Ltd,fdwealth.co.uk
https://financialadvisers.co.uk/financial-planning/linlithgow/?pl_p=31&pl_m=40,Martin Aitken Financial Services Limited,mafsltd.co.uk
https://financialadvisers.co.uk/financial-planning/linlithgow/?pl_p=31&pl_m=40,Independent Financial Strategies Ltd,clarkgillone.co.uk
https://financialadvisers.co.uk/financial-planning/linlithgow/?pl_p=31&pl_m=40,Harkin Financial Services Ltd,harkinfs.com
https://financialadvisers.co.uk/financial-planning/linlithgow/?pl_p=31&pl_m=40,Urquhart Asset Management Limited,urquhartasset.com
https://financialadvisers.co.uk/financial-planning/linlithgow/?pl_p=31&pl_m=40,McLeod Ross Financial Planning LLP,mcleodross.com
https://financialadvisers.co.uk/financial-planning/linlithgow/?pl_p=31&pl_m=40,MB Wealth Management Limited,mbwealthmanagement.co.uk
https://financialadvisers.co.uk/financial-planning/linlithgow/?pl_p=31&pl_m=40,Wisdom Consulting Limited,wisdomconsulting.co.uk
https://financialadvisers.co.uk/financial-planning/linlithgow/?pl_p=32&pl_m=40,Professional Wealth Planning Limited,pwplan.co.uk
https://financialadvisers.co.uk/financial-planning/linlithgow/?pl_p=32&pl_m=40,A Henderson Financial Planning Ltd,ahfinplan.co.uk
https://financialadvisers.co.uk/financial-planning/linlithgow/?pl_p=32&pl_m=40,CIB Financial Management Limited,cibfinancialmanagement.co.uk
https://financialadvisers.co.uk/financial-planning/linlithgow/?pl_p=32&pl_m=40,Campbell Mackie Limited,campbellmackie.co.uk
https://financialadvisers.co.uk/financial-planning/linlithgow/?pl_p=32&pl_m=40,PFM Financial Ltd,pfmfinancial.co.uk
https://financialadvisers.co.uk/financial-planning/linlithgow/?pl_p=32&pl_m=40,Arthur Beverly Financial Management Limited,abfm.co.uk
https://financialadvisers.co.uk/financial-planning/linlithgow/?pl_p=32&pl_m=40,Carley Mearns-Begley,carleymearns.co.uk
https://financialadvisers.co.uk/financial-planning/linlithgow/?pl_p=32&pl_m=40,Mackenzie Taylor Asset Management Limited,mtassetmanagement.co.uk
https://financialadvisers.co.uk/financial-planning/linlithgow/?pl_p=32&pl_m=40,David Melville,melvilleifa.co.uk
https://financialadvisers.co.uk/financial-planning/linlithgow/?pl_p=32&pl_m=40,Bespoke Retirements Limited,guiide.co.uk
https://financialadvisers.co.uk/financial-planning/linlithgow/?pl_p=32&pl_m=40,AML Associates Financial Services Ltd,amlassociates.co.uk
https://financialadvisers.co.uk/financial-planning/linlithgow/?pl_p=32&pl_m=40,Malory Investments Services Ltd,maloryinvestments.co.uk
https://financialadvisers.co.uk/financial-planning/linlithgow/?pl_p=32&pl_m=40,Newlands Financial Planning,mandgwealth.com/newlandsfinancialplanning
https://financialadvisers.co.uk/financial-planning/linlithgow/?pl_p=32&pl_m=40,Ross Bell Associates Ltd,ross-bell.co.uk
https://financialadvisers.co.uk/financial-planning/linlithgow/?pl_p=32&pl_m=40,DFS Financial Consultancy Ltd,dfsfinancialconsultancy.co.uk
https://financialadvisers.co.uk/financial-planning/linlithgow/?pl_p=33&pl_m=40,Ralph M Mitchell Financial Planning Ltd,openwork.uk.com
https://financialadvisers.co.uk/financial-planning/linlithgow/?pl_p=33&pl_m=40,Personal Investment Planning Ltd,pipglasgow.co.uk
https://financialadvisers.co.uk/financial-planning/linlithgow/?pl_p=33&pl_m=40,Hutcheson Financial Planning Limited,hutchesonfinancial.co.uk
https://financialadvisers.co.uk/financial-planning/linlithgow/?pl_p=33&pl_m=40,Shape Pensions & Advisory Services Ltd,shapepensions.co.uk
https://financialadvisers.co.uk/financial-planning/linlithgow/?pl_p=33&pl_m=40,Niven Financial Ltd,nivenfinancial.co.uk
https://financialadvisers.co.uk/financial-planning/linlithgow/?pl_p=33&pl_m=40,Angus Watson Wealth Management Ltd,arwwatson.co.uk
https://financialadvisers.co.uk/financial-planning/linlithgow/?pl_p=33&pl_m=40,Macaulay Wealth Management Ltd,macaulaywm.co.uk
https://financialadvisers.co.uk/financial-planning/linlithgow/?pl_p=33&pl_m=40,Portfolio & Pension Management Ltd,ppmwealth.co.uk
https://financialadvisers.co.uk/financial-planning/linlithgow/?pl_p=33&pl_m=40,Capital Independent Financial Consultants Ltd,capitalifc.com
https://financialadvisers.co.uk/financial-planning/linlithgow/?pl_p=33&pl_m=40,John paul Conaboy,
https://financialadvisers.co.uk/financial-planning/linlithgow/?pl_p=33&pl_m=40,Crieff Financial & Mortgage Centre Limited,cpamc.co.uk
https://financialadvisers.co.uk/financial-planning/linlithgow/?pl_p=33&pl_m=40,Glenearn Wealth Management Limited,glenearnwealth.co.uk
https://financialadvisers.co.uk/financial-planning/linlithgow/?pl_p=33&pl_m=40,McIntyre Financial Planning Ltd,mcintyrefinancialplanning.co.uk
https://financialadvisers.co.uk/financial-planning/linlithgow/?pl_p=33&pl_m=40,Hicks & McNish LLP,hicksandmcnish.org
https://financialadvisers.co.uk/financial-planning/linlithgow/?pl_p=33&pl_m=40,Farrell Financial Planning Limited,ffpgroup.co.uk
https://financialadvisers.co.uk/financial-planning/linlithgow/?pl_p=34&pl_m=40,R.L Stevenson Ltd,
https://financialadvisers.co.uk/financial-planning/linlithgow/?pl_p=34&pl_m=40,Perth Mortgage Centre,pmc.sol.co.uk
https://financialadvisers.co.uk/financial-planning/linlithgow/?pl_p=34&pl_m=40,Kenneth MacPhie,amfs.co.uk
https://financialadvisers.co.uk/financial-planning/linlithgow/?pl_p=34&pl_m=40,56 Wealth Management Limited,56wealth.com
https://financialadvisers.co.uk/financial-planning/linlithgow/?pl_p=34&pl_m=40,Miller Hendry (Asset Management) Ltd,mham.co.uk
https://financialadvisers.co.uk/financial-planning/linlithgow/?pl_p=34&pl_m=40,AJD Financial Services Ltd,ajdfs.co.uk
https://financialadvisers.co.uk/financial-planning/linlithgow/?pl_p=34&pl_m=40,Oakbank Financial Services Ltd,oakbankfs.com
https://financialadvisers.co.uk/financial-planning/linlithgow/?pl_p=34&pl_m=40,Able Solutions Wealth Partnership,as-wealth.co.uk
https://financialadvisers.co.uk/financial-planning/linlithgow/?pl_p=34&pl_m=40,MONEY ADVICE PARTNERSHIP LTD,moneyadvicepartnership.co.uk
https://financialadvisers.co.uk/financial-planning/linlithgow/?pl_p=34&pl_m=40,Chris Ness Wealth Management Limited,chrisnesswm.co.uk
https://financialadvisers.co.uk/financial-planning/linlithgow/?pl_p=34&pl_m=40,Michael Anthony Coll,
https://financialadvisers.co.uk/financial-planning/linlithgow/?pl_p=34&pl_m=40,ERG Financial Planning Limited,ergfinancialplanning.com
https://financialadvisers.co.uk/financial-planning/linlithgow/?pl_p=34&pl_m=40,Edgar Financial Advice Limited,edgarfinancial.co.uk
https://financialadvisers.co.uk/financial-planning/linlithgow/?pl_p=34&pl_m=40,Gregory Jenkins,
https://financialadvisers.co.uk/financial-planning/linlithgow/?pl_p=34&pl_m=40,Alistair Craig Financial Services Ltd,bakermckenzie.com
https://financialadvisers.co.uk/financial-planning/linlithgow/?pl_p=35&pl_m=40,Scotia Independent Financial Services,scotiaindependent.com
https://financialadvisers.co.uk/financial-planning/linlithgow/?pl_p=35&pl_m=40,Pension & Investment Management Services,pensionsandinvestments.co.uk
https://financialadvisers.co.uk/financial-planning/linlithgow/?pl_p=35&pl_m=40,Astute Invest Ltd,astuteinvest.co.uk
https://financialadvisers.co.uk/financial-planning/linlithgow/?pl_p=35&pl_m=40,Money Advice & Planning Ltd,mapfinances.co.uk
https://financialadvisers.co.uk/financial-planning/linlithgow/?pl_p=35&pl_m=40,Aldton Park Financial Services Ltd,2plan.com
https://financialadvisers.co.uk/financial-planning/linlithgow/?pl_p=35&pl_m=40,Calcluth and Sangster Limited,calcuthandsangsterfs.co.uk
https://financialadvisers.co.uk/financial-planning/linlithgow/?pl_p=35&pl_m=40,Calcluth & Sangster (Financial Services) Limited,calcluthandsangster.co.uk
https://financialadvisers.co.uk/financial-planning/linlithgow/?pl_p=35&pl_m=40,CFind (Scotland) Ltd,
https://financialadvisers.co.uk/financial-planning/linlithgow/?pl_p=35&pl_m=40,McInroy & Wood Ltd,mcinroy-wood.co.uk
https://financialadvisers.co.uk/financial-planning/linlithgow/?pl_p=35&pl_m=40,Jamieson Financial Planning Ltd,jamiesonfp.co.uk
https://financialadvisers.co.uk/financial-planning/linlithgow/?pl_p=35&pl_m=40,Peter Reilly,prfinancial.co.uk
https://financialadvisers.co.uk/financial-planning/linlithgow/?pl_p=35&pl_m=40,Selwyn Goldberg,millernairngoldberg.co.uk
https://financialadvisers.co.uk/financial-planning/linlithgow/?pl_p=35&pl_m=40,Alistair Young Financial Ltd,alistairyoung.2plan.com
https://financialadvisers.co.uk/financial-planning/linlithgow/?pl_p=35&pl_m=40,Miller Associates Limited,millerassociates.co.uk
https://financialadvisers.co.uk/financial-planning/linlithgow/?pl_p=35&pl_m=40,Heritable Limited,heritableltd.co.uk
https://financialadvisers.co.uk/financial-planning/linlithgow/?pl_p=36&pl_m=40,Inglis Financial Advice Ltd,ifascotland.co.uk
https://financialadvisers.co.uk/financial-planning/linlithgow/?pl_p=36&pl_m=40,James Anderson Barr t/a Anderson Barr Consultants,andersonbarrconsultants.co.uk
https://financialadvisers.co.uk/financial-planning/linlithgow/?pl_p=36&pl_m=40,Karen Vorster,partnership.sjp.co.uk/partner/vorsterwealthmanagement
https://financialadvisers.co.uk/financial-planning/linlithgow/?pl_p=36&pl_m=40,Olcote Lappin Financial Planning Ltd,olcotelappin.co.uk
https://financialadvisers.co.uk/financial-planning/linlithgow/?pl_p=36&pl_m=40,JC Roxburgh (Financial Services) Limited,roxburgh-group.co.uk
https://financialadvisers.co.uk/financial-planning/linlithgow/?pl_p=36&pl_m=40,Clydebank Financial Services Ltd,clydebankmm.co.uk
https://financialadvisers.co.uk/financial-planning/linlithgow/?pl_p=36&pl_m=40,Handheld Investments Limited,handheldinvestments.com
https://financialadvisers.co.uk/financial-planning/linlithgow/?pl_p=36&pl_m=40,Wilson Financial Advice Ltd,wilsonfinancialadvice.co.uk
https://financialadvisers.co.uk/financial-planning/linlithgow/?pl_p=36&pl_m=40,Lamont Financial Planners Ltd,openwork.uk.com
https://financialadvisers.co.uk/financial-planning/linlithgow/?pl_p=36&pl_m=40,Maplewood Wealth Management Ltd.,maplewoodwealth.co.uk
https://financialadvisers.co.uk/financial-planning/linlithgow/?pl_p=36&pl_m=40,Whitebridge Financial Services Ltd,
https://financialadvisers.co.uk/financial-planning/linlithgow/?pl_p=36&pl_m=40,MJS Financial Ltd,mjsfinancialmanagement.co.uk
https://financialadvisers.co.uk/financial-planning/linlithgow/?pl_p=36&pl_m=40,Burt Financial Planning Ltd,burtfinancialplanning.co.uk
https://financialadvisers.co.uk/financial-planning/linlithgow/?pl_p=36&pl_m=40,J McGhee (Financial Consultant) Ltd,
https://financialadvisers.co.uk/financial-planning/linlithgow/?pl_p=36&pl_m=40,O'Sullivan Associates,ifa-lothians.com
https://financialadvisers.co.uk/financial-planning/linlithgow/?pl_p=37&pl_m=40,Independent Financial Advice World Ltd,ifa-world.co.uk
https://financialadvisers.co.uk/financial-planning/linlithgow/?pl_p=37&pl_m=40,Paul Simons,
https://financialadvisers.co.uk/financial-planning/linlithgow/?pl_p=37&pl_m=40,Gerald Mulhern,
https://financialadvisers.co.uk/financial-planning/linlithgow/?pl_p=37&pl_m=40,Thomson Financial Consultancy,thomsonfc.co.uk
https://financialadvisers.co.uk/financial-planning/linlithgow/?pl_p=37&pl_m=40,EK Mortgage Advice Ltd,fpoptions.co.uk
https://financialadvisers.co.uk/financial-planning/linlithgow/?pl_p=37&pl_m=40,Roland William Scott,scotmortgages.co.uk
https://financialadvisers.co.uk/financial-planning/linlithgow/?pl_p=37&pl_m=40,Independent First Limited,independentfirst.com
https://financialadvisers.co.uk/financial-planning/linlithgow/?pl_p=37&pl_m=40,James Hair Group Ltd,jameshair.co.uk
https://financialadvisers.co.uk/financial-planning/linlithgow/?pl_p=37&pl_m=40,Grant Morrison,scopefinancial.co.uk
https://financialadvisers.co.uk/financial-planning/linlithgow/?pl_p=37&pl_m=40,Garthland Wealth Limited,partnership.sjp.co.uk/partner/robertheron
https://financialadvisers.co.uk/financial-planning/linlithgow/?pl_p=37&pl_m=40,CNB Wealth Management Limited,partnership.sjp.co.uk/partner/chrisbrown
https://financialadvisers.co.uk/financial-planning/linlithgow/?pl_p=37&pl_m=40,Milne Craig,milnecraig.co.uk
https://financialadvisers.co.uk/financial-planning/linlithgow/?pl_p=37&pl_m=40,Advanced Financial Strategies Ltd,advancedfinancialstrategies.co.uk
https://financialadvisers.co.uk/financial-planning/linlithgow/?pl_p=37&pl_m=40,Ballantyne Wealth Management Ltd,johnballantyne.2plan.com
https://financialadvisers.co.uk/financial-planning/linlithgow/?pl_p=37&pl_m=40,St Clair Financial Planning Ltd,stclairfinancialplanning.co.uk
https://financialadvisers.co.uk/financial-planning/linlithgow/?pl_p=38&pl_m=40,Lockhart Grey Financial Planning Ltd,lockhartgrey.co.uk
https://financialadvisers.co.uk/financial-planning/linlithgow/?pl_p=38&pl_m=40,D2 Financial Solutions (UK) Ltd,d2cs.com
https://financialadvisers.co.uk/financial-planning/linlithgow/?pl_p=38&pl_m=40,Advanced (Scotland) Limited,advancedonline.co.uk
https://financialadvisers.co.uk/financial-planning/linlithgow/?pl_p=38&pl_m=40,Brandane Financial Services Ltd,brandaneifa.com
https://financialadvisers.co.uk/financial-planning/linlithgow/?pl_p=38&pl_m=40,Macdonalds Independent Financial Advisers Limited,
https://financialadvisers.co.uk/financial-planning/linlithgow/?pl_p=38&pl_m=40,Financial Planning Options Ltd,fpoptions.co.uk
https://financialadvisers.co.uk/financial-planning/linlithgow/?pl_p=38&pl_m=40,Cochran Dickie & MacKenzie Limited,cochrandickie.co.uk
https://financialadvisers.co.uk/financial-planning/linlithgow/?pl_p=38&pl_m=40,James Irvine Financial Planning Limited,
https://financialadvisers.co.uk/financial-planning/linlithgow/?pl_p=38&pl_m=40,Independent Financial Advice Centre (Glasgow) Ltd,ifacentre.net
https://financialadvisers.co.uk/financial-planning/linlithgow/?pl_p=38&pl_m=40,Avonbrae Financial Services Limited,
https://financialadvisers.co.uk/financial-planning/linlithgow/?pl_p=38&pl_m=40,Alan Roderick Thomson Waugh,agilityfinancialmanagement.co.uk
https://financialadvisers.co.uk/financial-planning/linlithgow/?pl_p=38&pl_m=40,Fidra Wealth Management Ltd,fidrawealth.com
https://financialadvisers.co.uk/financial-planning/linlithgow/?pl_p=38&pl_m=40,Cathcart Financial Planning Limited,
https://financialadvisers.co.uk/financial-planning/linlithgow/?pl_p=38&pl_m=40,Gordon McNaughton,partnership.sjp.co.uk/partner/mcnaughtonwealth
https://financialadvisers.co.uk/financial-planning/linlithgow/?pl_p=38&pl_m=40,Rachel Stewart,traprainfinancial.co.uk
https://financialadvisers.co.uk/financial-planning/linlithgow/?pl_p=39&pl_m=40,Phoenix Wealth Solutions Limited,phoenixwealthsolutions.com
https://financialadvisers.co.uk/financial-planning/linlithgow/?pl_p=39&pl_m=40,Docherty & Co Financial Services Limited,men.com
https://financialadvisers.co.uk/financial-planning/linlithgow/?pl_p=39&pl_m=40,North of Scotland Financial Services Ltd,mandgwealth.com/northofscotlandfinancialservices
https://financialadvisers.co.uk/financial-planning/linlithgow/?pl_p=39&pl_m=40,Brierie Financial Planning Ltd,brieriefp.co.uk
https://financialadvisers.co.uk/financial-planning/linlithgow/?pl_p=39&pl_m=40,Lomond Financial Management Limited,lomondfinancial.com
https://financialadvisers.co.uk/financial-planning/linlithgow/?pl_p=39&pl_m=40,Patrick Kane,partnership.sjp.co.uk/partner/patkanewm
https://financialadvisers.co.uk/financial-planning/linlithgow/?pl_p=39&pl_m=40,P W M Z Limited,openwork.uk.com
https://financialadvisers.co.uk/financial-planning/linlithgow/?pl_p=39&pl_m=40,Strathleven Financial Services Ltd,strathlevenfinancialservicessites.simplymembersites.co.uk
https://financialadvisers.co.uk/financial-planning/linlithgow/?pl_p=39&pl_m=40,Glenaber Limited,glenaber.com
https://financialadvisers.co.uk/financial-planning/linlithgow/?pl_p=39&pl_m=40,Tayside Financial Planning Limited,taysidefp.trustedadviser.info
https://financialadvisers.co.uk/financial-planning/linlithgow/?pl_p=39&pl_m=40,Stewart IFA Ltd,stewartifa.co.uk
https://financialadvisers.co.uk/financial-planning/linlithgow/?pl_p=39&pl_m=40,Affluent Financial Planning Ltd,affluentfp.co.uk
https://financialadvisers.co.uk/financial-planning/linlithgow/?pl_p=39&pl_m=40,Broadmeadows Financial Planning Ltd,mandgwealth.com/broadmeadowsfinancialplanning
https://financialadvisers.co.uk/financial-planning/linlithgow/?pl_p=39&pl_m=40,David Keddie Wealth Management Ltd,davidkeddie.co.uk
https://financialadvisers.co.uk/financial-planning/linlithgow/?pl_p=39&pl_m=40,Wells Gibson Limited,wellsgibson.uk
https://financialadvisers.co.uk/financial-planning/linlithgow/?pl_p=40&pl_m=40,Lowland Financial Services Limited,lowlandfinancial.co.uk
https://financialadvisers.co.uk/financial-planning/linlithgow/?pl_p=40&pl_m=40,William White,billwhiteifa.co.uk
https://financialadvisers.co.uk/financial-planning/linlithgow/?pl_p=40&pl_m=40,Whyte Sharp Independent LLP,whytesharp.co.uk
