Source,Company Name,Website Link
https://financialadvisers.co.uk/financial-planning/norwich/?pl_p=1&pl_m=40,Anglian Wealth,
https://financialadvisers.co.uk/financial-planning/norwich/?pl_p=1&pl_m=40,Jones Financial (Norwich) Limited,jonesfinancial.co.uk
https://financialadvisers.co.uk/financial-planning/norwich/?pl_p=1&pl_m=40,Lantern Financial Planning Ltd,lanternfinancialplanning.co.uk
https://financialadvisers.co.uk/financial-planning/norwich/?pl_p=1&pl_m=40,Brancaster House Financial Planning Ltd,brancasterhouse.co.uk
https://financialadvisers.co.uk/financial-planning/norwich/?pl_p=1&pl_m=40,Alan Boswell & Company Limited,alanboswell.com
https://financialadvisers.co.uk/financial-planning/norwich/?pl_p=1&pl_m=40,Alan Boswell Employee Benefits Ltd,alanboswell.com
https://financialadvisers.co.uk/financial-planning/norwich/?pl_p=1&pl_m=40,Rockwealth (Norwich) Ltd,
https://financialadvisers.co.uk/financial-planning/norwich/?pl_p=1&pl_m=40,East Anglia Wealth Management Limited,eawealth.co.uk
https://financialadvisers.co.uk/financial-planning/norwich/?pl_p=1&pl_m=40,CSR Planning Limited,goalsbased.co.uk
https://financialadvisers.co.uk/financial-planning/norwich/?pl_p=1&pl_m=40,Scott Ampleford,gravitaswm.co.uk
https://financialadvisers.co.uk/financial-planning/norwich/?pl_p=1&pl_m=40,Seeker Financial Planning Limited,seekerfinancialplanning.com
https://financialadvisers.co.uk/financial-planning/norwich/?pl_p=1&pl_m=40,Anderson Wealth Planning Limited,andersonwealthplanning.co.uk
https://financialadvisers.co.uk/financial-planning/norwich/?pl_p=1&pl_m=40,Fiona Sharp,vervefinancial.co.uk
https://financialadvisers.co.uk/financial-planning/norwich/?pl_p=1&pl_m=40,Cooper & Co (F.S.) Limited,
https://financialadvisers.co.uk/financial-planning/norwich/?pl_p=1&pl_m=40,Pacific (Norwich) Limited,pacificgroup.co.uk
https://financialadvisers.co.uk/financial-planning/norwich/?pl_p=2&pl_m=40,Daniel Francis,beaglefinancialadvice.co.uk
https://financialadvisers.co.uk/financial-planning/norwich/?pl_p=2&pl_m=40,S G Wealth Management Limited,sgwealthmanagement.co.uk
https://financialadvisers.co.uk/financial-planning/norwich/?pl_p=2&pl_m=40,Cavell Rose Ltd,cavellrose.co.uk
https://financialadvisers.co.uk/financial-planning/norwich/?pl_p=2&pl_m=40,Green Sky Wealth Limited,greenskywealth.co.uk
https://financialadvisers.co.uk/financial-planning/norwich/?pl_p=2&pl_m=40,Green Island Wealth Management Ltd,greenislandwm.co.uk
https://financialadvisers.co.uk/financial-planning/norwich/?pl_p=2&pl_m=40,PFG Investments Ltd,
https://financialadvisers.co.uk/financial-planning/norwich/?pl_p=2&pl_m=40,Halleywell Limited,halleywell.com
https://financialadvisers.co.uk/financial-planning/norwich/?pl_p=2&pl_m=40,Premier Financial Group Limited,premierfinancialgroup.co.uk
https://financialadvisers.co.uk/financial-planning/norwich/?pl_p=2&pl_m=40,TS Financial Planning Ltd,tailoredsolutionswm.co.uk
https://financialadvisers.co.uk/financial-planning/norwich/?pl_p=2&pl_m=40,MCM Bespoke Investment Services Limited,mcm-bespoke.com
https://financialadvisers.co.uk/financial-planning/norwich/?pl_p=2&pl_m=40,Pennygate Financial Associates Limited,pennygateassociates.co.uk
https://financialadvisers.co.uk/financial-planning/norwich/?pl_p=2&pl_m=40,Jeremy Hooke,
https://financialadvisers.co.uk/financial-planning/norwich/?pl_p=2&pl_m=40,Roberts Mackie Winstanley,rmw-ifa.co.uk
https://financialadvisers.co.uk/financial-planning/norwich/?pl_p=2&pl_m=40,Planit Financial Limited,
https://financialadvisers.co.uk/financial-planning/norwich/?pl_p=2&pl_m=40,Yellow Brick Mortgages Ltd,ybmortgages.co.uk
https://financialadvisers.co.uk/financial-planning/norwich/?pl_p=3&pl_m=40,Yellow Brick Financial Planning Limited,ybmortgages.co.uk
https://financialadvisers.co.uk/financial-planning/norwich/?pl_p=3&pl_m=40,Via Wealth Limited,viawealth.co.uk
https://financialadvisers.co.uk/financial-planning/norwich/?pl_p=3&pl_m=40,"Mansbrook,Brosche & Co.Limited",mansbrookbrosche.co.uk
https://financialadvisers.co.uk/financial-planning/norwich/?pl_p=3&pl_m=40,IFP Associates Limited,ifpassociates.co.uk
https://financialadvisers.co.uk/financial-planning/norwich/?pl_p=3&pl_m=40,OVERBURYS FINANCIAL SERVICES LIMITED,overburys.co.uk
https://financialadvisers.co.uk/financial-planning/norwich/?pl_p=3&pl_m=40,Smith & Pinching Financial Services Ltd,smith-pinching.co.uk
https://financialadvisers.co.uk/financial-planning/norwich/?pl_p=3&pl_m=40,Norfolk WM Ltd,
https://financialadvisers.co.uk/financial-planning/norwich/?pl_p=3&pl_m=40,Norfolk Wealth Management Limited,norfolkwealthmanagement.co.uk
https://financialadvisers.co.uk/financial-planning/norwich/?pl_p=3&pl_m=40,Investing Ethically Ltd,investing-ethically.co.uk
https://financialadvisers.co.uk/financial-planning/norwich/?pl_p=3&pl_m=40,Capital Tower Limited,capitaltower.co.uk
https://financialadvisers.co.uk/financial-planning/norwich/?pl_p=3&pl_m=40,Chadwicks Limited,chadwicks.co.uk
https://financialadvisers.co.uk/financial-planning/norwich/?pl_p=3&pl_m=40,Trinity Norfolk Limited,trinityfp.co.uk/
https://financialadvisers.co.uk/financial-planning/norwich/?pl_p=3&pl_m=40,Delta Financial Solutions Ltd,
https://financialadvisers.co.uk/financial-planning/norwich/?pl_p=3&pl_m=40,Carlton Financial Planning Ltd,carltonfinancial.co.uk
https://financialadvisers.co.uk/financial-planning/norwich/?pl_p=3&pl_m=40,IFA Financial Services (UK) Limited,ifaonline.net
https://financialadvisers.co.uk/financial-planning/norwich/?pl_p=4&pl_m=40,Insight Wealth Limited,insight-wealth.co.uk
https://financialadvisers.co.uk/financial-planning/norwich/?pl_p=4&pl_m=40,Sophex Limited,lifetimefinancialsolutions.co.uk
https://financialadvisers.co.uk/financial-planning/norwich/?pl_p=4&pl_m=40,D B Financial Management Limited,bridgeifa.com
https://financialadvisers.co.uk/financial-planning/norwich/?pl_p=4&pl_m=40,DRC Associates Limited,drc-associates.co.uk
https://financialadvisers.co.uk/financial-planning/norwich/?pl_p=4&pl_m=40,Asset Investment Management Ltd,asset-im.co.uk
https://financialadvisers.co.uk/financial-planning/norwich/?pl_p=4&pl_m=40,Insight Financial Associates Limited,insightifa.com
https://financialadvisers.co.uk/financial-planning/norwich/?pl_p=4&pl_m=40,Penvest Limited,penvest.co.uk
https://financialadvisers.co.uk/financial-planning/norwich/?pl_p=4&pl_m=40,Robert Gerrard & Westbrook Ltd,rgwifa.co.uk
https://financialadvisers.co.uk/financial-planning/norwich/?pl_p=4&pl_m=40,Trillium Financial Planning Ltd,trilliumfp.co.uk
https://financialadvisers.co.uk/financial-planning/norwich/?pl_p=4&pl_m=40,Brunswick Investment Management Limited,brunswickim.com
https://financialadvisers.co.uk/financial-planning/norwich/?pl_p=4&pl_m=40,Willgrass Wealth Management Ltd,willgrasswealthmanagement.co.uk
https://financialadvisers.co.uk/financial-planning/norwich/?pl_p=4&pl_m=40,Lovewell Blake Financial Planning Limited,lovewell-blake.co.uk
https://financialadvisers.co.uk/financial-planning/norwich/?pl_p=4&pl_m=40,Lucas Fettes & Partners (Financial Services) Limited,lffinancialplanning.co.uk
https://financialadvisers.co.uk/financial-planning/norwich/?pl_p=4&pl_m=40,Loveday & Partners Limited,lovedayandpartners.com
https://financialadvisers.co.uk/financial-planning/norwich/?pl_p=4&pl_m=40,Tailored Retirement & Investment Planning Limited,tripifa.co.uk
https://financialadvisers.co.uk/financial-planning/norwich/?pl_p=5&pl_m=40,TaxAssist Direct Financial Services Limited,taxassistfinancialservices.co.uk
https://financialadvisers.co.uk/financial-planning/norwich/?pl_p=5&pl_m=40,Terry Collins Associates Limited,terrycollinsassociates.co.uk
https://financialadvisers.co.uk/financial-planning/norwich/?pl_p=5&pl_m=40,Thomas Raby,thomasrabyfinancialplanning.co.uk
https://financialadvisers.co.uk/financial-planning/norwich/?pl_p=5&pl_m=40,Iceni Financial Advisers Limited,theiceni.co.uk
https://financialadvisers.co.uk/financial-planning/norwich/?pl_p=5&pl_m=40,Brian Folkard,partnership.sjp.co.uk/partner/brianfolkard
https://financialadvisers.co.uk/financial-planning/norwich/?pl_p=5&pl_m=40,Finance Shop Ltd,financeshopgroup.com
https://financialadvisers.co.uk/financial-planning/norwich/?pl_p=5&pl_m=40,Acorn Wealth Management Group Limited,awmg.co.uk
https://financialadvisers.co.uk/financial-planning/norwich/?pl_p=5&pl_m=40,Moss And Roberts (Wealth Management) Ltd,mossandroberts.com
https://financialadvisers.co.uk/financial-planning/norwich/?pl_p=5&pl_m=40,Randall Wealth Management Limited,randallwm.co.uk
https://financialadvisers.co.uk/financial-planning/norwich/?pl_p=5&pl_m=40,Crawford Financial Consulting Limited,crawfordconsulting.co.uk
https://financialadvisers.co.uk/financial-planning/norwich/?pl_p=5&pl_m=40,GP Financial Planning Ltd,partnership.sjp.co.uk/partner/gpfinancial
https://financialadvisers.co.uk/financial-planning/norwich/?pl_p=5&pl_m=40,Brinley John Harrington,harringtonandhorne.co.uk
https://financialadvisers.co.uk/financial-planning/norwich/?pl_p=5&pl_m=40,Daniel Harvey,harvana.co.uk
https://financialadvisers.co.uk/financial-planning/norwich/?pl_p=5&pl_m=40,Mortgage Finance Boutique Limited,
https://financialadvisers.co.uk/financial-planning/norwich/?pl_p=5&pl_m=40,RMB Financial Consultants Ltd,rmbfc.co.uk
https://financialadvisers.co.uk/financial-planning/norwich/?pl_p=6&pl_m=40,Compass Independent Financial Services Ltd,compass-ifs.co.uk
https://financialadvisers.co.uk/financial-planning/norwich/?pl_p=6&pl_m=40,ML Financial Associates Limited,mlfinancialassociates.co.uk
https://financialadvisers.co.uk/financial-planning/norwich/?pl_p=6&pl_m=40,Chequers Financial Planning Limited,chequersfinancialplanning.co.uk
https://financialadvisers.co.uk/financial-planning/norwich/?pl_p=6&pl_m=40,Gregory Charles Financial Planning Limited,gregorycharlesfp.co.uk
https://financialadvisers.co.uk/financial-planning/norwich/?pl_p=6&pl_m=40,Just Financial Planning Ltd,justfinancialplanning.co.uk
https://financialadvisers.co.uk/financial-planning/norwich/?pl_p=6&pl_m=40,George Shippam Financial Planning Limited,georgeshippam.co.uk
https://financialadvisers.co.uk/financial-planning/norwich/?pl_p=6&pl_m=40,HW Advisory Services Limited,hwfp.co.uk
https://financialadvisers.co.uk/financial-planning/norwich/?pl_p=6&pl_m=40,Hulbert West Limited,hulbertwestltd.co.uk
https://financialadvisers.co.uk/financial-planning/norwich/?pl_p=6&pl_m=40,MedHaven Financial Planning Ltd,gregbowler.2plan.com
https://financialadvisers.co.uk/financial-planning/norwich/?pl_p=6&pl_m=40,William Braddock LLP,williambraddock-llp.com
https://financialadvisers.co.uk/financial-planning/norwich/?pl_p=6&pl_m=40,MD Wealth Management Limited,md-wealthmanagement.co.uk
https://financialadvisers.co.uk/financial-planning/norwich/?pl_p=6&pl_m=40,Banks-Dunnell Wealth Management Limited,partnership.sjp.co.uk/partner/kevinbanksdunnell
https://financialadvisers.co.uk/financial-planning/norwich/?pl_p=6&pl_m=40,James Wagg,sjpp.co.ukjameswagg
https://financialadvisers.co.uk/financial-planning/norwich/?pl_p=6&pl_m=40,Timothy John Pollitt,timjpollitt.co.uk
https://financialadvisers.co.uk/financial-planning/norwich/?pl_p=6&pl_m=40,Goodley Financial Solutions Limited,partnership.sjp.co.uk/partner/goodleyfinancial
https://financialadvisers.co.uk/financial-planning/norwich/?pl_p=7&pl_m=40,Foundry Wealth Ltd,partnership.sjp.co.uk/ajtebbuttwm
https://financialadvisers.co.uk/financial-planning/norwich/?pl_p=7&pl_m=40,Trevor William Kettle,
https://financialadvisers.co.uk/financial-planning/norwich/?pl_p=7&pl_m=40,Magenta Financial Services Limited,magentafinancialservicesltd.co.uk
https://financialadvisers.co.uk/financial-planning/norwich/?pl_p=7&pl_m=40,Martin Smith Independent Financial Adviser Ltd,smithifa.co.uk
https://financialadvisers.co.uk/financial-planning/norwich/?pl_p=7&pl_m=40,Broadland Consultants Ltd,broadlandconsultants.com
https://financialadvisers.co.uk/financial-planning/norwich/?pl_p=7&pl_m=40,Trevor Taylor,easternwealth.co.uk
https://financialadvisers.co.uk/financial-planning/norwich/?pl_p=7&pl_m=40,MM Financial Management Limited,mmfm.co.uk
https://financialadvisers.co.uk/financial-planning/norwich/?pl_p=7&pl_m=40,Richard Tidy & Partners Wealth Management Ltd,richardtidy.co.uk
https://financialadvisers.co.uk/financial-planning/norwich/?pl_p=7&pl_m=40,Harrold Financial Planning Limited,hfp.co.uk
https://financialadvisers.co.uk/financial-planning/norwich/?pl_p=7&pl_m=40,Marvell Financial Planning Ltd,mandgwealth.com/marvellfinancialplanning
https://financialadvisers.co.uk/financial-planning/norwich/?pl_p=7&pl_m=40,Spire Wealth Management Ltd,spirewealth.co.uk
https://financialadvisers.co.uk/financial-planning/norwich/?pl_p=7&pl_m=40,Horizon Wealth Consultancy Ltd,horizonwealthconsultancy.co.uk
https://financialadvisers.co.uk/financial-planning/norwich/?pl_p=7&pl_m=40,Elmham Financial Limited,elmhamfinancial.co.uk
https://financialadvisers.co.uk/financial-planning/norwich/?pl_p=7&pl_m=40,Simply 1 Financial Services Limited,simplyone-fs.co.uk
https://financialadvisers.co.uk/financial-planning/norwich/?pl_p=7&pl_m=40,Woodside Financial Planning Ltd,woodsidefp.co.uk
https://financialadvisers.co.uk/financial-planning/norwich/?pl_p=8&pl_m=40,Waveney Valley Independent Financial Advisers Ltd,wvifa.co.uk
https://financialadvisers.co.uk/financial-planning/norwich/?pl_p=8&pl_m=40,Charles Jones Wealth Management Ltd,charlesjoneswealthmanagement.co.uk
https://financialadvisers.co.uk/financial-planning/norwich/?pl_p=8&pl_m=40,David Williams Financial Solutions Limited,wfsifa.co.uk
https://financialadvisers.co.uk/financial-planning/norwich/?pl_p=8&pl_m=40,Plantech Independent Limited,plantech.co.uk
https://financialadvisers.co.uk/financial-planning/norwich/?pl_p=8&pl_m=40,The David Hewson Practice Ltd,davidhewson.co.uk
https://financialadvisers.co.uk/financial-planning/norwich/?pl_p=8&pl_m=40,Molineaux Investment Services LLP,molineaux-investment.co.uk
https://financialadvisers.co.uk/financial-planning/norwich/?pl_p=8&pl_m=40,Robert Beck Financial Services Limited,robertbeck.co.uk
https://financialadvisers.co.uk/financial-planning/norwich/?pl_p=8&pl_m=40,MAJ Financial Planning Ltd,mandgwealth.com/majfinancialplanning
https://financialadvisers.co.uk/financial-planning/norwich/?pl_p=8&pl_m=40,Keith Parr,
https://financialadvisers.co.uk/financial-planning/norwich/?pl_p=8&pl_m=40,Eastern Financial Consultants Ltd,easternfinancialconsultants.co.uk
https://financialadvisers.co.uk/financial-planning/norwich/?pl_p=8&pl_m=40,Chris Bain Financial Advice Ltd,bainfa.co.uk
https://financialadvisers.co.uk/financial-planning/norwich/?pl_p=8&pl_m=40,Daniel Morgan,danmorganfinancialassociates.co.uk
https://financialadvisers.co.uk/financial-planning/norwich/?pl_p=8&pl_m=40,Steven Hendrie,brecklandfinancialmanagement.co.uk
https://financialadvisers.co.uk/financial-planning/norwich/?pl_p=8&pl_m=40,Nautical Wealth Ltd,nauticalwealth.co.uk
https://financialadvisers.co.uk/financial-planning/norwich/?pl_p=8&pl_m=40,E.S.N Financial Services LLP,esnfinancialservices.co.uk
https://financialadvisers.co.uk/financial-planning/norwich/?pl_p=9&pl_m=40,D O'Kane Financial Services Limited,dokanefinancialservices.co.uk
https://financialadvisers.co.uk/financial-planning/norwich/?pl_p=9&pl_m=40,East Point Wealth Management Limited,eastpointwm.co.uk
https://financialadvisers.co.uk/financial-planning/norwich/?pl_p=9&pl_m=40,Waveney Valley Wealth Management Limited,waveneyvalleywm.co.uk
https://financialadvisers.co.uk/financial-planning/norwich/?pl_p=9&pl_m=40,Victor Mortlock,partnership.sjp.co.uk/partner/mortlockwealthmanagement
https://financialadvisers.co.uk/financial-planning/norwich/?pl_p=9&pl_m=40,Your Mortgage Solutions (Gorleston) Ltd,your-mortgagesolutions.com
https://financialadvisers.co.uk/financial-planning/norwich/?pl_p=9&pl_m=40,Riverside Financial Planning Limited,riversidefp.co.uk
https://financialadvisers.co.uk/financial-planning/norwich/?pl_p=9&pl_m=40,PLS Financial Services Ltd,plsfinancial.co.uk
https://financialadvisers.co.uk/financial-planning/norwich/?pl_p=9&pl_m=40,D G Financial Services Limited,dgfs.biz
https://financialadvisers.co.uk/financial-planning/norwich/?pl_p=9&pl_m=40,Martin Roden Financial Services Limited,martinroden.co.uk
https://financialadvisers.co.uk/financial-planning/norwich/?pl_p=9&pl_m=40,Beckford & Lewis Financial Planning Ltd,beckfordandlewis.co.uk
https://financialadvisers.co.uk/financial-planning/norwich/?pl_p=9&pl_m=40,Rose and North Limited,roseandnorth.com
https://financialadvisers.co.uk/financial-planning/norwich/?pl_p=9&pl_m=40,Family Finance Centre Group Ltd,ffcgroup.co.uk
https://financialadvisers.co.uk/financial-planning/norwich/?pl_p=9&pl_m=40,Quayside Financial Planning LTD,mandgwealth.com/quaysidefinancialplanning
https://financialadvisers.co.uk/financial-planning/norwich/?pl_p=9&pl_m=40,Phoenix (CPG) Ltd,
https://financialadvisers.co.uk/financial-planning/norwich/?pl_p=9&pl_m=40,MacRobins Ltd,macrobins.co.uk
https://financialadvisers.co.uk/financial-planning/norwich/?pl_p=10&pl_m=40,Hoyl Independent Advisers Ltd,hoyl.co.uk
https://financialadvisers.co.uk/financial-planning/norwich/?pl_p=10&pl_m=40,Hoyl Financial Management Ltd,
https://financialadvisers.co.uk/financial-planning/norwich/?pl_p=10&pl_m=40,Phoenix (IPN) Ltd,phoenix-corp.co.uk
https://financialadvisers.co.uk/financial-planning/norwich/?pl_p=10&pl_m=40,Phoenix FS Ltd,phoenix-corp.co.uk
https://financialadvisers.co.uk/financial-planning/norwich/?pl_p=10&pl_m=40,Norfolk & Suffolk Financial Services Limited,norfolkandsuffolk.co.uk
https://financialadvisers.co.uk/financial-planning/norwich/?pl_p=10&pl_m=40,Philip Nunn Wealth Solutions Ltd,
https://financialadvisers.co.uk/financial-planning/norwich/?pl_p=10&pl_m=40,Christopher May,solebayfp.co.uk
https://financialadvisers.co.uk/financial-planning/norwich/?pl_p=10&pl_m=40,Friday Financial Services Ltd,fridayfs.com
https://financialadvisers.co.uk/financial-planning/norwich/?pl_p=10&pl_m=40,Adam Bagley Financial Planning Ltd,bagleyfp.co.uk
https://financialadvisers.co.uk/financial-planning/norwich/?pl_p=10&pl_m=40,Myers Financial Management Limited,myers-group.co.uk
https://financialadvisers.co.uk/financial-planning/norwich/?pl_p=10&pl_m=40,Parklands Financial Advisers Ltd,parklandsifa.co.uk
https://financialadvisers.co.uk/financial-planning/norwich/?pl_p=10&pl_m=40,Money Matters 2u UK Limited,
https://financialadvisers.co.uk/financial-planning/norwich/?pl_p=10&pl_m=40,Stuart Chase Financial Planning Ltd,partnership.sjp.co.uk/partner/chasefinancialplanning
https://financialadvisers.co.uk/financial-planning/norwich/?pl_p=10&pl_m=40,R & H Partnership,randhpartnership.co.uk
https://financialadvisers.co.uk/financial-planning/norwich/?pl_p=10&pl_m=40,Rectory Green Financial Services Limited,rectorygreenfs.co.uk
https://financialadvisers.co.uk/financial-planning/norwich/?pl_p=11&pl_m=40,Susan Sneath,
https://financialadvisers.co.uk/financial-planning/norwich/?pl_p=11&pl_m=40,KM Wealth Management Ltd,kmwealthmanagement.co.uk
https://financialadvisers.co.uk/financial-planning/norwich/?pl_p=11&pl_m=40,DATA Wealth Management LLP,dwmllp.com
https://financialadvisers.co.uk/financial-planning/norwich/?pl_p=11&pl_m=40,Sandford Financial Planning Limited,andrewsandford.co.uk
https://financialadvisers.co.uk/financial-planning/norwich/?pl_p=11&pl_m=40,Andy R. Palmer Wealth Management Ltd,andyrpalmer.co.uk
https://financialadvisers.co.uk/financial-planning/norwich/?pl_p=11&pl_m=40,Maclennan Wealth Management Ltd,maclennanwealth.co.uk
https://financialadvisers.co.uk/financial-planning/norwich/?pl_p=11&pl_m=40,Berg-Davies Associates Ltd,bergdaviesassociates.co.uk
https://financialadvisers.co.uk/financial-planning/norwich/?pl_p=11&pl_m=40,Tyrrell & Company Independent Financial Advisers LLP,tyrrellsifa.uk
https://financialadvisers.co.uk/financial-planning/norwich/?pl_p=11&pl_m=40,Simon Hill,
https://financialadvisers.co.uk/financial-planning/norwich/?pl_p=11&pl_m=40,AMAS Investments Limited,amas.co.uk
https://financialadvisers.co.uk/financial-planning/norwich/?pl_p=11&pl_m=40,M&D Financial Services Limited,
https://financialadvisers.co.uk/financial-planning/norwich/?pl_p=11&pl_m=40,Inspired Mortgage Solutions Limited,inspiremortgages.co.uk
https://financialadvisers.co.uk/financial-planning/norwich/?pl_p=11&pl_m=40,Claire Rowell,sjpp.co.ukclairerowell
https://financialadvisers.co.uk/financial-planning/norwich/?pl_p=11&pl_m=40,Chalk Farm Financial Planning Ltd,chalkfarmfinancial.co.uk
https://financialadvisers.co.uk/financial-planning/norwich/?pl_p=11&pl_m=40,Trusted Advisor Limited,trustedadvisor.co.uk
https://financialadvisers.co.uk/financial-planning/norwich/?pl_p=12&pl_m=40,Martin-Redman (UK) Limited,martin-redmanpartners.co.uk
https://financialadvisers.co.uk/financial-planning/norwich/?pl_p=12&pl_m=40,Stephen Campbell,
https://financialadvisers.co.uk/financial-planning/norwich/?pl_p=12&pl_m=40,Clear Financial Services (UK) Ltd,clearfinancialservices.co.uk
https://financialadvisers.co.uk/financial-planning/norwich/?pl_p=12&pl_m=40,Francis Wealth Management Ltd,franciswealth.co.uk
https://financialadvisers.co.uk/financial-planning/norwich/?pl_p=12&pl_m=40,Chandler House Financial Planning Ltd,chfp.co.uk
https://financialadvisers.co.uk/financial-planning/norwich/?pl_p=12&pl_m=40,Thomlinson Wealth Management Limited,thomlinsonwealthmanagement.co.uk
https://financialadvisers.co.uk/financial-planning/norwich/?pl_p=12&pl_m=40,Ian Brightwell Financial Planning Limited,partnership.sjp.co.uk/partner/ianbright
https://financialadvisers.co.uk/financial-planning/norwich/?pl_p=12&pl_m=40,Broadgate Financial Consulting Limited,hugocraggs.co.uk
https://financialadvisers.co.uk/financial-planning/norwich/?pl_p=12&pl_m=40,Dean J. Last Wealth Management Ltd,deanlast.co.uk
https://financialadvisers.co.uk/financial-planning/norwich/?pl_p=12&pl_m=40,Brightside Wealth Management Limited,brightsidewealthmanagement.co.uk
https://financialadvisers.co.uk/financial-planning/norwich/?pl_p=12&pl_m=40,Christopher Lloyd Financial Planning Ltd,mandgwealth.com/christopherlloydfinancialplanning
https://financialadvisers.co.uk/financial-planning/norwich/?pl_p=12&pl_m=40,Damant Wealth Management Limited,damantwealthmanagement.co.uk
https://financialadvisers.co.uk/financial-planning/norwich/?pl_p=12&pl_m=40,EBCam Limited,ebcam.co.uk
https://financialadvisers.co.uk/financial-planning/norwich/?pl_p=12&pl_m=40,XL Independent Financial Advisers Ltd,xlifa.co.uk
https://financialadvisers.co.uk/financial-planning/norwich/?pl_p=12&pl_m=40,GRANITE BUILDING WARRANTIES LTD,granitebw.co.uk
https://financialadvisers.co.uk/financial-planning/norwich/?pl_p=13&pl_m=40,Metrita Wealth Management Limited,2plan.com
https://financialadvisers.co.uk/financial-planning/norwich/?pl_p=13&pl_m=40,Andrew Harvey,partnership.sjp.co.uk/partner/andrewharvey
https://financialadvisers.co.uk/financial-planning/norwich/?pl_p=13&pl_m=40,St Edmundsbury Wealth Management Ltd,stedswm.co.uk
https://financialadvisers.co.uk/financial-planning/norwich/?pl_p=13&pl_m=40,Oyster Wealth Management Limited,oysterwealth.co.uk
https://financialadvisers.co.uk/financial-planning/norwich/?pl_p=13&pl_m=40,Harrington Wright & Co,harrington-wright.co.uk
https://financialadvisers.co.uk/financial-planning/norwich/?pl_p=13&pl_m=40,Nicholas Plumb,plumbfs.co.uk
https://financialadvisers.co.uk/financial-planning/norwich/?pl_p=13&pl_m=40,Oculus Wealth Management (Bury St Edmunds) Limited,oculuswealth.co.uk
https://financialadvisers.co.uk/financial-planning/norwich/?pl_p=13&pl_m=40,Mervyn Scourfield-Thomas,scourfieldthomas.co.uk
https://financialadvisers.co.uk/financial-planning/norwich/?pl_p=13&pl_m=40,Churchgate Accountants Limited,churchgates.co.uk
https://financialadvisers.co.uk/financial-planning/norwich/?pl_p=13&pl_m=40,Coldrey & Bryant Consultants Limited,coldreywm.co.uk
https://financialadvisers.co.uk/financial-planning/norwich/?pl_p=13&pl_m=40,Abbeygate Wealth Management Ltd,abbeygatewm.co.uk
https://financialadvisers.co.uk/financial-planning/norwich/?pl_p=13&pl_m=40,Revolution Wealth Management Limited,revolutionwealth.co.uk
https://financialadvisers.co.uk/financial-planning/norwich/?pl_p=13&pl_m=40,Elmhurst Financial Planning Ltd,elmhurstfinancialplanning.co.uk
https://financialadvisers.co.uk/financial-planning/norwich/?pl_p=13&pl_m=40,Eastgate Financial Ltd,eastgatefinancial.co.uk
https://financialadvisers.co.uk/financial-planning/norwich/?pl_p=13&pl_m=40,Beckett Financial Services Limited,beckettinvest.com
https://financialadvisers.co.uk/financial-planning/norwich/?pl_p=14&pl_m=40,Martin O'Leary,martinoleary.co.uk
https://financialadvisers.co.uk/financial-planning/norwich/?pl_p=14&pl_m=40,Deben Private Wealth,debenprivatewealth.co.uk
https://financialadvisers.co.uk/financial-planning/norwich/?pl_p=14&pl_m=40,Werner Thiel Wealth Management Limited,
https://financialadvisers.co.uk/financial-planning/norwich/?pl_p=14&pl_m=40,Page Russell Ltd,pagerussell.co.uk
https://financialadvisers.co.uk/financial-planning/norwich/?pl_p=14&pl_m=40,Organic Financial Solutions Ltd,organicfinancialsolutions.com
https://financialadvisers.co.uk/financial-planning/norwich/?pl_p=14&pl_m=40,Longbon & Co Ltd,longbon.com
https://financialadvisers.co.uk/financial-planning/norwich/?pl_p=14&pl_m=40,R&J Wealth Ltd,randjwealth.com
https://financialadvisers.co.uk/financial-planning/norwich/?pl_p=14&pl_m=40,Sean Kerry Wealth Management Limited,sjpp.co.ukseankerry
https://financialadvisers.co.uk/financial-planning/norwich/?pl_p=14&pl_m=40,Kingsfleet Wealth Limited,kingsfleetwealth.co.uk
https://financialadvisers.co.uk/financial-planning/norwich/?pl_p=14&pl_m=40,Cambridge Independent Financial Planning,cambridgeifa.com
https://financialadvisers.co.uk/financial-planning/norwich/?pl_p=14&pl_m=40,Mortgage Synergy Limited,mortgagesynergy.co.uk
https://financialadvisers.co.uk/financial-planning/norwich/?pl_p=14&pl_m=40,AFL Financial Strategies Ltd,aflfinancial.co.uk
https://financialadvisers.co.uk/financial-planning/norwich/?pl_p=14&pl_m=40,Mulberry Tree Wealth Management Ltd,
https://financialadvisers.co.uk/financial-planning/norwich/?pl_p=14&pl_m=40,Thomas and Young Wealth Management Limited,tywm.co.uk
https://financialadvisers.co.uk/financial-planning/norwich/?pl_p=14&pl_m=40,D A Mann Limited,
https://financialadvisers.co.uk/financial-planning/norwich/?pl_p=15&pl_m=40,IBA Wealth Management Ltd,ibawm.co.uk
https://financialadvisers.co.uk/financial-planning/norwich/?pl_p=15&pl_m=40,TOM&Co Financial Planning Limited,tomand.co
https://financialadvisers.co.uk/financial-planning/norwich/?pl_p=15&pl_m=40,Dominic Hughes,partnership.sjp.co.uk/partner/dominichughes
https://financialadvisers.co.uk/financial-planning/norwich/?pl_p=15&pl_m=40,TFG (Eastern) Limited,thefg.co.uk
https://financialadvisers.co.uk/financial-planning/norwich/?pl_p=15&pl_m=40,Hollycroft Financial Management Ltd,hollycroftfm.co.uk
https://financialadvisers.co.uk/financial-planning/norwich/?pl_p=15&pl_m=40,James Knapman,fenlandfinancialplanning.co.uk
https://financialadvisers.co.uk/financial-planning/norwich/?pl_p=15&pl_m=40,AJ Senior Wealth Management Ltd,ajseniorwm.co.uk
https://financialadvisers.co.uk/financial-planning/norwich/?pl_p=15&pl_m=40,Tim Gilbert Wealth Management Ltd,timgilbertwm.co.uk
https://financialadvisers.co.uk/financial-planning/norwich/?pl_p=15&pl_m=40,First Command Europe Ltd,firstcommand.com
https://financialadvisers.co.uk/financial-planning/norwich/?pl_p=15&pl_m=40,Millar Mortgages Ltd,millarmortgages.co.uk
https://financialadvisers.co.uk/financial-planning/norwich/?pl_p=15&pl_m=40,Mapus Financial Planning Limited,mapusfp.co.uk
https://financialadvisers.co.uk/financial-planning/norwich/?pl_p=15&pl_m=40,James Roper,partnership.sjp.co.uk/partner/jamesroper
https://financialadvisers.co.uk/financial-planning/norwich/?pl_p=15&pl_m=40,J & E Allen,sjpp.co.uk/jeremyallen
https://financialadvisers.co.uk/financial-planning/norwich/?pl_p=15&pl_m=40,Luke Thompson Financial Services Ltd,pabwealth.co.uk
https://financialadvisers.co.uk/financial-planning/norwich/?pl_p=15&pl_m=40,Ipswich Financial Services Limited,ipswichfs.co.uk
https://financialadvisers.co.uk/financial-planning/norwich/?pl_p=16&pl_m=40,Seago Butler + Stopps Financial Services Ltd,seagobutlerstopps.co.uk
https://financialadvisers.co.uk/financial-planning/norwich/?pl_p=16&pl_m=40,Cordner Wealth Management Limited,partnership.sjp.co.uk/partner/davidcordner
https://financialadvisers.co.uk/financial-planning/norwich/?pl_p=16&pl_m=40,IMS Wealth Ltd,imswealth.co.uk
https://financialadvisers.co.uk/financial-planning/norwich/?pl_p=16&pl_m=40,MWT Wealth Management Limited,
https://financialadvisers.co.uk/financial-planning/norwich/?pl_p=16&pl_m=40,Heritage Coast Asset Management ltd,heritagecoastifa.co.uk
https://financialadvisers.co.uk/financial-planning/norwich/?pl_p=16&pl_m=40,Galleon Wealth Management Limited,galleonwealth.co.uk
https://financialadvisers.co.uk/financial-planning/norwich/?pl_p=16&pl_m=40,Fraser-Hann Financial Services Limited,fraser-hann.co.uk
https://financialadvisers.co.uk/financial-planning/norwich/?pl_p=16&pl_m=40,Personal Financial Solutions Ltd,personalfinancialsolutions.co.uk
https://financialadvisers.co.uk/financial-planning/norwich/?pl_p=16&pl_m=40,Big Skies Wealth Management Limited,bigskieswealth.co.uk
https://financialadvisers.co.uk/financial-planning/norwich/?pl_p=16&pl_m=40,Orwell Securities (Ipswich) Limited,amberriver.com
https://financialadvisers.co.uk/financial-planning/norwich/?pl_p=16&pl_m=40,Hutchison Financial Ltd,thinkpositive.co.uk
https://financialadvisers.co.uk/financial-planning/norwich/?pl_p=16&pl_m=40,Tom Farrell Financial Planning Ltd,tffp.co.uk
https://financialadvisers.co.uk/financial-planning/norwich/?pl_p=16&pl_m=40,Swallow Financial Investment Management Ltd,swallow-financial.co.uk
https://financialadvisers.co.uk/financial-planning/norwich/?pl_p=16&pl_m=40,Debenwood Financial Planning Limited,debenwood.co.uk
https://financialadvisers.co.uk/financial-planning/norwich/?pl_p=16&pl_m=40,Glencastle Financial Services Limited,glencastlefs.co.uk
https://financialadvisers.co.uk/financial-planning/norwich/?pl_p=17&pl_m=40,Woodward Markwell Financial Advisers Limited,woodwardmarkwell.co.uk
