Source,Company Name,"If in HubSpot, tagged as what sub industry?",Added to Hubspot? (Yes/No),Linkedin stated employee size,Linkedin actual employee size,Website Link
https://financialadvisers.co.uk/financial-planning/saintfield-bt24/?pl_p=1&pl_m=40,Pyper Financial Planning,I - IFA,No,11-50,2,financialforesight.co.uk
https://financialadvisers.co.uk/financial-planning/saintfield-bt24/?pl_p=1&pl_m=40,Financial Foresight (NI) Limited,I - IFA,No,11-50,2,financialforesight.co.uk
https://financialadvisers.co.uk/financial-planning/saintfield-bt24/?pl_p=1&pl_m=40,Lawrence Patterson Financial Ltd,,,,,
https://financialadvisers.co.uk/financial-planning/saintfield-bt24/?pl_p=1&pl_m=40,S&S Mortgage Solutions Ltd,I - IFA,No,,,ssmortgage.co.uk
https://financialadvisers.co.uk/financial-planning/saintfield-bt24/?pl_p=1&pl_m=40,Joanne Smyth,I - IFA,No,,,joannesmythfinancialconsultancy.co.uk
https://financialadvisers.co.uk/financial-planning/saintfield-bt24/?pl_p=1&pl_m=40,Ivan Whan,,,,,
https://financialadvisers.co.uk/financial-planning/saintfield-bt24/?pl_p=1&pl_m=40,Martin Sloss Financial Planning Limited,,,,,
https://financialadvisers.co.uk/financial-planning/saintfield-bt24/?pl_p=1&pl_m=40,Conroy Financial Planning LLP,I - IFA,No,,2,conroyfinancialplanning.co.uk
https://financialadvisers.co.uk/financial-planning/saintfield-bt24/?pl_p=1&pl_m=40,CRN Financial Services Ltd,I - IFA,No,,10,crnfinancialgroup.com
https://financialadvisers.co.uk/financial-planning/saintfield-bt24/?pl_p=1&pl_m=40,Kevin Munro,I - IFA,No,,,kevinmunrofp.co.uk
https://financialadvisers.co.uk/financial-planning/saintfield-bt24/?pl_p=1&pl_m=40,Alan Reid Financial Services (NI) Ltd,I - IFA,No,,,alanreidfinancialservices.co.uk/
https://financialadvisers.co.uk/financial-planning/saintfield-bt24/?pl_p=1&pl_m=40,McDowell Financial Services Ltd,I - IFA,No,,,mcdowellfs.com
https://financialadvisers.co.uk/financial-planning/saintfield-bt24/?pl_p=1&pl_m=40,Law & Co Financial Management Ltd,I - IFA,No,,,thelaws.ie
https://financialadvisers.co.uk/financial-planning/saintfield-bt24/?pl_p=1&pl_m=40,Philip Carvill & Company Limited,I - IFA,No,,,pcarvill.com
https://financialadvisers.co.uk/financial-planning/saintfield-bt24/?pl_p=1&pl_m=40,Paul Burns,I - IFA,No,,,stevensonburns.co.uk
https://financialadvisers.co.uk/financial-planning/saintfield-bt24/?pl_p=2&pl_m=40,M & D Financial Management Limited,I - IFA,No,,,manddfinancial.com
https://financialadvisers.co.uk/financial-planning/saintfield-bt24/?pl_p=2&pl_m=40,Andrews Insurances Life & Pensions,,,,,
https://financialadvisers.co.uk/financial-planning/saintfield-bt24/?pl_p=2&pl_m=40,DG Financial Wealth Ltd,,,,,
https://financialadvisers.co.uk/financial-planning/saintfield-bt24/?pl_p=2&pl_m=40,Epsilon Planning LLP,I - IFA,No,,,jmsbox2.com
https://financialadvisers.co.uk/financial-planning/saintfield-bt24/?pl_p=2&pl_m=40,McAuley Financial Limited,I - IFA,No,,4,mcauleyfinancial.co.uk
https://financialadvisers.co.uk/financial-planning/saintfield-bt24/?pl_p=2&pl_m=40,Pacem Financial Advisory Ltd,I - IFA,No,11-50,18,pacem-advisory.com
https://financialadvisers.co.uk/financial-planning/saintfield-bt24/?pl_p=2&pl_m=40,William David Smyth,I - IFA,No,"501-1,000",753,openwork.uk.com
https://financialadvisers.co.uk/financial-planning/saintfield-bt24/?pl_p=2&pl_m=40,Hunter FS Limited,I - IFA,No,,,hunterfinancialservices.com
https://financialadvisers.co.uk/financial-planning/saintfield-bt24/?pl_p=2&pl_m=40,Bluewater Financial Planning Limited,I - IFA,No,,2,bluewaterfinancial.co.uk
https://financialadvisers.co.uk/financial-planning/saintfield-bt24/?pl_p=2&pl_m=40,Finance Matters (NI) Limited,I - IFA,No,1-10,,financemattersni.co.uk
https://financialadvisers.co.uk/financial-planning/saintfield-bt24/?pl_p=2&pl_m=40,Martyn Young,I - IFA,No,,,myoungassociates.co.uk
https://financialadvisers.co.uk/financial-planning/saintfield-bt24/?pl_p=2&pl_m=40,Torch Financial Planning Limited,I - IFA,No,1-10,1,torchfp.co.uk
https://financialadvisers.co.uk/financial-planning/saintfield-bt24/?pl_p=2&pl_m=40,Medical & General Financial Solutions Limited,I - IFA,No,1-10,,medicalandgeneral.com
https://financialadvisers.co.uk/financial-planning/saintfield-bt24/?pl_p=2&pl_m=40,John Trainor,I - IFA,No,,,johntrainorfp.com
https://financialadvisers.co.uk/financial-planning/saintfield-bt24/?pl_p=2&pl_m=40,RM Financial Planning Ltd,I - IFA,No,,,rmcfp.co.uk
https://financialadvisers.co.uk/financial-planning/saintfield-bt24/?pl_p=3&pl_m=40,Financial Prospects (N.I.) Ltd,I - IFA,No,,,financialprospectsni.com
https://financialadvisers.co.uk/financial-planning/saintfield-bt24/?pl_p=3&pl_m=40,Arthur Dodds & Co Ltd,I - IFA,No,1-10,5,arthurdodds.co.uk
https://financialadvisers.co.uk/financial-planning/saintfield-bt24/?pl_p=3&pl_m=40,McClelland Yarr Financial Services Ltd,I - IFA,No,11-50,6,mcclellandyarr.co.uk
https://financialadvisers.co.uk/financial-planning/saintfield-bt24/?pl_p=3&pl_m=40,Stephen McClelland Financial Management Ltd,,,,,
https://financialadvisers.co.uk/financial-planning/saintfield-bt24/?pl_p=3&pl_m=40,NI Property Finance Ltd,I - IFA,No,,,nipropertyfinance.com
https://financialadvisers.co.uk/financial-planning/saintfield-bt24/?pl_p=3&pl_m=40,JRG Financial Planning Limited,I - IFA,No,,,jrgfinancialplanning.co.uk
https://financialadvisers.co.uk/financial-planning/saintfield-bt24/?pl_p=3&pl_m=40,Kenneth Brewster,I - IFA,No,,,brewstersfs.co.uk
https://financialadvisers.co.uk/financial-planning/saintfield-bt24/?pl_p=3&pl_m=40,Bartholomew & James (Financial Services) Limited,I - IFA,No,1-10,3,bartjames.com
https://financialadvisers.co.uk/financial-planning/saintfield-bt24/?pl_p=3&pl_m=40,Mark Robert Surgeon,I - IFA,No,11-50,9,akfp.net
https://financialadvisers.co.uk/financial-planning/saintfield-bt24/?pl_p=3&pl_m=40,S Rankin & Co (Life & Pensions) Limited,I - IFA,No,11-50,,srankin.co.uk
https://financialadvisers.co.uk/financial-planning/saintfield-bt24/?pl_p=3&pl_m=40,Nolan Andrews Wealth Management Ltd,,,,,
https://financialadvisers.co.uk/financial-planning/saintfield-bt24/?pl_p=3&pl_m=40,Hillsborough Financial Management Ltd,I - IFA,No,,,barbaracopeland.co.uk
https://financialadvisers.co.uk/financial-planning/saintfield-bt24/?pl_p=3&pl_m=40,Stephen Eaton & Company,I - IFA,No,,,stepheneaton.com
https://financialadvisers.co.uk/financial-planning/saintfield-bt24/?pl_p=3&pl_m=40,Leeburn Wealth Management LLP,I - IFA,No,1-10,,leeburnfinancial.com
https://financialadvisers.co.uk/financial-planning/saintfield-bt24/?pl_p=3&pl_m=40,Gribben & Watt Financial Planning Limited,I - IFA,No,,,gribbenandwatt.com
https://financialadvisers.co.uk/financial-planning/saintfield-bt24/?pl_p=4&pl_m=40,Leeburn Imperial Wealth Management  LLP,I - IFA,No,1-10,,leeburnfinancial.com
https://financialadvisers.co.uk/financial-planning/saintfield-bt24/?pl_p=4&pl_m=40,Crawford Mulholland Wealth Limited,I - IFA,No,1-10,6,crawfordmulholland.com
https://financialadvisers.co.uk/financial-planning/saintfield-bt24/?pl_p=4&pl_m=40,Kerr Henderson (Financial Services) Limited,I - IFA,No,51-200,31,kerrhenderson.com
https://financialadvisers.co.uk/financial-planning/saintfield-bt24/?pl_p=4&pl_m=40,Carleton Financial Planning Limited,I - IFA,No,,,carletonfp.co.uk
https://financialadvisers.co.uk/financial-planning/saintfield-bt24/?pl_p=4&pl_m=40,AKFP Ltd,I - IFA,No,11-50,9,akfp.net
https://financialadvisers.co.uk/financial-planning/saintfield-bt24/?pl_p=4&pl_m=40,Ronald James Savage,,,,,
https://financialadvisers.co.uk/financial-planning/saintfield-bt24/?pl_p=4&pl_m=40,Dowling Financial Planning (DFP) Limited,I - IFA,No,"501-1,000",753,openwork.uk.com
https://financialadvisers.co.uk/financial-planning/saintfield-bt24/?pl_p=4&pl_m=40,S Hill & Co Investment Advisers Limited,I - IFA,No,11-50,2,investmentdecisions.co.uk
https://financialadvisers.co.uk/financial-planning/saintfield-bt24/?pl_p=4&pl_m=40,Active Money Solutions Limited,I - IFA,No,,,activemoneysolutions.co.uk
https://financialadvisers.co.uk/financial-planning/saintfield-bt24/?pl_p=4&pl_m=40,Mint Wealth Ltd,,,,,
https://financialadvisers.co.uk/financial-planning/saintfield-bt24/?pl_p=4&pl_m=40,Platinum Financial Planning Limited,I - IFA,No,11-50,18,platinumgroup.co.uk
https://financialadvisers.co.uk/financial-planning/saintfield-bt24/?pl_p=4&pl_m=40,Finlay Wealth Management LLP,I - IFA,No,1-10,3,finlaywealth.co.uk
https://financialadvisers.co.uk/financial-planning/saintfield-bt24/?pl_p=4&pl_m=40,Compass Financial Associates Limited,I - IFA,No,1-10,3,compassfa.co.uk
https://financialadvisers.co.uk/financial-planning/saintfield-bt24/?pl_p=4&pl_m=40,Richardson Hewitt Financial Planning Limited,I - IFA,No,1-10,2,richardsonhewittfp.co.uk
https://financialadvisers.co.uk/financial-planning/saintfield-bt24/?pl_p=4&pl_m=40,Independent Choice,,,,,
https://financialadvisers.co.uk/financial-planning/saintfield-bt24/?pl_p=5&pl_m=40,NI Money,I - IFA,No,,,nimoney.com
https://financialadvisers.co.uk/financial-planning/saintfield-bt24/?pl_p=5&pl_m=40,William Guy Power,,,,,
https://financialadvisers.co.uk/financial-planning/saintfield-bt24/?pl_p=5&pl_m=40,D S McDermott Financial Planning Ltd,I - IFA,No,,,dsmcdermottfinancialplanning.co.uk
https://financialadvisers.co.uk/financial-planning/saintfield-bt24/?pl_p=5&pl_m=40,Johnston Campbell Ltd,I - IFA,No,201-500,471,amberriver.com
https://financialadvisers.co.uk/financial-planning/saintfield-bt24/?pl_p=5&pl_m=40,Anthony Newman,I - IFA,No,,1,newmanrea.com
https://financialadvisers.co.uk/financial-planning/saintfield-bt24/?pl_p=5&pl_m=40,Neill Gregson,I - IFA,No,"1,001-5,000",3514,partnership.sjp.co.uk/neillgregson/partner/neillgregson
https://financialadvisers.co.uk/financial-planning/saintfield-bt24/?pl_p=5&pl_m=40,McAlpine Brown Smyth Ltd,I - IFA,No,1-10,5,mbsifp.com
https://financialadvisers.co.uk/financial-planning/saintfield-bt24/?pl_p=5&pl_m=40,Newbridge Financial Planning Limited,I - IFA,No,1-10,3,newbridgefinancialplanning.co.uk
https://financialadvisers.co.uk/financial-planning/saintfield-bt24/?pl_p=5&pl_m=40,Bloomfield Corporate Consultancy Limited,I - IFA,No,1-10,1,bloomfieldcorporate.com
https://financialadvisers.co.uk/financial-planning/saintfield-bt24/?pl_p=5&pl_m=40,Promethean Financial Consultants Limited,I - IFA,No,1-10,4,prometheanfinancial.co.uk
https://financialadvisers.co.uk/financial-planning/saintfield-bt24/?pl_p=5&pl_m=40,Buchanan Johnston Flynn Limited,I - IFA,No,,,moneyhelp.co.uk
https://financialadvisers.co.uk/financial-planning/saintfield-bt24/?pl_p=5&pl_m=40,Professional Financial LLP,I - IFA,No,,,professionalfinancial.co.uk
https://financialadvisers.co.uk/financial-planning/saintfield-bt24/?pl_p=5&pl_m=40,Navigate IFA Ltd,I - IFA,No,11-50,5,navigateifa.com
https://financialadvisers.co.uk/financial-planning/saintfield-bt24/?pl_p=5&pl_m=40,Expert Pensions Advice LLP,I - IFA,No,,,expertpensionsadvice.com
https://financialadvisers.co.uk/financial-planning/saintfield-bt24/?pl_p=5&pl_m=40,Glenwin Hardy Limited,I - IFA,No,,,hardysfinancial.co.uk
https://financialadvisers.co.uk/financial-planning/saintfield-bt24/?pl_p=6&pl_m=40,Hutchison & White Limited,I - IFA,No,,,hutchisonwhite.co.uk
https://financialadvisers.co.uk/financial-planning/saintfield-bt24/?pl_p=6&pl_m=40,The Mortgage Bureau Northern Ireland,I - IFA,No,,,tmbni.co.uk
https://financialadvisers.co.uk/financial-planning/saintfield-bt24/?pl_p=6&pl_m=40,Samantha-J Snowball,,,,,
https://financialadvisers.co.uk/financial-planning/saintfield-bt24/?pl_p=6&pl_m=40,TM Financial Planning Ltd,I - IFA,No,1-10,,tmfinancialplanning.co.uk
https://financialadvisers.co.uk/financial-planning/saintfield-bt24/?pl_p=6&pl_m=40,Philip Baker,I - IFA,No,"1,001-5,000",3514,partnership.sjp.co.uk/partner/philipbaker
https://financialadvisers.co.uk/financial-planning/saintfield-bt24/?pl_p=6&pl_m=40,Milecross Financial Solutions Limited,I - IFA,No,,,milecrossfinancialsolutions.co.uk
https://financialadvisers.co.uk/financial-planning/saintfield-bt24/?pl_p=6&pl_m=40,G&H Bell ( Life & Pensions) Ltd,I - IFA,No,,,ghbell.net
https://financialadvisers.co.uk/financial-planning/saintfield-bt24/?pl_p=6&pl_m=40,Work Life Wealth Limited,I - IFA,No,,,worklifewealth.com
https://financialadvisers.co.uk/financial-planning/saintfield-bt24/?pl_p=6&pl_m=40,Legacy Wealth Management Limited,I - IFA,No,11-50,29,legacywm.co.uk
https://financialadvisers.co.uk/financial-planning/saintfield-bt24/?pl_p=6&pl_m=40,Triangle 3,I - IFA,No,11-50,1,triangle3.net
https://financialadvisers.co.uk/financial-planning/saintfield-bt24/?pl_p=6&pl_m=40,McGrady Financial Services Ltd,I - IFA,No,1-10,7,mcgradyfinancial.com
https://financialadvisers.co.uk/financial-planning/saintfield-bt24/?pl_p=6&pl_m=40,Richard Hamilton,,,,,
https://financialadvisers.co.uk/financial-planning/saintfield-bt24/?pl_p=6&pl_m=40,Raven Wealth Planning Ltd,I - IFA,No,11-50,18,ravengroup.global
https://financialadvisers.co.uk/financial-planning/saintfield-bt24/?pl_p=6&pl_m=40,Foursquare Financial Management Ltd,I - IFA,No,,,foursquarefm.com
https://financialadvisers.co.uk/financial-planning/saintfield-bt24/?pl_p=6&pl_m=40,Liam Keenan Mortgages,,,,,
https://financialadvisers.co.uk/financial-planning/saintfield-bt24/?pl_p=7&pl_m=40,J & E Davy (UK) Limited,I - IFA,No,"501-1,000",974,davyuk.co.uk
https://financialadvisers.co.uk/financial-planning/saintfield-bt24/?pl_p=7&pl_m=40,ARDENT WEALTH LIMITED,I - IFA,No,"5,001-10,000",2710,mandgwealth.com/ardentwealth
https://financialadvisers.co.uk/financial-planning/saintfield-bt24/?pl_p=7&pl_m=40,J.P.G Financial (N.I.) Limited,,,,,
https://financialadvisers.co.uk/financial-planning/saintfield-bt24/?pl_p=7&pl_m=40,E M Gray & Co Ltd,I - IFA,No,11-50,7,emgray.uk.com
https://financialadvisers.co.uk/financial-planning/saintfield-bt24/?pl_p=7&pl_m=40,Lanyon Financial Planning Limited,I - IFA,No,,,lanyonfp.com
https://financialadvisers.co.uk/financial-planning/saintfield-bt24/?pl_p=7&pl_m=40,Watson Laird Limited,I - IFA,No,,,watsonlaird.com
https://financialadvisers.co.uk/financial-planning/saintfield-bt24/?pl_p=7&pl_m=40,Law Society (NI) Financial Advice Limited,I - IFA,No,11-50,13,lsnifa.com
https://financialadvisers.co.uk/financial-planning/saintfield-bt24/?pl_p=7&pl_m=40,Willis & Company (Insurance Brokers) Limited,I - IFA,No,51-200,89,willisinsurance.co.uk
https://financialadvisers.co.uk/financial-planning/saintfield-bt24/?pl_p=7&pl_m=40,Cahir Gilheaney,,,,,
https://financialadvisers.co.uk/financial-planning/saintfield-bt24/?pl_p=7&pl_m=40,Doherty Pension & Investment Consultancy Limited,-,No,,,dohertypic.com
https://financialadvisers.co.uk/financial-planning/saintfield-bt24/?pl_p=7&pl_m=40,Knightsbridge Wealth Management (NI) Ltd,I - IFA,No,11-50,6,knightsbridgewm.com
https://financialadvisers.co.uk/financial-planning/saintfield-bt24/?pl_p=7&pl_m=40,Carlile Financial Services Ltd,I - IFA,No,,2,carlilefs.com
https://financialadvisers.co.uk/financial-planning/saintfield-bt24/?pl_p=7&pl_m=40,Theresa Dunlop Limited,I - IFA,No,11-50,18,propertypal.com/estate-agents/theresa-dunlop-properties-ltd
https://financialadvisers.co.uk/financial-planning/saintfield-bt24/?pl_p=7&pl_m=40,T Nixon Associates Ltd,I - IFA,No,1-10,2,tn-associates.co.uk
https://financialadvisers.co.uk/financial-planning/saintfield-bt24/?pl_p=7&pl_m=40,John Bamber & Co Ltd,I - IFA,No,,,johnbamberltd.co.uk
https://financialadvisers.co.uk/financial-planning/saintfield-bt24/?pl_p=8&pl_m=40,Welby Associates Wealth Management Ltd,I - IFA,No,1-10,9,welbyassociates.co.uk
https://financialadvisers.co.uk/financial-planning/saintfield-bt24/?pl_p=8&pl_m=40,Michael Tweedie,I - IFA,No,,,michaeltweedie.co.uk
https://financialadvisers.co.uk/financial-planning/saintfield-bt24/?pl_p=8&pl_m=40,Simon Martin Wealth Management,I - IFA,No,,,simonmartinwealthmanagement.co.uk
https://financialadvisers.co.uk/financial-planning/saintfield-bt24/?pl_p=8&pl_m=40,Miskimmin Wealth Limited,I - IFA,No,11-50,,miskimmintaylor.com
https://financialadvisers.co.uk/financial-planning/saintfield-bt24/?pl_p=8&pl_m=40,PFPNI LTD,,,,,
https://financialadvisers.co.uk/financial-planning/saintfield-bt24/?pl_p=8&pl_m=40,ARDU Ltd,I - IFA,No,,,pwmni.co.uk
https://financialadvisers.co.uk/financial-planning/saintfield-bt24/?pl_p=8&pl_m=40,Johnston Kennedy,I - IFA,No,11-50,16,johnston-kennedy.com
https://financialadvisers.co.uk/financial-planning/saintfield-bt24/?pl_p=8&pl_m=40,Andrew Clements Partnership Limited,I - IFA,No,,,andrewclements.co.uk
https://financialadvisers.co.uk/financial-planning/saintfield-bt24/?pl_p=8&pl_m=40,Quantum3 Financial Services Limited,,,,,
https://financialadvisers.co.uk/financial-planning/saintfield-bt24/?pl_p=8&pl_m=40,Brian Duncan,I - IFA,No,,2,holywoodmortgagecentre.co.uk
https://financialadvisers.co.uk/financial-planning/saintfield-bt24/?pl_p=8&pl_m=40,SPM Dawson Whyte (Life & Pensions) Limited,I - IFA,No,,,ifa-ni.com
https://financialadvisers.co.uk/financial-planning/saintfield-bt24/?pl_p=8&pl_m=40,Priory Financial Planning Ltd,I - IFA,No,1-10,10,prioryfinancial.com
https://financialadvisers.co.uk/financial-planning/saintfield-bt24/?pl_p=8&pl_m=40,IQ&Co Limited,I - IFA,No,,,weareiq.com
https://financialadvisers.co.uk/financial-planning/saintfield-bt24/?pl_p=8&pl_m=40,Robert Morrow Financial Services,I - IFA,No,,2,robertmorrowfs.co.uk
https://financialadvisers.co.uk/financial-planning/saintfield-bt24/?pl_p=8&pl_m=40,Michael McKeown Investment Planning Limited,,,,,
https://financialadvisers.co.uk/financial-planning/saintfield-bt24/?pl_p=9&pl_m=40,Aligned Financial Planning LTD,I - IFA,No,"5,001-10,000",2710,mandgwealth.com/alignedfinancialplanning
https://financialadvisers.co.uk/financial-planning/saintfield-bt24/?pl_p=9&pl_m=40,NI Financial Directions Ltd,I - IFA,No,1-10,,intrinsicfs.com
https://financialadvisers.co.uk/financial-planning/saintfield-bt24/?pl_p=9&pl_m=40,Financial Solutions NI LLP,I - IFA,No,,,financialsolutionsni.com
https://financialadvisers.co.uk/financial-planning/saintfield-bt24/?pl_p=9&pl_m=40,William Stuart James Goodwin,I - IFA,No,,,customerfirstfinancialservices.co.uk
https://financialadvisers.co.uk/financial-planning/saintfield-bt24/?pl_p=9&pl_m=40,Simon Potter Investments Limited,I - IFA,No,,,simonpotter.net
https://financialadvisers.co.uk/financial-planning/saintfield-bt24/?pl_p=9&pl_m=40,Andrew Benning,I - IFA,No,,,benningfm.com
https://financialadvisers.co.uk/financial-planning/saintfield-bt24/?pl_p=9&pl_m=40,MB Financial Consultancy,I - IFA,No,,,mbfinancial.co.uk
https://financialadvisers.co.uk/financial-planning/saintfield-bt24/?pl_p=9&pl_m=40,MC3 Investments,I - IFA,No,,,mc3inv.com
https://financialadvisers.co.uk/financial-planning/saintfield-bt24/?pl_p=9&pl_m=40,Freedom Financial Planning Ltd,I - IFA,No,1-10,3,freedom-financial.co.uk
https://financialadvisers.co.uk/financial-planning/saintfield-bt24/?pl_p=9&pl_m=40,IMIA Ltd,I - IFA,No,,,independentis.co.uk
https://financialadvisers.co.uk/financial-planning/saintfield-bt24/?pl_p=9&pl_m=40,Halliday Financial Guidance Limited,I - IFA,No,,,hfgni.co.uk
https://financialadvisers.co.uk/financial-planning/saintfield-bt24/?pl_p=9&pl_m=40,Windlesham Financial Management Ltd,,,,,
https://financialadvisers.co.uk/financial-planning/saintfield-bt24/?pl_p=9&pl_m=40,Spectrum Advice Network Ltd,I - IFA,No,11-50,,spectruman.co.uk
https://financialadvisers.co.uk/financial-planning/saintfield-bt24/?pl_p=9&pl_m=40,Business Protection Solutions (UK) Limited,I - IFA,No,,,bpsuk.co.uk
https://financialadvisers.co.uk/financial-planning/saintfield-bt24/?pl_p=9&pl_m=40,JMF Advisory Ltd,I - IFA,No,,,julie-martin.com
https://financialadvisers.co.uk/financial-planning/saintfield-bt24/?pl_p=10&pl_m=40,Gent & Craig Insurances Ltd,I - IFA,No,,,gentcraigifa.com
https://financialadvisers.co.uk/financial-planning/saintfield-bt24/?pl_p=10&pl_m=40,Willow Wealth Management Limited,I - IFA,No,,,willow-wealth.uk
https://financialadvisers.co.uk/financial-planning/saintfield-bt24/?pl_p=10&pl_m=40,Niall Victor Patrick Moore,,,,,
https://financialadvisers.co.uk/financial-planning/saintfield-bt24/?pl_p=10&pl_m=40,Financial Professionals (NI) Ltd,I - IFA,No,,,fpni.co.uk
https://financialadvisers.co.uk/financial-planning/saintfield-bt24/?pl_p=10&pl_m=40,Pathway Wealth Management Limited,I - IFA,No,,,pathwaywealthmanagement.co.uk
https://financialadvisers.co.uk/financial-planning/saintfield-bt24/?pl_p=10&pl_m=40,Mohammed Aslam Rasool,,,,,
https://financialadvisers.co.uk/financial-planning/saintfield-bt24/?pl_p=10&pl_m=40,Kyle Insurance and Financial Services LLP,I - IFA,No,1-10,4,kyleinsurance.co.uk
https://financialadvisers.co.uk/financial-planning/saintfield-bt24/?pl_p=10&pl_m=40,McCoubrey Investment Management Limited,,,,,
https://financialadvisers.co.uk/financial-planning/saintfield-bt24/?pl_p=10&pl_m=40,Quinn Financial Services Newtownabbey Ltd,I - IFA,No,1-10,,quinnfinancial.co.uk
https://financialadvisers.co.uk/financial-planning/saintfield-bt24/?pl_p=10&pl_m=40,RHA Financial Associates,I - IFA,No,,,rhafinancialassociates.co.uk
https://financialadvisers.co.uk/financial-planning/saintfield-bt24/?pl_p=10&pl_m=40,Patrick Robinson & Co Ltd,I - IFA,No,,,carletonfp.co.uk
https://financialadvisers.co.uk/financial-planning/saintfield-bt24/?pl_p=10&pl_m=40,Paul Weir,,,,,
https://financialadvisers.co.uk/financial-planning/saintfield-bt24/?pl_p=10&pl_m=40,Carey and Johnston,I - IFA,No,,4,careyandjohnston.com
https://financialadvisers.co.uk/financial-planning/saintfield-bt24/?pl_p=10&pl_m=40,A.B.M. Consultancy,I - IFA,No,,,dalyfs.co.uk
https://financialadvisers.co.uk/financial-planning/saintfield-bt24/?pl_p=10&pl_m=40,Milestone Financial Ltd,,,,,
https://financialadvisers.co.uk/financial-planning/saintfield-bt24/?pl_p=11&pl_m=40,Watt Financial Planning,I - IFA,No,,1,wattfinancialplanning.co.uk
https://financialadvisers.co.uk/financial-planning/saintfield-bt24/?pl_p=11&pl_m=40,Modulus Financial Planning Ltd,I - IFA,No,1-10,3,modulusfp.com
https://financialadvisers.co.uk/financial-planning/saintfield-bt24/?pl_p=11&pl_m=40,Mitchell and Kane Independent Financial Advisers Ltd,I - IFA,No,,,mitchellandkane.com
https://financialadvisers.co.uk/financial-planning/saintfield-bt24/?pl_p=11&pl_m=40,Spratt Financial Services Limited,I - IFA,No,,,spratt-financial-services-ltd.co.uk
https://financialadvisers.co.uk/financial-planning/saintfield-bt24/?pl_p=11&pl_m=40,AutonomyFP Limited,I - IFA,No,,,autonomyfp.co.uk
https://financialadvisers.co.uk/financial-planning/saintfield-bt24/?pl_p=11&pl_m=40,Greene Financial Services,I - IFA,No,,3,greenefinancialservices.co.uk
https://financialadvisers.co.uk/financial-planning/saintfield-bt24/?pl_p=11&pl_m=40,Lumen Financial Planning Limited,I - IFA,No,1-10,2,lumenfinancialplanning.com
https://financialadvisers.co.uk/financial-planning/saintfield-bt24/?pl_p=11&pl_m=40,Gregory White Associates Ltd,,,,,
https://financialadvisers.co.uk/financial-planning/saintfield-bt24/?pl_p=11&pl_m=40,Clarity Financial Limited,I - IFA,No,,,mercuryfinancialsolutions.co.uk
https://financialadvisers.co.uk/financial-planning/saintfield-bt24/?pl_p=11&pl_m=40,McWilliam IFS Ltd,I - IFA,No,,,thinksmartifa.com
https://financialadvisers.co.uk/financial-planning/saintfield-bt24/?pl_p=11&pl_m=40,Ciaran Preshur,I - IFA,No,"1,001-5,000",3514,partnership.sjp.co.uk/partner/ciaranpreshur
https://financialadvisers.co.uk/financial-planning/saintfield-bt24/?pl_p=11&pl_m=40,Hestia Wealth,I - IFA,No,,,hestiawealth.co.uk
https://financialadvisers.co.uk/financial-planning/saintfield-bt24/?pl_p=11&pl_m=40,ALM Financial Ltd,I - IFA,No,11-50,6,almfinancial.co.uk
https://financialadvisers.co.uk/financial-planning/saintfield-bt24/?pl_p=11&pl_m=40,WHR Wealth Management Ltd,I - IFA,No,1-10,3,whrwealthmanagement.co.uk
https://financialadvisers.co.uk/financial-planning/saintfield-bt24/?pl_p=11&pl_m=40,Hills Insurance Services Ltd,I - IFA,No,11-50,11,hillsfinancialplanning.co.uk
https://financialadvisers.co.uk/financial-planning/saintfield-bt24/?pl_p=12&pl_m=40,Digney Grant Financial Planning Ltd,I - IFA,No,,,digneygrantfp.com
https://financialadvisers.co.uk/financial-planning/saintfield-bt24/?pl_p=12&pl_m=40,Phillips Financial Planning Ltd,I - IFA,No,,,phillipsfp.com
https://financialadvisers.co.uk/financial-planning/saintfield-bt24/?pl_p=12&pl_m=40,Sugar Island Insurance Services Limited,I - IFA,No,,,siinsure.co.uk
https://financialadvisers.co.uk/financial-planning/saintfield-bt24/?pl_p=12&pl_m=40,Barry Magill Financial Services Limited,I - IFA,No,,,barrymagillfinancialservices.co.uk
https://financialadvisers.co.uk/financial-planning/saintfield-bt24/?pl_p=12&pl_m=40,Hanna Hillen Financial Planning Ltd,I - IFA,No,11-50,13,hanna-hillen.com
https://financialadvisers.co.uk/financial-planning/saintfield-bt24/?pl_p=12&pl_m=40,Janet Elizabeth McAfee,I - IFA,No,,,jmcafee.co.uk
https://financialadvisers.co.uk/financial-planning/saintfield-bt24/?pl_p=12&pl_m=40,Ashtree Financial Services Ltd,I - IFA,No,11-50,8,ashtreefinancial.co.uk
https://financialadvisers.co.uk/financial-planning/saintfield-bt24/?pl_p=12&pl_m=40,The Strain Practice Ltd,I - IFA,No,1-10,7,thestrainpractice.co.uk
https://financialadvisers.co.uk/financial-planning/saintfield-bt24/?pl_p=12&pl_m=40,Karl Murphy,I - IFA,No,,,kjmfp.co.uk
https://financialadvisers.co.uk/financial-planning/saintfield-bt24/?pl_p=12&pl_m=40,Corhammock Ltd,I - IFA,No,,,sloanandco.com
https://financialadvisers.co.uk/financial-planning/saintfield-bt24/?pl_p=12&pl_m=40,Destination Financial Planning Limited,I - IFA,No,1-10,8,navigatorfp.com
https://financialadvisers.co.uk/financial-planning/saintfield-bt24/?pl_p=12&pl_m=40,R Sheridan & Co,,,,,
https://financialadvisers.co.uk/financial-planning/saintfield-bt24/?pl_p=12&pl_m=40,Atlas Financial Planning Ltd,I - IFA,No,1-10,1,atlasplanning.co.uk
https://financialadvisers.co.uk/financial-planning/saintfield-bt24/?pl_p=12&pl_m=40,From Acorns Financial Planning Ltd,I - IFA,No,1-10,1,fromacornsfp.com
https://financialadvisers.co.uk/financial-planning/saintfield-bt24/?pl_p=12&pl_m=40,M. Reynolds Financial Solutions Limited,I - IFA,No,1,1,mreynoldsfinancialsolutions.co.uk
https://financialadvisers.co.uk/financial-planning/saintfield-bt24/?pl_p=13&pl_m=40,Jigsaw Financial Associates Limited,I - DFM without Centralised Research; I - IFA,No,1-10,8,jigsawfinancial.com
https://financialadvisers.co.uk/financial-planning/saintfield-bt24/?pl_p=13&pl_m=40,Brian Wilson,,,,,
https://financialadvisers.co.uk/financial-planning/saintfield-bt24/?pl_p=13&pl_m=40,Abbey Financial Services (N.I.) Ltd,I - IFA,No,,,abbeyfinancialservicesni.com
https://financialadvisers.co.uk/financial-planning/saintfield-bt24/?pl_p=13&pl_m=40,Channel Wharf Wealth Management Limited,I - IFA,No,,,channelwharfwealth.com
https://financialadvisers.co.uk/financial-planning/saintfield-bt24/?pl_p=13&pl_m=40,Coulter Weir Wealth Management,I - IFA,No,1-10,4,coulterweir.co.uk
https://financialadvisers.co.uk/financial-planning/saintfield-bt24/?pl_p=13&pl_m=40,Catherine Adams Financial Planning Limited,,,,,
https://financialadvisers.co.uk/financial-planning/saintfield-bt24/?pl_p=13&pl_m=40,Mortgagewise & Smart Wealth Ltd,I - IFA,No,,,mortgagewisesmartwealth.co.uk
https://financialadvisers.co.uk/financial-planning/saintfield-bt24/?pl_p=13&pl_m=40,Ballymena Investment Centre Ltd,I - IFA,No,1-10,2,ballymenainvestmentcentre.com
https://financialadvisers.co.uk/financial-planning/saintfield-bt24/?pl_p=13&pl_m=40,SRG Financial Management Ltd,I - IFA,No,,4,srgfinancial.com
https://financialadvisers.co.uk/financial-planning/saintfield-bt24/?pl_p=13&pl_m=40,Corin Berry Associates Limited,I - IFA,No,1-10,2,corinberryassociates.com
https://financialadvisers.co.uk/financial-planning/saintfield-bt24/?pl_p=13&pl_m=40,AD Mitchell Financial Planning Ltd,I - IFA,No,1-10,2,admitchellfinancialplanning.co.uk
https://financialadvisers.co.uk/financial-planning/saintfield-bt24/?pl_p=13&pl_m=40,Ivan McNeill,,,,,
https://financialadvisers.co.uk/financial-planning/saintfield-bt24/?pl_p=13&pl_m=40,B McKernan & Co Ltd,I - IFA,No,,,bmckernan.co.uk
https://financialadvisers.co.uk/financial-planning/saintfield-bt24/?pl_p=13&pl_m=40,McGlone & McCabe Estate Agents & Financial Services,I - IFA,No,,5,mcglonemccabe.com
https://financialadvisers.co.uk/financial-planning/saintfield-bt24/?pl_p=13&pl_m=40,Verity Pensions Ltd,I - IFA,No,1-10,,verityfinancial.co.uk
https://financialadvisers.co.uk/financial-planning/saintfield-bt24/?pl_p=14&pl_m=40,Devine Wealth Management,I - IFA,No,"1,001-5,000",3514,partnership.sjp.co.uk/devinewealthmanagement
https://financialadvisers.co.uk/financial-planning/saintfield-bt24/?pl_p=14&pl_m=40,MBFS Financial Ltd,I - IFA,No,,,mbfs-financial.com
https://financialadvisers.co.uk/financial-planning/saintfield-bt24/?pl_p=14&pl_m=40,Karen Donnelly,I - IFA,No,,,karendonnelly.co.uk
https://financialadvisers.co.uk/financial-planning/saintfield-bt24/?pl_p=14&pl_m=40,Absolute Protection and Wealth  Ltd,,,,,
https://financialadvisers.co.uk/financial-planning/saintfield-bt24/?pl_p=14&pl_m=40,Kenneth Brown Financial Services Ltd,,,,,
https://financialadvisers.co.uk/financial-planning/saintfield-bt24/?pl_p=14&pl_m=40,Dean Financial Solutions,I - IFA,No,"1,001-5,000",3514,deanfinancialsolutions.co.uk
https://financialadvisers.co.uk/financial-planning/saintfield-bt24/?pl_p=14&pl_m=40,Darryl Martin Investments Limited,I - IFA,No,,,darrylmartin.co.uk
https://financialadvisers.co.uk/financial-planning/saintfield-bt24/?pl_p=14&pl_m=40,Peter Falls,,,,,
