Source,Company Name,Website Link
https://financialadvisers.co.uk/financial-planning/oakham/?pl_p=1&pl_m=40,Chervin Dell,
https://financialadvisers.co.uk/financial-planning/oakham/?pl_p=1&pl_m=40,Tom Buck,
https://financialadvisers.co.uk/financial-planning/oakham/?pl_p=1&pl_m=40,Calder Financial Ltd,
https://financialadvisers.co.uk/financial-planning/oakham/?pl_p=1&pl_m=40,Grayson Lewis Financial Planning Limited,graysonlewis.co.uk
https://financialadvisers.co.uk/financial-planning/oakham/?pl_p=1&pl_m=40,Smith Eliot Financial Management Ltd,smitheliotfinancialmanagement.co.uk
https://financialadvisers.co.uk/financial-planning/oakham/?pl_p=1&pl_m=40,Blackbrook Financial Services Ltd,blackbrookfinancial.co.uk
https://financialadvisers.co.uk/financial-planning/oakham/?pl_p=1&pl_m=40,Indaba Wealth Management Limited,indabawealth.com
https://financialadvisers.co.uk/financial-planning/oakham/?pl_p=1&pl_m=40,Calver Wealth Management,calverwm.co.uk
https://financialadvisers.co.uk/financial-planning/oakham/?pl_p=1&pl_m=40,Tobias Colton,partnership.sjp.co.uk/partner/tobiascolton
https://financialadvisers.co.uk/financial-planning/oakham/?pl_p=1&pl_m=40,James & James Financial Advisers Limited,jandjadvisers.co.uk
https://financialadvisers.co.uk/financial-planning/oakham/?pl_p=1&pl_m=40,Financial Tracking & Advice Limited,btinternet.com
https://financialadvisers.co.uk/financial-planning/oakham/?pl_p=1&pl_m=40,Watchorn Financial Services Ltd,watchornfs.co.uk
https://financialadvisers.co.uk/financial-planning/oakham/?pl_p=1&pl_m=40,Consilium Wealth Limited,
https://financialadvisers.co.uk/financial-planning/oakham/?pl_p=1&pl_m=40,Martin Scholes,partnership.sjp.co.uk/partner/martinscholes
https://financialadvisers.co.uk/financial-planning/oakham/?pl_p=1&pl_m=40,Abbey Wealth Management Ltd,abbeywealthmanagement.co.uk
https://financialadvisers.co.uk/financial-planning/oakham/?pl_p=2&pl_m=40,Key Financial Wealth Management Ltd,sjpp.co.ukkfwm
https://financialadvisers.co.uk/financial-planning/oakham/?pl_p=2&pl_m=40,Alexander De Lisle,
https://financialadvisers.co.uk/financial-planning/oakham/?pl_p=2&pl_m=40,Chapmans Financial LLP,chapmansfinancial.co.uk
https://financialadvisers.co.uk/financial-planning/oakham/?pl_p=2&pl_m=40,Keightley Pattison Financial Management Limited,keightleypattisonifa.co.uk
https://financialadvisers.co.uk/financial-planning/oakham/?pl_p=2&pl_m=40,Alex Vanderweele,partnership.sjp.co.uk/partner/vanderweelewm
https://financialadvisers.co.uk/financial-planning/oakham/?pl_p=2&pl_m=40,Rumi Mortgages Ltd,
https://financialadvisers.co.uk/financial-planning/oakham/?pl_p=2&pl_m=40,AMETHYST BROKERS LIMITED,amethystinsurance.co.uk
https://financialadvisers.co.uk/financial-planning/oakham/?pl_p=2&pl_m=40,Which Way Financial Solutions Ltd,whichwayfs.com
https://financialadvisers.co.uk/financial-planning/oakham/?pl_p=2&pl_m=40,44 Financial Limited,44financial.co.uk
https://financialadvisers.co.uk/financial-planning/oakham/?pl_p=2&pl_m=40,Elegant Wealth Management Ltd,2plan.com
https://financialadvisers.co.uk/financial-planning/oakham/?pl_p=2&pl_m=40,Absolute Financial Services LLP,absolutefs.co.uk
https://financialadvisers.co.uk/financial-planning/oakham/?pl_p=2&pl_m=40,LW Wealth Management Ltd,lwwealthmanagement.co.uk
https://financialadvisers.co.uk/financial-planning/oakham/?pl_p=2&pl_m=40,Golden Oak Wealth Management Limited,goldenoakwealthmanagement.co.uk
https://financialadvisers.co.uk/financial-planning/oakham/?pl_p=2&pl_m=40,Terence Goddard Associates Limited,terencegoddardassociates.co.uk
https://financialadvisers.co.uk/financial-planning/oakham/?pl_p=2&pl_m=40,Landmark IFA Limited,landmarkifa.co.uk
https://financialadvisers.co.uk/financial-planning/oakham/?pl_p=3&pl_m=40,Bridgegate Wealth Planning Ltd,bridgegatewp.co.uk
https://financialadvisers.co.uk/financial-planning/oakham/?pl_p=3&pl_m=40,Paul Carter,partnership.sjp.co.uk/partner/paulcarter
https://financialadvisers.co.uk/financial-planning/oakham/?pl_p=3&pl_m=40,Chattertons Wealth Management Limited,chattertons.com
https://financialadvisers.co.uk/financial-planning/oakham/?pl_p=3&pl_m=40,BCM Wealth Management Ltd,bcmwealth.co.uk
https://financialadvisers.co.uk/financial-planning/oakham/?pl_p=3&pl_m=40,Stephanie Smith,stephaniesmithfp.co.uk
https://financialadvisers.co.uk/financial-planning/oakham/?pl_p=3&pl_m=40,Perspective (Northants & Cambs) Ltd,pfgl.co.uk/northants-cambs
https://financialadvisers.co.uk/financial-planning/oakham/?pl_p=3&pl_m=40,LILAC FINANCIAL LIMITED,
https://financialadvisers.co.uk/financial-planning/oakham/?pl_p=3&pl_m=40,O'Connor Wealth Management Ltd,oconnorwm.co.uk
https://financialadvisers.co.uk/financial-planning/oakham/?pl_p=3&pl_m=40,Handford Aitkenhead & Walker Ltd,ha-w.co.uk
https://financialadvisers.co.uk/financial-planning/oakham/?pl_p=3&pl_m=40,Mason Smalley Ltd,rippled.co.uk
https://financialadvisers.co.uk/financial-planning/oakham/?pl_p=3&pl_m=40,Tantum Limited,tantum.co.uk
https://financialadvisers.co.uk/financial-planning/oakham/?pl_p=3&pl_m=40,Actnow Mortgages Ltd,
https://financialadvisers.co.uk/financial-planning/oakham/?pl_p=3&pl_m=40,Throgmorton Wealth Management Ltd,throgmortonwm.co.uk
https://financialadvisers.co.uk/financial-planning/oakham/?pl_p=3&pl_m=40,Holmes Investments Ltd,holmesinvest.co.uk
https://financialadvisers.co.uk/financial-planning/oakham/?pl_p=3&pl_m=40,Totally Financial Planning Limited,2plan.com
https://financialadvisers.co.uk/financial-planning/oakham/?pl_p=4&pl_m=40,Kinahan Wealth,sjpp.co.uk/raykinahan
https://financialadvisers.co.uk/financial-planning/oakham/?pl_p=4&pl_m=40,Stoneleigh Financial Services LLP,
https://financialadvisers.co.uk/financial-planning/oakham/?pl_p=4&pl_m=40,Greg Smith,partnership.sjp.co.uk/partner/gregsmith
https://financialadvisers.co.uk/financial-planning/oakham/?pl_p=4&pl_m=40,TUSCAN WEALTH MANAGEMENT LTD,mandgwealth.com/tuscanwealthmanagement
https://financialadvisers.co.uk/financial-planning/oakham/?pl_p=4&pl_m=40,Murva Wealth Consultancy Limited,partnership.sjp.co.uk/partner/sheilamurva
https://financialadvisers.co.uk/financial-planning/oakham/?pl_p=4&pl_m=40,Ian Tait,partnership.sjp.co.uk/partner/iantait
https://financialadvisers.co.uk/financial-planning/oakham/?pl_p=4&pl_m=40,Ian Cameron,iancameronfp.co.uk
https://financialadvisers.co.uk/financial-planning/oakham/?pl_p=4&pl_m=40,Mark Timmins Wealth Management Ltd,marktimmins.com
https://financialadvisers.co.uk/financial-planning/oakham/?pl_p=4&pl_m=40,Stuart Lacey and Associates Limited,
https://financialadvisers.co.uk/financial-planning/oakham/?pl_p=4&pl_m=40,Barnsdale Financial Management Limited,barnsdalefinancialmanagement.co.uk
https://financialadvisers.co.uk/financial-planning/oakham/?pl_p=4&pl_m=40,MSBM Wealth Limited,
https://financialadvisers.co.uk/financial-planning/oakham/?pl_p=4&pl_m=40,Positive Advisers Limited,positiveadvisers.co.uk
https://financialadvisers.co.uk/financial-planning/oakham/?pl_p=4&pl_m=40,Five Star Mortgages Limited,fivestarmortgages.co.uk
https://financialadvisers.co.uk/financial-planning/oakham/?pl_p=4&pl_m=40,Chase Integral Limited,chaseintegral.co.uk
https://financialadvisers.co.uk/financial-planning/oakham/?pl_p=4&pl_m=40,Harcourt Wealth Ltd,2plan.com
https://financialadvisers.co.uk/financial-planning/oakham/?pl_p=5&pl_m=40,Throgmorton Investment Management Ltd,hrogmortonim.co.uk
https://financialadvisers.co.uk/financial-planning/oakham/?pl_p=5&pl_m=40,Harborough Portas Financial Services Ltd,harboroughportasfs.com
https://financialadvisers.co.uk/financial-planning/oakham/?pl_p=5&pl_m=40,Radiant Financial Planning Limited,radiantfinancial.co.uk
https://financialadvisers.co.uk/financial-planning/oakham/?pl_p=5&pl_m=40,Narwal Wealth Management Ltd,narwalwm.co.uk
https://financialadvisers.co.uk/financial-planning/oakham/?pl_p=5&pl_m=40,Paul Johnson,
https://financialadvisers.co.uk/financial-planning/oakham/?pl_p=5&pl_m=40,PerryJones Financial Planning Limited,perryjones.uk
https://financialadvisers.co.uk/financial-planning/oakham/?pl_p=5&pl_m=40,Kaushik Natwarlal Amliwala,dwm.uk.com
https://financialadvisers.co.uk/financial-planning/oakham/?pl_p=5&pl_m=40,Guru Financial Services Ltd,jaymaru.co.uk
https://financialadvisers.co.uk/financial-planning/oakham/?pl_p=5&pl_m=40,Cloisters Financial Management Limited,
https://financialadvisers.co.uk/financial-planning/oakham/?pl_p=5&pl_m=40,Redwood Employee Benefit Services Ltd,redwood-ebs.co.uk
https://financialadvisers.co.uk/financial-planning/oakham/?pl_p=5&pl_m=40,Mark Marshall,ashleylawifs.co.uk
https://financialadvisers.co.uk/financial-planning/oakham/?pl_p=5&pl_m=40,Kal Patel Wealth Management,partnership.sjp.co.uk/partner/kalpatel
https://financialadvisers.co.uk/financial-planning/oakham/?pl_p=5&pl_m=40,Readymoney Investments Limited,rmi-ifa.co.uk
https://financialadvisers.co.uk/financial-planning/oakham/?pl_p=5&pl_m=40,Spicer and Yarwood Limited,
https://financialadvisers.co.uk/financial-planning/oakham/?pl_p=5&pl_m=40,HB Financial Independence Ltd,hbfi.co.uk
https://financialadvisers.co.uk/financial-planning/oakham/?pl_p=6&pl_m=40,Crownhouse IFAS Ltd,crownhouseifas.co.uk
https://financialadvisers.co.uk/financial-planning/oakham/?pl_p=6&pl_m=40,Henry Spain Investment Services Limited,henryspain.co.uk
https://financialadvisers.co.uk/financial-planning/oakham/?pl_p=6&pl_m=40,ISJ INDEPENDENT FINANCIAL PLANNING LIMITED,isjfinancialplanning.co.uk
https://financialadvisers.co.uk/financial-planning/oakham/?pl_p=6&pl_m=40,Vaughan Davies & Co (Pensions & Investments) Limited,vaughan-davies.co.uk
https://financialadvisers.co.uk/financial-planning/oakham/?pl_p=6&pl_m=40,Andrew Bourne & Co Independent Financial Advisers Ltd,andrewbourne.co.uk
https://financialadvisers.co.uk/financial-planning/oakham/?pl_p=6&pl_m=40,GP3 Financial Solutions Ltd,gp3fs.com
https://financialadvisers.co.uk/financial-planning/oakham/?pl_p=6&pl_m=40,Berry Wealth Management Ltd,bwmifa.co.uk
https://financialadvisers.co.uk/financial-planning/oakham/?pl_p=6&pl_m=40,Coleman FS Limited,colemanfinancial.co.uk
https://financialadvisers.co.uk/financial-planning/oakham/?pl_p=6&pl_m=40,Watermead Financial Ltd,watermead-financial.co.uk
https://financialadvisers.co.uk/financial-planning/oakham/?pl_p=6&pl_m=40,Best to Invest Limited,hillgrafford.co.uk
https://financialadvisers.co.uk/financial-planning/oakham/?pl_p=6&pl_m=40,Eamonn Cassidy Wealth Management Limited,eamonncassidy.co.uk
https://financialadvisers.co.uk/financial-planning/oakham/?pl_p=6&pl_m=40,Essential Financial Advisers LLP,essential-fa.com
https://financialadvisers.co.uk/financial-planning/oakham/?pl_p=6&pl_m=40,Asset Intelligence Portfolio Management Limited,asset-intelligence.com
https://financialadvisers.co.uk/financial-planning/oakham/?pl_p=6&pl_m=40,C D G Financial Services Limited,cdgfs.co.uk
https://financialadvisers.co.uk/financial-planning/oakham/?pl_p=6&pl_m=40,Furnley House Limited,furnleyhouse.co.uk
https://financialadvisers.co.uk/financial-planning/oakham/?pl_p=7&pl_m=40,Aquarius Wealth Management Limited,aquariuswm.com
https://financialadvisers.co.uk/financial-planning/oakham/?pl_p=7&pl_m=40,Jordan & Co Financial Services Ltd,2plan.com
https://financialadvisers.co.uk/financial-planning/oakham/?pl_p=7&pl_m=40,Harcourt Financial Limited,harcourt-financial.co.uk
https://financialadvisers.co.uk/financial-planning/oakham/?pl_p=7&pl_m=40,Jackson Financial Services Limited,jacksoninsurance.co.uk
https://financialadvisers.co.uk/financial-planning/oakham/?pl_p=7&pl_m=40,Riverglen Financial Associates Ltd,riverglenifa.co.uk
https://financialadvisers.co.uk/financial-planning/oakham/?pl_p=7&pl_m=40,The Finance Lab Ltd,financelab.co.uk
https://financialadvisers.co.uk/financial-planning/oakham/?pl_p=7&pl_m=40,ANCASURE LTD,
https://financialadvisers.co.uk/financial-planning/oakham/?pl_p=7&pl_m=40,MNM Financial Ltd,
https://financialadvisers.co.uk/financial-planning/oakham/?pl_p=7&pl_m=40,Mark Fraser,sjpp.co.uk/markfraser
https://financialadvisers.co.uk/financial-planning/oakham/?pl_p=7&pl_m=40,Gateway Financial Advisers (UK) Ltd,gfa-advisers.co.uk
https://financialadvisers.co.uk/financial-planning/oakham/?pl_p=7&pl_m=40,BPC Wealth Management Ltd,bpcwealth.co.uk
https://financialadvisers.co.uk/financial-planning/oakham/?pl_p=7&pl_m=40,Westerby Investment Management Limited,westerby-investment.co.uk
https://financialadvisers.co.uk/financial-planning/oakham/?pl_p=7&pl_m=40,TM Asset Management Limited,tmam.co.uk
https://financialadvisers.co.uk/financial-planning/oakham/?pl_p=7&pl_m=40,BMA Bristol Ltd,mab.org.uk
https://financialadvisers.co.uk/financial-planning/oakham/?pl_p=7&pl_m=40,Ashton Financial Planning Ltd.,ashtonbusiness.co.uk
https://financialadvisers.co.uk/financial-planning/oakham/?pl_p=8&pl_m=40,Clear Sky Financial Consulting Ltd,clearskyadvice.com
https://financialadvisers.co.uk/financial-planning/oakham/?pl_p=8&pl_m=40,Clear Sky Mortgage Solutions Ltd,clearskyadvice.com
https://financialadvisers.co.uk/financial-planning/oakham/?pl_p=8&pl_m=40,Richardson Wealth Associates Ltd,richardsonwealth.co.uk
https://financialadvisers.co.uk/financial-planning/oakham/?pl_p=8&pl_m=40,Salisbury House Limited,salisburyhouse.co.uk
https://financialadvisers.co.uk/financial-planning/oakham/?pl_p=8&pl_m=40,RTP Management Ltd,rtpmltd.com
https://financialadvisers.co.uk/financial-planning/oakham/?pl_p=8&pl_m=40,M3 Financial Solutions Limited,m3ltd.co.uk
https://financialadvisers.co.uk/financial-planning/oakham/?pl_p=8&pl_m=40,PSC UK INSURANCE BROKERS LIMITED,pscinsurance.co.uk
https://financialadvisers.co.uk/financial-planning/oakham/?pl_p=8&pl_m=40,Stepping Stones Financial Solutions Limited,steppingstonesfp.co.uk
https://financialadvisers.co.uk/financial-planning/oakham/?pl_p=8&pl_m=40,Oundle Wealth Management Limited,accessionfp.co.uk
https://financialadvisers.co.uk/financial-planning/oakham/?pl_p=8&pl_m=40,Sovereign Financial Planners Limited,sovereign-planners.co.uk
https://financialadvisers.co.uk/financial-planning/oakham/?pl_p=8&pl_m=40,Barkestone Associates (Wealth Management) Limited,barkestoneassociates.com
https://financialadvisers.co.uk/financial-planning/oakham/?pl_p=8&pl_m=40,Ingenious Financial Solutions Limited,ingeniousfs.co.uk
https://financialadvisers.co.uk/financial-planning/oakham/?pl_p=8&pl_m=40,Eastlake & Beachell Limited,eastlakebeachell.co.uk
https://financialadvisers.co.uk/financial-planning/oakham/?pl_p=8&pl_m=40,Michael Ambrose Limited,michaelambrose.co.uk
https://financialadvisers.co.uk/financial-planning/oakham/?pl_p=8&pl_m=40,Accomplished Financial Solutions Ltd,
https://financialadvisers.co.uk/financial-planning/oakham/?pl_p=9&pl_m=40,Telford Mann Limited,telfordmann.co.uk
https://financialadvisers.co.uk/financial-planning/oakham/?pl_p=9&pl_m=40,GHC Wealth Management Limited,ghcwealth.co.uk
https://financialadvisers.co.uk/financial-planning/oakham/?pl_p=9&pl_m=40,Rebus Financial Services Ltd,
https://financialadvisers.co.uk/financial-planning/oakham/?pl_p=9&pl_m=40,Fifteen Financial Planning Ltd,fifteenfinancialplanning.co.uk
https://financialadvisers.co.uk/financial-planning/oakham/?pl_p=9&pl_m=40,Castlegate Financial Management Limited,casfin.co.uk
https://financialadvisers.co.uk/financial-planning/oakham/?pl_p=9&pl_m=40,RetireInvest Limited,retireinvest.co.uk
https://financialadvisers.co.uk/financial-planning/oakham/?pl_p=9&pl_m=40,JND Mortgages Limited,
https://financialadvisers.co.uk/financial-planning/oakham/?pl_p=9&pl_m=40,Liberty Partnership Limited,liberty-partnership.co.uk
https://financialadvisers.co.uk/financial-planning/oakham/?pl_p=9&pl_m=40,Anthony John Arlott,clara.co.uk
https://financialadvisers.co.uk/financial-planning/oakham/?pl_p=9&pl_m=40,BMSG Wealth Management Limited,bmsgwealth.co.uk
https://financialadvisers.co.uk/financial-planning/oakham/?pl_p=9&pl_m=40,Keith Hargraves,
https://financialadvisers.co.uk/financial-planning/oakham/?pl_p=9&pl_m=40,Nouveau Wealth Management Ltd,nouveauwealth.co.uk
https://financialadvisers.co.uk/financial-planning/oakham/?pl_p=9&pl_m=40,Talk Mortgage Broker Ltd,
https://financialadvisers.co.uk/financial-planning/oakham/?pl_p=9&pl_m=40,Oakwood Financial Services 2015 Ltd,oakwood.uk.com
https://financialadvisers.co.uk/financial-planning/oakham/?pl_p=9&pl_m=40,Stephen McEwan,stevemcewanwm.co.uk
https://financialadvisers.co.uk/financial-planning/oakham/?pl_p=10&pl_m=40,WILLDAY WEALTH MANAGEMENT LIMITED,willdaywm.co.uk
https://financialadvisers.co.uk/financial-planning/oakham/?pl_p=10&pl_m=40,Richard Marshall Wealth Management Ltd,richardmarshall.co.uk
https://financialadvisers.co.uk/financial-planning/oakham/?pl_p=10&pl_m=40,First Call Financial Advice Limited,firstcallfinancialadvice.co.uk
https://financialadvisers.co.uk/financial-planning/oakham/?pl_p=10&pl_m=40,Bates Financial Solutions Limited,batesfs.com
https://financialadvisers.co.uk/financial-planning/oakham/?pl_p=10&pl_m=40,Mr W J Pickering & Mrs A Pickering,wjpickering.co.uk
https://financialadvisers.co.uk/financial-planning/oakham/?pl_p=10&pl_m=40,Richard Bowyer,twentytwowealth.co.uk
https://financialadvisers.co.uk/financial-planning/oakham/?pl_p=10&pl_m=40,BEST Wealth Management Ltd,nscfp.co.uk
https://financialadvisers.co.uk/financial-planning/oakham/?pl_p=10&pl_m=40,Ryan Mitchell,hampton-wealth.co.uk
https://financialadvisers.co.uk/financial-planning/oakham/?pl_p=10&pl_m=40,Pathfinder Financial Planning Ltd,pathfinderfp.com
https://financialadvisers.co.uk/financial-planning/oakham/?pl_p=10&pl_m=40,Christopher Millard,
https://financialadvisers.co.uk/financial-planning/oakham/?pl_p=10&pl_m=40,Jackson Toms Financial Services Ltd,jacksontoms.co.uk
https://financialadvisers.co.uk/financial-planning/oakham/?pl_p=10&pl_m=40,Hall Financial Strategies Ltd,hallfinancialstrategies.co.uk
https://financialadvisers.co.uk/financial-planning/oakham/?pl_p=10&pl_m=40,Bespoke Benefit Solutions Limited,bespokebenefits.co.uk
https://financialadvisers.co.uk/financial-planning/oakham/?pl_p=10&pl_m=40,Suckbir Dhanda,sdhandawealthmanagement.co.uk
https://financialadvisers.co.uk/financial-planning/oakham/?pl_p=10&pl_m=40,Frances Bryan,brystone.net
https://financialadvisers.co.uk/financial-planning/oakham/?pl_p=11&pl_m=40,Angell Mallinder Ltd,angellmallinder.co.uk
https://financialadvisers.co.uk/financial-planning/oakham/?pl_p=11&pl_m=40,Mark Owen,keithwilliamsfinancial.co.uk
https://financialadvisers.co.uk/financial-planning/oakham/?pl_p=11&pl_m=40,Blyth-Richmond Investment Managers Limited,blyth-richmond.co.uk
https://financialadvisers.co.uk/financial-planning/oakham/?pl_p=11&pl_m=40,John Betts Mortgages Ltd,mortgagebrokerkettering.co.uk
https://financialadvisers.co.uk/financial-planning/oakham/?pl_p=11&pl_m=40,GM Financial Consultants Ltd,gmfinancialconsultants.co.uk
https://financialadvisers.co.uk/financial-planning/oakham/?pl_p=11&pl_m=40,Aaron Tawny Mortgages Limited,atawny.co.uk
https://financialadvisers.co.uk/financial-planning/oakham/?pl_p=11&pl_m=40,Opendoor Mortgages Limited,
https://financialadvisers.co.uk/financial-planning/oakham/?pl_p=11&pl_m=40,Verve Wealth Management Ltd,
https://financialadvisers.co.uk/financial-planning/oakham/?pl_p=11&pl_m=40,Shaun Keir Watson,
https://financialadvisers.co.uk/financial-planning/oakham/?pl_p=11&pl_m=40,Park View Financial Services Limited,parkviewfs.com
https://financialadvisers.co.uk/financial-planning/oakham/?pl_p=11&pl_m=40,Fair Financial Limited,fairfinancial.co.uk
https://financialadvisers.co.uk/financial-planning/oakham/?pl_p=11&pl_m=40,Bloxham Brooks & Bailey Ltd,bbbfinancial.co.uk
https://financialadvisers.co.uk/financial-planning/oakham/?pl_p=11&pl_m=40,North Sands Financial Management Ltd,mandgwealth.com/northsandsfinancialmanagement
https://financialadvisers.co.uk/financial-planning/oakham/?pl_p=11&pl_m=40,GreenStones Financial Services Limited,timelinewealth.com
https://financialadvisers.co.uk/financial-planning/oakham/?pl_p=11&pl_m=40,Canter Holland Mortgages Limited,canterholland.com
https://financialadvisers.co.uk/financial-planning/oakham/?pl_p=12&pl_m=40,Stephenson Smart Financial Services Limited,stephensonsmartfinancial.co.uk
https://financialadvisers.co.uk/financial-planning/oakham/?pl_p=12&pl_m=40,Canter Holland Ltd,canterholland.com
https://financialadvisers.co.uk/financial-planning/oakham/?pl_p=12&pl_m=40,Ruthlyn House Wealth Management Limited,rawlinsons.co.uk
https://financialadvisers.co.uk/financial-planning/oakham/?pl_p=12&pl_m=40,Heritage Wealth Advisory Ltd,heritagewealthadvisory.co.uk
https://financialadvisers.co.uk/financial-planning/oakham/?pl_p=12&pl_m=40,Fantastic Financial Ltd,jmil.co.uk
https://financialadvisers.co.uk/financial-planning/oakham/?pl_p=12&pl_m=40,Pension Freedom (UK) Limited,pensionfreedom.co.uk
https://financialadvisers.co.uk/financial-planning/oakham/?pl_p=12&pl_m=40,Bruce Bennett,bfm-ifa.co.uk
https://financialadvisers.co.uk/financial-planning/oakham/?pl_p=12&pl_m=40,Agentis Wealth Management Ltd,agentisfinancial.co.uk
https://financialadvisers.co.uk/financial-planning/oakham/?pl_p=12&pl_m=40,Wealthline Ltd,brookswealth.co.uk
https://financialadvisers.co.uk/financial-planning/oakham/?pl_p=12&pl_m=40,GHL Network Services Ltd,ghlgroup.co.uk
https://financialadvisers.co.uk/financial-planning/oakham/?pl_p=12&pl_m=40,Trevor Derek Fletcher,ntlworld.com
https://financialadvisers.co.uk/financial-planning/oakham/?pl_p=12&pl_m=40,Santorini Financial Planning Limited,santorinifinancialplanning.co.uk
https://financialadvisers.co.uk/financial-planning/oakham/?pl_p=12&pl_m=40,Clark Wealth Management Ltd,clarkwm.co.uk
https://financialadvisers.co.uk/financial-planning/oakham/?pl_p=12&pl_m=40,Elizabeth Tuccy,liztuccy.co.uk
https://financialadvisers.co.uk/financial-planning/oakham/?pl_p=12&pl_m=40,Forward Focus Financial Planning Limited,mandgwealth.com/forwardfocusfinancialplanning
https://financialadvisers.co.uk/financial-planning/oakham/?pl_p=13&pl_m=40,Lee Westley Limited,westleysfinancialplanning.co.uk
https://financialadvisers.co.uk/financial-planning/oakham/?pl_p=13&pl_m=40,The Bobby Dhanjal Practice Ltd,bdwm.co.uk
https://financialadvisers.co.uk/financial-planning/oakham/?pl_p=13&pl_m=40,PSA Financial Services Limited,psafinancial.co.uk
https://financialadvisers.co.uk/financial-planning/oakham/?pl_p=13&pl_m=40,IWA Financial Planning Ltd,imperialwealthadvisory.co.uk
https://financialadvisers.co.uk/financial-planning/oakham/?pl_p=13&pl_m=40,Imperial Wealth Advisory Limited,imperialwealthadvisory.co.uk
https://financialadvisers.co.uk/financial-planning/oakham/?pl_p=13&pl_m=40,Paul Geddes Wealth Management Ltd,sjpp.co.uk/paulgeddes
https://financialadvisers.co.uk/financial-planning/oakham/?pl_p=13&pl_m=40,Midas Strategies (UK) LLP,midasstrategies.co.uk
https://financialadvisers.co.uk/financial-planning/oakham/?pl_p=13&pl_m=40,Rowley Turton (IFA) Ltd,rowleyturton.com
https://financialadvisers.co.uk/financial-planning/oakham/?pl_p=13&pl_m=40,Imperial Financial Planning Limited,imperialfinancialplanning.co.uk
https://financialadvisers.co.uk/financial-planning/oakham/?pl_p=13&pl_m=40,WKM Wealth Ltd,wkmwealth.co.uk
https://financialadvisers.co.uk/financial-planning/oakham/?pl_p=13&pl_m=40,OneLife Wealth Advice Limited,onelifewealthadvice.co.uk
https://financialadvisers.co.uk/financial-planning/oakham/?pl_p=13&pl_m=40,David Booler & Company,boolers.co.uk
https://financialadvisers.co.uk/financial-planning/oakham/?pl_p=13&pl_m=40,Bennett Allen Financial Planning Ltd,bennettallen.co.uk
https://financialadvisers.co.uk/financial-planning/oakham/?pl_p=13&pl_m=40,Milestone Wealth Ltd,milestonewealth.co.uk
https://financialadvisers.co.uk/financial-planning/oakham/?pl_p=13&pl_m=40,Ian Gornall,iangornallfinancialplanning.co.uk
https://financialadvisers.co.uk/financial-planning/oakham/?pl_p=14&pl_m=40,Gary Smithies Wealth Management Ltd,garysmithies.2plan.com
https://financialadvisers.co.uk/financial-planning/oakham/?pl_p=14&pl_m=40,Kurian's Financial Consultants Limited,kurians.co.uk
https://financialadvisers.co.uk/financial-planning/oakham/?pl_p=14&pl_m=40,EQ Wealth Management Ltd,visionifp.co.uk
https://financialadvisers.co.uk/financial-planning/oakham/?pl_p=14&pl_m=40,PL Financial Solutions Limited,plfs.net
https://financialadvisers.co.uk/financial-planning/oakham/?pl_p=14&pl_m=40,AMW Financial Planning Limited,mandgwealth.com/amwfinancialplanning
https://financialadvisers.co.uk/financial-planning/oakham/?pl_p=14&pl_m=40,James Brooks,
https://financialadvisers.co.uk/financial-planning/oakham/?pl_p=14&pl_m=40,SMH Wealth Associates Ltd,2plan.com
https://financialadvisers.co.uk/financial-planning/oakham/?pl_p=14&pl_m=40,Anstee & Co Limited,ansteeco.co.uk
https://financialadvisers.co.uk/financial-planning/oakham/?pl_p=14&pl_m=40,David Blissett,davidblissett.co.uk
https://financialadvisers.co.uk/financial-planning/oakham/?pl_p=14&pl_m=40,Athena Wealth Management Ltd,mandgwealth.com/athenawealthmanagement
https://financialadvisers.co.uk/financial-planning/oakham/?pl_p=14&pl_m=40,H.S.P. Financial Planning Limited,hsp-ifa.com
https://financialadvisers.co.uk/financial-planning/oakham/?pl_p=14&pl_m=40,KFP Investment Solutions Limited,kfponline.co.uk
https://financialadvisers.co.uk/financial-planning/oakham/?pl_p=14&pl_m=40,David Rickards,rickardsfinancialplanning.com
https://financialadvisers.co.uk/financial-planning/oakham/?pl_p=14&pl_m=40,Tim Parker,woodhousefp.co.uk
https://financialadvisers.co.uk/financial-planning/oakham/?pl_p=14&pl_m=40,Mark Jenkins,jenkinsfinancialpartnership.co.uk
https://financialadvisers.co.uk/financial-planning/oakham/?pl_p=15&pl_m=40,DJR Financial Planning Ltd,djrfp.co.uk
https://financialadvisers.co.uk/financial-planning/oakham/?pl_p=15&pl_m=40,Throgmorton Associates Wealth Management Ltd,throgmortonassociates.co.uk
https://financialadvisers.co.uk/financial-planning/oakham/?pl_p=15&pl_m=40,Matthew De Giovanni,partnership.sjp.co.uk/partner/mdgwealth
https://financialadvisers.co.uk/financial-planning/oakham/?pl_p=15&pl_m=40,Blue Cherry Financial Solutions Limited,bluecherry.org.uk
https://financialadvisers.co.uk/financial-planning/oakham/?pl_p=15&pl_m=40,Killimore Financial Management Limited,killimore.co.uk
https://financialadvisers.co.uk/financial-planning/oakham/?pl_p=15&pl_m=40,MSC Financial Planners Ltd,mscfp.co.uk
https://financialadvisers.co.uk/financial-planning/oakham/?pl_p=15&pl_m=40,Woodgate Financial Planning Ltd,woodgatefp.co.uk
https://financialadvisers.co.uk/financial-planning/oakham/?pl_p=15&pl_m=40,Oakwood Capital Wealth Management Limited,oakwood-capital.co.uk
https://financialadvisers.co.uk/financial-planning/oakham/?pl_p=15&pl_m=40,Sapphire Financial Management Ltd,
https://financialadvisers.co.uk/financial-planning/oakham/?pl_p=15&pl_m=40,Michael Reed Wealth Management Limited,michaelreedwealthmanagement.co.uk
https://financialadvisers.co.uk/financial-planning/oakham/?pl_p=15&pl_m=40,Thatcher Financial Planning Limited,nelsonslaw.co.uk
https://financialadvisers.co.uk/financial-planning/oakham/?pl_p=15&pl_m=40,Cambourne Financial Planning Limited,cambournefp.co.uk
https://financialadvisers.co.uk/financial-planning/oakham/?pl_p=15&pl_m=40,Henson Crisp Ltd,hensoncrisp.com
https://financialadvisers.co.uk/financial-planning/oakham/?pl_p=15&pl_m=40,Chesterton House Financial Planning Ltd,chestertonhouse.co.uk
https://financialadvisers.co.uk/financial-planning/oakham/?pl_p=15&pl_m=40,Peter Richards Financial Ltd,peterrichardsfinancial.com
https://financialadvisers.co.uk/financial-planning/oakham/?pl_p=16&pl_m=40,Equity 55 (Financial Solutions) Ltd,
https://financialadvisers.co.uk/financial-planning/oakham/?pl_p=16&pl_m=40,Perrett & Co. Financial Services Limited,perrettandco.com
https://financialadvisers.co.uk/financial-planning/oakham/?pl_p=16&pl_m=40,Bosworth Wealth Management Ltd,bosworthwm.co.uk
https://financialadvisers.co.uk/financial-planning/oakham/?pl_p=16&pl_m=40,Nicola Reynolds,reynoldsco.co.uk
https://financialadvisers.co.uk/financial-planning/oakham/?pl_p=16&pl_m=40,Roberts Wealth Management Ltd,partnership.sjp.co.uk/partner/evanroberts
https://financialadvisers.co.uk/financial-planning/oakham/?pl_p=16&pl_m=40,Medical Wealthcare Planning Limited,medicalwealthcare.co.uk
https://financialadvisers.co.uk/financial-planning/oakham/?pl_p=16&pl_m=40,Haverfords Limited,haverfords.co.uk
https://financialadvisers.co.uk/financial-planning/oakham/?pl_p=16&pl_m=40,Beaufort Financial Planning (Nottingham) Ltd,beaufortfinancial.co.uk/nottingham
https://financialadvisers.co.uk/financial-planning/oakham/?pl_p=16&pl_m=40,Centricity Wealth Management Limited,centricity-wm.com
https://financialadvisers.co.uk/financial-planning/oakham/?pl_p=16&pl_m=40,Murphy Sawers Consulting Limited,murphysawers.co.uk
https://financialadvisers.co.uk/financial-planning/oakham/?pl_p=16&pl_m=40,Isham Financial Centre Limited,ishamfinancial.com
https://financialadvisers.co.uk/financial-planning/oakham/?pl_p=16&pl_m=40,First Service Financial Limited,firstservicefinancial.co.uk
https://financialadvisers.co.uk/financial-planning/oakham/?pl_p=16&pl_m=40,Tudor Franklin Ltd,tudorfranklin.co.uk
https://financialadvisers.co.uk/financial-planning/oakham/?pl_p=16&pl_m=40,Ravenscroft Investments (UK) Limited,ravenscroftuk.com
https://financialadvisers.co.uk/financial-planning/oakham/?pl_p=16&pl_m=40,Charlesworth Financial Planning Ltd,charlesworthfp.co.uk
https://financialadvisers.co.uk/financial-planning/oakham/?pl_p=17&pl_m=40,Aurea Financial Planning Limited,aureafp.co.uk
https://financialadvisers.co.uk/financial-planning/oakham/?pl_p=17&pl_m=40,Tailor Made Financial Ltd,tailormadeuk.com
https://financialadvisers.co.uk/financial-planning/oakham/?pl_p=17&pl_m=40,O'Sullivan Financial Planning Ltd,osullivanfp.co.uk
https://financialadvisers.co.uk/financial-planning/oakham/?pl_p=17&pl_m=40,B&C Financial Planning Ltd,bcfp.org.uk
https://financialadvisers.co.uk/financial-planning/oakham/?pl_p=17&pl_m=40,David Jones,davidjoneswealthmanagement.co.uk
https://financialadvisers.co.uk/financial-planning/oakham/?pl_p=17&pl_m=40,Martyn Quantick,quantickfinancialservices.com
https://financialadvisers.co.uk/financial-planning/oakham/?pl_p=17&pl_m=40,Oculus Wealth Management (Leicestershire) Limited,oculuswealth.co.uk
https://financialadvisers.co.uk/financial-planning/oakham/?pl_p=17&pl_m=40,Roy Wood,sjpp.co.uk/roywood
https://financialadvisers.co.uk/financial-planning/oakham/?pl_p=17&pl_m=40,BWF Consultants Ltd,bwfconsultants.com
https://financialadvisers.co.uk/financial-planning/oakham/?pl_p=17&pl_m=40,Park Investments (Leicester) Ltd,parkinvestments.co.uk
https://financialadvisers.co.uk/financial-planning/oakham/?pl_p=17&pl_m=40,Merrick Platts Financial Services,
https://financialadvisers.co.uk/financial-planning/oakham/?pl_p=17&pl_m=40,Millennial Wealth Ltd,millennial-wm.co.uk
https://financialadvisers.co.uk/financial-planning/oakham/?pl_p=17&pl_m=40,Astra Wealth Limited,
https://financialadvisers.co.uk/financial-planning/oakham/?pl_p=17&pl_m=40,West Bridgford Wealth Management Ltd,westbridgfordwm.co.uk
https://financialadvisers.co.uk/financial-planning/oakham/?pl_p=17&pl_m=40,Lawrance Bennett Partners Ltd,lbpartnersltd.co.uk
https://financialadvisers.co.uk/financial-planning/oakham/?pl_p=18&pl_m=40,Declan Kiely Wealth Management Ltd,declankiely.co.uk
https://financialadvisers.co.uk/financial-planning/oakham/?pl_p=18&pl_m=40,Mee & Co Ltd,meenadco.com
https://financialadvisers.co.uk/financial-planning/oakham/?pl_p=18&pl_m=40,Claremont Financial Planning Limited,sjpp.co.uk/cfp
https://financialadvisers.co.uk/financial-planning/oakham/?pl_p=18&pl_m=40,Wadsworth Wealth Management Ltd,jwfinancialadvice.co.uk
https://financialadvisers.co.uk/financial-planning/oakham/?pl_p=18&pl_m=40,Bradgate Financial Planning Ltd,bradgateifa.co.uk
https://financialadvisers.co.uk/financial-planning/oakham/?pl_p=18&pl_m=40,Ringrose Grimsley Ltd,rgl-ifa.co.uk
https://financialadvisers.co.uk/financial-planning/oakham/?pl_p=18&pl_m=40,Trident Wealth Management Ltd,tridentwm.co.uk
https://financialadvisers.co.uk/financial-planning/oakham/?pl_p=18&pl_m=40,Advanced Mortgages Ltd,
https://financialadvisers.co.uk/financial-planning/oakham/?pl_p=18&pl_m=40,Zenith Financial Planning Limited,zenithfinancial.co.uk
https://financialadvisers.co.uk/financial-planning/oakham/?pl_p=18&pl_m=40,Neptune Capital Management Limited,neptunecap.co.uk
https://financialadvisers.co.uk/financial-planning/oakham/?pl_p=18&pl_m=40,TBMP Ltd,
https://financialadvisers.co.uk/financial-planning/oakham/?pl_p=18&pl_m=40,Fox Heritage Financial Services Limited,foxheritage.co.uk
https://financialadvisers.co.uk/financial-planning/oakham/?pl_p=18&pl_m=40,Riverfall Financial Ltd,riverfall-financial.co.uk
https://financialadvisers.co.uk/financial-planning/oakham/?pl_p=18&pl_m=40,Rogers Wealth Management Ltd,rogerswealthmanagement.co.uk
https://financialadvisers.co.uk/financial-planning/oakham/?pl_p=18&pl_m=40,Murfitt Wealth Management Ltd,murfittwealth.co.uk
https://financialadvisers.co.uk/financial-planning/oakham/?pl_p=19&pl_m=40,HC James Wealth Management Ltd,partnership.sjp.co.uk/partner/hcjames
https://financialadvisers.co.uk/financial-planning/oakham/?pl_p=19&pl_m=40,Tracey Mather Wealth Management Ltd,traceymatherwm.co.uk
https://financialadvisers.co.uk/financial-planning/oakham/?pl_p=19&pl_m=40,Peter Simons,petersimonsfinancialservices.co.uk
https://financialadvisers.co.uk/financial-planning/oakham/?pl_p=19&pl_m=40,Novitas Wealth Management Ltd,novitaswealth.co.uk
https://financialadvisers.co.uk/financial-planning/oakham/?pl_p=19&pl_m=40,IFA. 1 Ltd,ifa1ltd.co.uk
https://financialadvisers.co.uk/financial-planning/oakham/?pl_p=19&pl_m=40,Stephen Limbert Wealth Management Limited,stephenlimbertwealthmanagement.co.uk
https://financialadvisers.co.uk/financial-planning/oakham/?pl_p=19&pl_m=40,Chris Churm,
https://financialadvisers.co.uk/financial-planning/oakham/?pl_p=19&pl_m=40,Claire Grainge,
https://financialadvisers.co.uk/financial-planning/oakham/?pl_p=19&pl_m=40,SRU Management Limited,srumanagement.co.uk
https://financialadvisers.co.uk/financial-planning/oakham/?pl_p=19&pl_m=40,Moodybrook Financial Services Ltd,
https://financialadvisers.co.uk/financial-planning/oakham/?pl_p=19&pl_m=40,Strata Financial Resourcing Ltd,stratafinancial.co.uk
https://financialadvisers.co.uk/financial-planning/oakham/?pl_p=19&pl_m=40,David Mason Financial Planning LLP,davidmasonfp.com
https://financialadvisers.co.uk/financial-planning/oakham/?pl_p=19&pl_m=40,Castlegate Capital Limited,castlegatecapital.co.uk
https://financialadvisers.co.uk/financial-planning/oakham/?pl_p=19&pl_m=40,David Burnell Financial Services Ltd,davidburnell.co.uk
https://financialadvisers.co.uk/financial-planning/oakham/?pl_p=19&pl_m=40,James Trueman,partnership.sjp.co.uk/partner/truemanwm
https://financialadvisers.co.uk/financial-planning/oakham/?pl_p=20&pl_m=40,RMI Finance Ltd,rmifinance.co.uk
https://financialadvisers.co.uk/financial-planning/oakham/?pl_p=20&pl_m=40,Temple 90 Limited,temple90.co.uk
https://financialadvisers.co.uk/financial-planning/oakham/?pl_p=20&pl_m=40,OCS Financial Planning Ltd,ocsfinancialplanning.co.uk
https://financialadvisers.co.uk/financial-planning/oakham/?pl_p=20&pl_m=40,Roger Graham Sheppard,sheppardfs.co.uk
https://financialadvisers.co.uk/financial-planning/oakham/?pl_p=20&pl_m=40,Fernedene Financial Planning Ltd,fernedene.com
https://financialadvisers.co.uk/financial-planning/oakham/?pl_p=20&pl_m=40,Rees Wealth Management Ltd,reeswealthmanagement.co.uk
https://financialadvisers.co.uk/financial-planning/oakham/?pl_p=20&pl_m=40,Dyer & Co Wealth Management Ltd,dyerandcowm.co.uk
https://financialadvisers.co.uk/financial-planning/oakham/?pl_p=20&pl_m=40,Henson Aslam Financial Management LLP,hensonaslam.co.uk
https://financialadvisers.co.uk/financial-planning/oakham/?pl_p=20&pl_m=40,Lord Clarke Limited,lordclarke.co.uk
https://financialadvisers.co.uk/financial-planning/oakham/?pl_p=20&pl_m=40,Gransha Financial Services Limited,granshafinancialservices.co.uk
https://financialadvisers.co.uk/financial-planning/oakham/?pl_p=20&pl_m=40,Cockburn Lucas Independent Financial Consulting Limited,cockburnlucas.co.uk
https://financialadvisers.co.uk/financial-planning/oakham/?pl_p=20&pl_m=40,Balance: Wealth Planning Limited,balancewealth.uk
https://financialadvisers.co.uk/financial-planning/oakham/?pl_p=20&pl_m=40,Fraser Backhouse LLP,fraserbackhouse.co.uk
https://financialadvisers.co.uk/financial-planning/oakham/?pl_p=20&pl_m=40,Campbell Cain Wealth Management Ltd,campbellcainwm.co.uk
https://financialadvisers.co.uk/financial-planning/oakham/?pl_p=20&pl_m=40,Vinod Gopaldas Dattani,
https://financialadvisers.co.uk/financial-planning/oakham/?pl_p=21&pl_m=40,Carlton Financial Solutions,ifsols.co.uk
https://financialadvisers.co.uk/financial-planning/oakham/?pl_p=21&pl_m=40,Able Mortgages Limited,ablemortgages.co.uk
https://financialadvisers.co.uk/financial-planning/oakham/?pl_p=21&pl_m=40,Christopher Charles Financial Services Limited,christophercharles.com
https://financialadvisers.co.uk/financial-planning/oakham/?pl_p=21&pl_m=40,Greshams Independent Financial Advisors Limited,greshams.co.uk
https://financialadvisers.co.uk/financial-planning/oakham/?pl_p=21&pl_m=40,Kin Lifetime Planning Limited,lpfinancial.co.uk
https://financialadvisers.co.uk/financial-planning/oakham/?pl_p=21&pl_m=40,Bulley Davey Wealth Management Limited,bulleydaveywm.co.uk
https://financialadvisers.co.uk/financial-planning/oakham/?pl_p=21&pl_m=40,NJ Holmes Wealth Management,njholmeswealth.co.uk
https://financialadvisers.co.uk/financial-planning/oakham/?pl_p=21&pl_m=40,Home Matters Services Ltd,homematters.uk.com
https://financialadvisers.co.uk/financial-planning/oakham/?pl_p=21&pl_m=40,Goal Financial Planning Limited,goalfinancialplanning.co.uk
https://financialadvisers.co.uk/financial-planning/oakham/?pl_p=21&pl_m=40,The Tavistock Partnership Limited,tavistockinvestments.com
https://financialadvisers.co.uk/financial-planning/oakham/?pl_p=21&pl_m=40,Tavistock Partners Limited,tavistockpartners.com
https://financialadvisers.co.uk/financial-planning/oakham/?pl_p=21&pl_m=40,Attain Financial Solutions Ltd,attainfs.co.uk
https://financialadvisers.co.uk/financial-planning/oakham/?pl_p=21&pl_m=40,Paul Silcock,paulsilcockwealthmanagement.co.uk
https://financialadvisers.co.uk/financial-planning/oakham/?pl_p=21&pl_m=40,Lee C Dowdall Wealth Management Ltd,leedowdall.com
https://financialadvisers.co.uk/financial-planning/oakham/?pl_p=21&pl_m=40,Sparham Wealth Management,phillipsparham.co.uk
https://financialadvisers.co.uk/financial-planning/oakham/?pl_p=22&pl_m=40,Reanu Vasdev,krfinancialplanning.co.uk
https://financialadvisers.co.uk/financial-planning/oakham/?pl_p=22&pl_m=40,Ward Wealth Management Ltd,wardwealthmanagement.co.uk
https://financialadvisers.co.uk/financial-planning/oakham/?pl_p=22&pl_m=40,Tom Mangan,manganfp.co.uk
https://financialadvisers.co.uk/financial-planning/oakham/?pl_p=22&pl_m=40,Cedar Financial Planning Ltd,cedarfp.co.uk
https://financialadvisers.co.uk/financial-planning/oakham/?pl_p=22&pl_m=40,Newbridge Limited,dmcfp.co.uk
https://financialadvisers.co.uk/financial-planning/oakham/?pl_p=22&pl_m=40,Simon Farebrother,farebrotherassociates.co.uk
https://financialadvisers.co.uk/financial-planning/oakham/?pl_p=22&pl_m=40,Adrian Wright,buttercrossfp.co.uk
https://financialadvisers.co.uk/financial-planning/oakham/?pl_p=22&pl_m=40,Liz Robinson Wealth Management Limited,sjpp.co.uk/lizrobinson
https://financialadvisers.co.uk/financial-planning/oakham/?pl_p=22&pl_m=40,Daniel Parkes,parkesassociates.co.uk
https://financialadvisers.co.uk/financial-planning/oakham/?pl_p=22&pl_m=40,Raj Mulji,srmfs.co.uk/partner
https://financialadvisers.co.uk/financial-planning/oakham/?pl_p=22&pl_m=40,Warner Holt Financial Services Limited,
https://financialadvisers.co.uk/financial-planning/oakham/?pl_p=22&pl_m=40,Russell Steels,
https://financialadvisers.co.uk/financial-planning/oakham/?pl_p=22&pl_m=40,Individual Savings Accounts Ltd,isa-ltd.co.uk
https://financialadvisers.co.uk/financial-planning/oakham/?pl_p=22&pl_m=40,Expatriate Advisory Services Plc,isa-ltd.co.uk
https://financialadvisers.co.uk/financial-planning/oakham/?pl_p=22&pl_m=40,The PEP Shop Limited,sabio.co.uk
https://financialadvisers.co.uk/financial-planning/oakham/?pl_p=23&pl_m=40,Marcel A. Wilson Wealth Management Ltd,sjpp.co.uk/marcelawilson
https://financialadvisers.co.uk/financial-planning/oakham/?pl_p=23&pl_m=40,Leaf Financial Planning Limited,leafFP.com
https://financialadvisers.co.uk/financial-planning/oakham/?pl_p=23&pl_m=40,Rennocks Financial Planning Ltd,mandgwealth.com/rennocksfinancialplanning
https://financialadvisers.co.uk/financial-planning/oakham/?pl_p=23&pl_m=40,Investment Sense Ltd,investmentsense.co.uk
https://financialadvisers.co.uk/financial-planning/oakham/?pl_p=23&pl_m=40,Bradstock Bourne Limited,bradstockbourne.co.uk
https://financialadvisers.co.uk/financial-planning/oakham/?pl_p=23&pl_m=40,Rafter Associates Financial Management Limited,rafterassociates.co.uk
https://financialadvisers.co.uk/financial-planning/oakham/?pl_p=23&pl_m=40,Ryley Wealth  Management Ltd,ryleywm.co.uk
https://financialadvisers.co.uk/financial-planning/oakham/?pl_p=23&pl_m=40,Kreios Financial Planning Ltd,
https://financialadvisers.co.uk/financial-planning/oakham/?pl_p=23&pl_m=40,Nelsons Solicitors Limited,nelsonslaw.co.uk
https://financialadvisers.co.uk/financial-planning/oakham/?pl_p=23&pl_m=40,George Square Financial Management Ltd,george-square.co.uk
https://financialadvisers.co.uk/financial-planning/oakham/?pl_p=23&pl_m=40,Taylor McGill Financial Services Ltd,taylormcgillfs.co.uk
https://financialadvisers.co.uk/financial-planning/oakham/?pl_p=23&pl_m=40,Hemisphere Financial Limited,hemispherefinancial.co.uk
https://financialadvisers.co.uk/financial-planning/oakham/?pl_p=23&pl_m=40,Carter Legrand Wealth Strategies Limited,carterlegrand.co.uk
https://financialadvisers.co.uk/financial-planning/oakham/?pl_p=23&pl_m=40,B2 Wealth Ltd,b2-wealth.co.uk
https://financialadvisers.co.uk/financial-planning/oakham/?pl_p=23&pl_m=40,Money Minder Financial Services (UK) Limited,money-minder.com
https://financialadvisers.co.uk/financial-planning/oakham/?pl_p=24&pl_m=40,Vanguard Mortgage Solutions Ltd,vanguardmortgagesolutions.co.uk
https://financialadvisers.co.uk/financial-planning/oakham/?pl_p=24&pl_m=40,Edwards Financial Planning LTD,mandgwealth.com/edwardsfinancialplanning
https://financialadvisers.co.uk/financial-planning/oakham/?pl_p=24&pl_m=40,London Bridge Capital Limited,londonbridgecapital.com
https://financialadvisers.co.uk/financial-planning/oakham/?pl_p=24&pl_m=40,Ace Financial Advisers Limited,aceadvisers.co.uk
https://financialadvisers.co.uk/financial-planning/oakham/?pl_p=24&pl_m=40,UHY Financial Planning Limited,uhy-uk.com
https://financialadvisers.co.uk/financial-planning/oakham/?pl_p=24&pl_m=40,Stephen Eve Financial Planning Ltd,stephenevefinancial.com
https://financialadvisers.co.uk/financial-planning/oakham/?pl_p=24&pl_m=40,Principal Financial Services (Nottingham) Limited,principal-fs.co.uk
https://financialadvisers.co.uk/financial-planning/oakham/?pl_p=24&pl_m=40,Minshall Financial Services Ltd,minshallfinancialservices.co.uk
https://financialadvisers.co.uk/financial-planning/oakham/?pl_p=24&pl_m=40,Ten Wealth Management Limited,tenwealth.co.uk
https://financialadvisers.co.uk/financial-planning/oakham/?pl_p=24&pl_m=40,Gary Buckley,buckleyroseconsulting.co.uk
https://financialadvisers.co.uk/financial-planning/oakham/?pl_p=24&pl_m=40,WREN STERLING FINANCIAL PLANNING LIMITED,wrensterling.com
https://financialadvisers.co.uk/financial-planning/oakham/?pl_p=24&pl_m=40,UKIFA Limited,uk-ifa.com
https://financialadvisers.co.uk/financial-planning/oakham/?pl_p=24&pl_m=40,Premier Financial Ltd,premierfinancialltd.co.uk
https://financialadvisers.co.uk/financial-planning/oakham/?pl_p=24&pl_m=40,Sterling Financial Services Limited,sterlingfs.co.uk
https://financialadvisers.co.uk/financial-planning/oakham/?pl_p=24&pl_m=40,Castle Rock Financial Planning Ltd,castlerockfp.co.uk
https://financialadvisers.co.uk/financial-planning/oakham/?pl_p=25&pl_m=40,Fiscal Engineers Limited,fiscalengineers.com
https://financialadvisers.co.uk/financial-planning/oakham/?pl_p=25&pl_m=40,David Ducker Associates Ltd,davidducker.co.uk
https://financialadvisers.co.uk/financial-planning/oakham/?pl_p=25&pl_m=40,Map Financial Solutions Ltd,mapifa.co.uk
https://financialadvisers.co.uk/financial-planning/oakham/?pl_p=25&pl_m=40,Ashleyjai Wealth Management Ltd,partnership.sjp.co.uk/partner/ashleyjai
https://financialadvisers.co.uk/financial-planning/oakham/?pl_p=25&pl_m=40,Liam Cotterill,partnership.sjp.co.uk/partner/liamcotterill
https://financialadvisers.co.uk/financial-planning/oakham/?pl_p=25&pl_m=40,Harold Wilson Financial Services Limited,wilorg.com
https://financialadvisers.co.uk/financial-planning/oakham/?pl_p=25&pl_m=40,Charnwood Financial Planning LLP,charnwoodfinancialplanning.co.uk
https://financialadvisers.co.uk/financial-planning/oakham/?pl_p=25&pl_m=40,Goldstraw Associates Limited,21stc.co.uk
https://financialadvisers.co.uk/financial-planning/oakham/?pl_p=25&pl_m=40,Malcolm Aplin,
https://financialadvisers.co.uk/financial-planning/oakham/?pl_p=25&pl_m=40,NB Financial Solutions Ltd,bevansfinance.co.uk
https://financialadvisers.co.uk/financial-planning/oakham/?pl_p=25&pl_m=40,Samra Wealth Management Ltd,samrawm.co.uk
https://financialadvisers.co.uk/financial-planning/oakham/?pl_p=25&pl_m=40,P J Collier Financial Services Limited,pjcollier.co.uk
https://financialadvisers.co.uk/financial-planning/oakham/?pl_p=25&pl_m=40,80 Twenty Consultancy Limited,80twentygroup.co.uk
https://financialadvisers.co.uk/financial-planning/oakham/?pl_p=25&pl_m=40,Merlin Wealth Management Ltd,merlinwealthmanagement.co.uk
https://financialadvisers.co.uk/financial-planning/oakham/?pl_p=25&pl_m=40,Lockington Financial Ltd,lockingtonfinancial.co.uk
https://financialadvisers.co.uk/financial-planning/oakham/?pl_p=26&pl_m=40,Mr Salvatore Antonino Panzera,ifsb.co.uk
https://financialadvisers.co.uk/financial-planning/oakham/?pl_p=26&pl_m=40,Paul Mayo Financial Services,lineone.net
https://financialadvisers.co.uk/financial-planning/oakham/?pl_p=26&pl_m=40,Principle Financial Services Ltd,
https://financialadvisers.co.uk/financial-planning/oakham/?pl_p=26&pl_m=40,Paul Jones,integral-ifa.co.uk
https://financialadvisers.co.uk/financial-planning/oakham/?pl_p=26&pl_m=40,HQN Financial Management Limited,hqnfm.co.uk
https://financialadvisers.co.uk/financial-planning/oakham/?pl_p=26&pl_m=40,Page Kirk Financial Services LLP,pkfs.co.uk
https://financialadvisers.co.uk/financial-planning/oakham/?pl_p=26&pl_m=40,Orchid Financial Services Ltd,orchidfinancialservices.com
https://financialadvisers.co.uk/financial-planning/oakham/?pl_p=26&pl_m=40,Chamberlyns(Leicestershire)Ltd,chamberlyns.co.uk
https://financialadvisers.co.uk/financial-planning/oakham/?pl_p=26&pl_m=40,Cooper Parry Wealth Limited,cooperparrywealth.com
https://financialadvisers.co.uk/financial-planning/oakham/?pl_p=26&pl_m=40,DHW Financial Services Ltd,dhwfs.co.uk
https://financialadvisers.co.uk/financial-planning/oakham/?pl_p=26&pl_m=40,Joanna Toon Wealth Management Ltd,joannatoon.co.uk
https://financialadvisers.co.uk/financial-planning/oakham/?pl_p=26&pl_m=40,Hudson Wealth Management Ltd,hudsonwealthmanagement.co.uk
https://financialadvisers.co.uk/financial-planning/oakham/?pl_p=26&pl_m=40,Tiger Financial & Asset Management Ltd,tfam.co.uk
https://financialadvisers.co.uk/financial-planning/oakham/?pl_p=26&pl_m=40,GILBERT WEALTH LIMITED,gilbertwealth.co.uk
https://financialadvisers.co.uk/financial-planning/oakham/?pl_p=26&pl_m=40,Collins & Co Financial Planning Ltd,collinsfp.co.uk
https://financialadvisers.co.uk/financial-planning/oakham/?pl_p=27&pl_m=40,Manor Bridge,
https://financialadvisers.co.uk/financial-planning/oakham/?pl_p=27&pl_m=40,Sharper Financial Planning Ltd,sharperfp.co.uk
https://financialadvisers.co.uk/financial-planning/oakham/?pl_p=27&pl_m=40,Nouveau Corporate Solutions Ltd,
https://financialadvisers.co.uk/financial-planning/oakham/?pl_p=27&pl_m=40,Accuma Financial Planning Ltd,accumafp.com
https://financialadvisers.co.uk/financial-planning/oakham/?pl_p=27&pl_m=40,Prospectus Financial Management Limited,
https://financialadvisers.co.uk/financial-planning/oakham/?pl_p=27&pl_m=40,Thomson Gray Wealth Management Limited,thomsongray.co.uk
https://financialadvisers.co.uk/financial-planning/oakham/?pl_p=27&pl_m=40,Robert Butler Financial Associates Limited,sjpp.co.uk/robertbutler
https://financialadvisers.co.uk/financial-planning/oakham/?pl_p=27&pl_m=40,GP Anderton (Life & Pensions) Limited,associatedfa.co.uk
https://financialadvisers.co.uk/financial-planning/oakham/?pl_p=27&pl_m=40,Keys Mortgages Ltd,keys-mortgages.com
https://financialadvisers.co.uk/financial-planning/oakham/?pl_p=27&pl_m=40,Simon Musgrave,simonpmusgrave.co.uk
https://financialadvisers.co.uk/financial-planning/oakham/?pl_p=27&pl_m=40,Everlong Wealth Limited,everlongwealth.co.uk
https://financialadvisers.co.uk/financial-planning/oakham/?pl_p=27&pl_m=40,Green Oak Financial Partners Limited,partnership.sjp.co.uk/raffaelecannas
https://financialadvisers.co.uk/financial-planning/oakham/?pl_p=27&pl_m=40,RWB Wealth Management Limited,rwbwealth.com
https://financialadvisers.co.uk/financial-planning/oakham/?pl_p=27&pl_m=40,All Saints Financial LLP,allsaintsagency.co.uk
https://financialadvisers.co.uk/financial-planning/oakham/?pl_p=27&pl_m=40,Devine Wealth Limited,devinemortgages.co.uk
https://financialadvisers.co.uk/financial-planning/oakham/?pl_p=28&pl_m=40,Nash Wealth Management Ltd,
https://financialadvisers.co.uk/financial-planning/oakham/?pl_p=28&pl_m=40,Veracity Financial Planning Ltd,veracityfp.co.uk
https://financialadvisers.co.uk/financial-planning/oakham/?pl_p=28&pl_m=40,Veritas in Partnership Financial Services Ltd,vipfinancial.co.uk
https://financialadvisers.co.uk/financial-planning/oakham/?pl_p=28&pl_m=40,Keali O'Neil,
https://financialadvisers.co.uk/financial-planning/oakham/?pl_p=28&pl_m=40,Hallam Wealth Limited,hallamwealth.co.uk
https://financialadvisers.co.uk/financial-planning/oakham/?pl_p=28&pl_m=40,Blowfish Financial Services Limited,blowfish-fs.co.uk
https://financialadvisers.co.uk/financial-planning/oakham/?pl_p=28&pl_m=40,C. Alexander Financial Planning Ltd,calexander.co.uk
https://financialadvisers.co.uk/financial-planning/oakham/?pl_p=28&pl_m=40,Virtue Wealth Solutions Limited,virtuewealthsolutions.co.uk
https://financialadvisers.co.uk/financial-planning/oakham/?pl_p=28&pl_m=40,Stuart Burbidge,sburbidgewealthmanagement.co.uk
https://financialadvisers.co.uk/financial-planning/oakham/?pl_p=28&pl_m=40,Epsilon Mortgages Limited,epsilononline.net
https://financialadvisers.co.uk/financial-planning/oakham/?pl_p=28&pl_m=40,Ink Financial Management Limited,inkfinancial.co.uk
https://financialadvisers.co.uk/financial-planning/oakham/?pl_p=28&pl_m=40,Prema Financial Services Limited,
https://financialadvisers.co.uk/financial-planning/oakham/?pl_p=28&pl_m=40,Andy Roe Financial Services,
https://financialadvisers.co.uk/financial-planning/oakham/?pl_p=28&pl_m=40,D B Wood Limited,dbwood.co.uk
https://financialadvisers.co.uk/financial-planning/oakham/?pl_p=28&pl_m=40,Alastair May,alastairmay.com
https://financialadvisers.co.uk/financial-planning/oakham/?pl_p=29&pl_m=40,Interzone Wealth Management Ltd,leemartin.2plan.com
https://financialadvisers.co.uk/financial-planning/oakham/?pl_p=29&pl_m=40,3R Financial Services Ltd,3rfinancialservices.com
https://financialadvisers.co.uk/financial-planning/oakham/?pl_p=29&pl_m=40,Paul Richmond,partnership.sjp.co.uk/partner/paulrichmondwm
https://financialadvisers.co.uk/financial-planning/oakham/?pl_p=29&pl_m=40,Investment For Life Limited,investmentforlife.co.uk
https://financialadvisers.co.uk/financial-planning/oakham/?pl_p=29&pl_m=40,Barker Maule Limited,barkermaule.co.uk
https://financialadvisers.co.uk/financial-planning/oakham/?pl_p=29&pl_m=40,P N Dales Ltd,pndales.co.uk
https://financialadvisers.co.uk/financial-planning/oakham/?pl_p=29&pl_m=40,Richstone Park Financial Planning Ltd,richstonepark.co.uk
https://financialadvisers.co.uk/financial-planning/oakham/?pl_p=29&pl_m=40,MDM Wealth Ltd,mdmwealth.co.uk
https://financialadvisers.co.uk/financial-planning/oakham/?pl_p=29&pl_m=40,Harron Financial Limited,harronfinancial.co.uk
https://financialadvisers.co.uk/financial-planning/oakham/?pl_p=29&pl_m=40,JD Wealth Management Ltd,jdwealthmanagement.co.uk
https://financialadvisers.co.uk/financial-planning/oakham/?pl_p=29&pl_m=40,Barry Johnson Financial Services Limited,johnsonfs.co.uk
https://financialadvisers.co.uk/financial-planning/oakham/?pl_p=29&pl_m=40,Magma Wealth Management Limited,magma.co.uk
https://financialadvisers.co.uk/financial-planning/oakham/?pl_p=29&pl_m=40,Mead Financial Planning Ltd,meadfinancial.co.uk
https://financialadvisers.co.uk/financial-planning/oakham/?pl_p=29&pl_m=40,Integra Wealth Management Limited,integra-accounting.co.uk
https://financialadvisers.co.uk/financial-planning/oakham/?pl_p=29&pl_m=40,Armstrongs Wealth Planning Ltd,armstrongswealth.co.uk
https://financialadvisers.co.uk/financial-planning/oakham/?pl_p=30&pl_m=40,Millbank Financial Solutions Limited,millbankfs.co.uk
https://financialadvisers.co.uk/financial-planning/oakham/?pl_p=30&pl_m=40,Buck Wealth Management Limited,buckwealthmanagement.co.uk
https://financialadvisers.co.uk/financial-planning/oakham/?pl_p=30&pl_m=40,Fiducia Comprehensive Financial Planning Limited,fiduciagroup.co.uk
https://financialadvisers.co.uk/financial-planning/oakham/?pl_p=30&pl_m=40,P S Home Finance Ltd,
https://financialadvisers.co.uk/financial-planning/oakham/?pl_p=30&pl_m=40,William St Clare Limited,williamstclare.co.uk
https://financialadvisers.co.uk/financial-planning/oakham/?pl_p=30&pl_m=40,Bowden Financial Consultancy Ltd,
https://financialadvisers.co.uk/financial-planning/oakham/?pl_p=30&pl_m=40,Leigh Bolland,bollandwealth.co.uk
https://financialadvisers.co.uk/financial-planning/oakham/?pl_p=30&pl_m=40,Lorraine Coaton,lorrainecoaton.co.uk
https://financialadvisers.co.uk/financial-planning/oakham/?pl_p=30&pl_m=40,TJM Financial Solutions Ltd,mooremortgagesolutions.co.uk
https://financialadvisers.co.uk/financial-planning/oakham/?pl_p=30&pl_m=40,McQueen Wealth Management Ltd,mcqueenwealth.co.uk
https://financialadvisers.co.uk/financial-planning/oakham/?pl_p=30&pl_m=40,Peter Shirley (Financial Services) Limited,psfswealth.co.uk
https://financialadvisers.co.uk/financial-planning/oakham/?pl_p=30&pl_m=40,London Court Limited,londoncourt.com
https://financialadvisers.co.uk/financial-planning/oakham/?pl_p=30&pl_m=40,BlueJay Financial Planning Ltd,bluejayfinancialplanning.co.uk
https://financialadvisers.co.uk/financial-planning/oakham/?pl_p=30&pl_m=40,Ashwood Law Wealth Management Ltd,ashwoodlawwealth.co.uk
https://financialadvisers.co.uk/financial-planning/oakham/?pl_p=30&pl_m=40,Ashwood Law Professional Link (JVC1) Limited,ashwoodlaw.co.uk
https://financialadvisers.co.uk/financial-planning/oakham/?pl_p=31&pl_m=40,Tim Sturla,
https://financialadvisers.co.uk/financial-planning/oakham/?pl_p=31&pl_m=40,HFB Financial Planning Ltd,hfbfinancial.co.uk
https://financialadvisers.co.uk/financial-planning/oakham/?pl_p=31&pl_m=40,PJL Financial Services Ltd,pjlfinancialservices.co.uk
https://financialadvisers.co.uk/financial-planning/oakham/?pl_p=31&pl_m=40,Jervis Financial Services Limited,
https://financialadvisers.co.uk/financial-planning/oakham/?pl_p=31&pl_m=40,Beacon Wealth Management Limited,beaconwealthmanagement.co.uk
https://financialadvisers.co.uk/financial-planning/oakham/?pl_p=31&pl_m=40,James Leighton Financial Services Ltd,jlfs.co.uk
https://financialadvisers.co.uk/financial-planning/oakham/?pl_p=31&pl_m=40,Lawson Independent Financial Services Ltd,
https://financialadvisers.co.uk/financial-planning/oakham/?pl_p=31&pl_m=40,Keith Brace Wealth Management Ltd,bracewealth.co.uk
https://financialadvisers.co.uk/financial-planning/oakham/?pl_p=31&pl_m=40,Kimbolton Financial Planning Limited,kimboltonfp.co.uk
https://financialadvisers.co.uk/financial-planning/oakham/?pl_p=31&pl_m=40,Freer Financial Planning Ltd,freerfinancial.co.uk
https://financialadvisers.co.uk/financial-planning/oakham/?pl_p=31&pl_m=40,JJW Financial Planning Limited,financialplanning.org.uk
https://financialadvisers.co.uk/financial-planning/oakham/?pl_p=31&pl_m=40,Sue Farr,farrfinancialplanning.co.uk
https://financialadvisers.co.uk/financial-planning/oakham/?pl_p=31&pl_m=40,Learmonth Wealth Management Ltd,learmonthwealthmanagement.com
https://financialadvisers.co.uk/financial-planning/oakham/?pl_p=31&pl_m=40,The Gray Partnership Limited,tgp-ifa.co.uk
https://financialadvisers.co.uk/financial-planning/oakham/?pl_p=31&pl_m=40,Perry Appleton Financial Management Limited,perryappletons.com
https://financialadvisers.co.uk/financial-planning/oakham/?pl_p=32&pl_m=40,Modo Financial Planning,modofinancial.co.uk
https://financialadvisers.co.uk/financial-planning/oakham/?pl_p=32&pl_m=40,Withybrook Financial Consultants Ltd,ifaonline.info
https://financialadvisers.co.uk/financial-planning/oakham/?pl_p=32&pl_m=40,Robert Cavinato,rsfinancialsolutions.co.uk
https://financialadvisers.co.uk/financial-planning/oakham/?pl_p=32&pl_m=40,Concept Financial Solutions Limited,conceptfinancialsolutions.co.uk
https://financialadvisers.co.uk/financial-planning/oakham/?pl_p=32&pl_m=40,Miller Financial Planning Ltd,millerfp.co.uk
https://financialadvisers.co.uk/financial-planning/oakham/?pl_p=32&pl_m=40,Stephen Bridgen,partnership.sjp.co.uk/partner/stevebridgen
https://financialadvisers.co.uk/financial-planning/oakham/?pl_p=32&pl_m=40,Cedars Wealth Management Ltd,cedarswm.co.uk
https://financialadvisers.co.uk/financial-planning/oakham/?pl_p=32&pl_m=40,Peter Jones and Associates,peterjonesfinancialadvisers.co.uk
https://financialadvisers.co.uk/financial-planning/oakham/?pl_p=32&pl_m=40,Michael Forward Financial Services Ltd,michaelforward.co.uk
https://financialadvisers.co.uk/financial-planning/oakham/?pl_p=32&pl_m=40,Adrian Wagstaff,adrianwagstafffinancialplanning.co.uk
https://financialadvisers.co.uk/financial-planning/oakham/?pl_p=32&pl_m=40,F G Watts Financial Advisers Ltd,fgwattsifa.co.uk
https://financialadvisers.co.uk/financial-planning/oakham/?pl_p=32&pl_m=40,Richard Michael Chamberlain,openwork.uk.com
https://financialadvisers.co.uk/financial-planning/oakham/?pl_p=32&pl_m=40,Niam Wealth Management Limited,niamwealth.co.uk
https://financialadvisers.co.uk/financial-planning/oakham/?pl_p=32&pl_m=40,King & Co Financial Services Limited,kingfinancial.co.uk
https://financialadvisers.co.uk/financial-planning/oakham/?pl_p=32&pl_m=40,Nedtown Ltd,
https://financialadvisers.co.uk/financial-planning/oakham/?pl_p=33&pl_m=40,Steve Cant & Associates Limited,stevecant.co.uk
https://financialadvisers.co.uk/financial-planning/oakham/?pl_p=33&pl_m=40,Red IFA (Nottingham) Limited,redifa.co.uk
https://financialadvisers.co.uk/financial-planning/oakham/?pl_p=33&pl_m=40,Montel Investments Limited,montelinvestments.co.uk
https://financialadvisers.co.uk/financial-planning/oakham/?pl_p=33&pl_m=40,MerrixGrogan LLP,merrixgrogan.com
https://financialadvisers.co.uk/financial-planning/oakham/?pl_p=33&pl_m=40,Cashmore & Co,cashmore-co.com
https://financialadvisers.co.uk/financial-planning/oakham/?pl_p=33&pl_m=40,Hibbins Financial Services,hibbinsfinancialservices.co.uk
https://financialadvisers.co.uk/financial-planning/oakham/?pl_p=33&pl_m=40,Barfield Financial Advisors Ltd,barfieldmortgage.co.uk
https://financialadvisers.co.uk/financial-planning/oakham/?pl_p=33&pl_m=40,Barfield Wealth Ltd,barfieldwealthltd.co.uk
https://financialadvisers.co.uk/financial-planning/oakham/?pl_p=33&pl_m=40,Matrix Wealth Limited,matrixwp.co.uk
https://financialadvisers.co.uk/financial-planning/oakham/?pl_p=33&pl_m=40,O'Connor and Co (Financial Services) Limited,oconnorfs.co.uk
https://financialadvisers.co.uk/financial-planning/oakham/?pl_p=33&pl_m=40,Interalpha Financial Planning Limited,interalphafp.co.uk
https://financialadvisers.co.uk/financial-planning/oakham/?pl_p=33&pl_m=40,Brackenbury (IFA) Limited,rjbfinance.co.uk
https://financialadvisers.co.uk/financial-planning/oakham/?pl_p=33&pl_m=40,Allan Investment Management Ltd,aim-ifa.co.uk
https://financialadvisers.co.uk/financial-planning/oakham/?pl_p=33&pl_m=40,Ian King Financial Planning Ltd,iankingfp.co.uk
https://financialadvisers.co.uk/financial-planning/oakham/?pl_p=33&pl_m=40,The Retirement Desk Limited,theretirementdesk.co.uk
https://financialadvisers.co.uk/financial-planning/oakham/?pl_p=34&pl_m=40,David Williams IFA Ltd,dwifa.co.uk
https://financialadvisers.co.uk/financial-planning/oakham/?pl_p=34&pl_m=40,Bleathwood IFA Ltd,bleathwoodifa.co.uk
https://financialadvisers.co.uk/financial-planning/oakham/?pl_p=34&pl_m=40,OCM Wealth Management Ltd,ocmwealthmanagement.co.uk
https://financialadvisers.co.uk/financial-planning/oakham/?pl_p=34&pl_m=40,PKS Associates Financial Services Ltd,pksassociates.co.uk
https://financialadvisers.co.uk/financial-planning/oakham/?pl_p=34&pl_m=40,MHA Caves Wealth Limited,mhacaves.co.uk
https://financialadvisers.co.uk/financial-planning/oakham/?pl_p=34&pl_m=40,Hancock Associates Ltd,hancockassoc.co.uk
https://financialadvisers.co.uk/financial-planning/oakham/?pl_p=34&pl_m=40,O'Dell & Company,odellwealth.com
https://financialadvisers.co.uk/financial-planning/oakham/?pl_p=34&pl_m=40,Belmont Associates Limited,belmontassociates.co.uk
https://financialadvisers.co.uk/financial-planning/oakham/?pl_p=34&pl_m=40,Cogent Financial Solutions Limited,
https://financialadvisers.co.uk/financial-planning/oakham/?pl_p=34&pl_m=40,Giles Wealth Planning Ltd,gileswealthplanning.co.uk
https://financialadvisers.co.uk/financial-planning/oakham/?pl_p=34&pl_m=40,LH Financial Planning Limited,lhfp.co.uk
https://financialadvisers.co.uk/financial-planning/oakham/?pl_p=34&pl_m=40,Gratitude Financial Planning Limited,gratitudefp.co.uk
https://financialadvisers.co.uk/financial-planning/oakham/?pl_p=34&pl_m=40,Mark Bull,derbyshirefinancialplanning.co.uk
https://financialadvisers.co.uk/financial-planning/oakham/?pl_p=34&pl_m=40,Midland Financial Planning Limited,midlandfp.co.uk
https://financialadvisers.co.uk/financial-planning/oakham/?pl_p=34&pl_m=40,Robert Bruce Associates Limited,robertbrucefp.com
https://financialadvisers.co.uk/financial-planning/oakham/?pl_p=35&pl_m=40,Claritas Financial Planning Ltd,clarityifa.co.uk
https://financialadvisers.co.uk/financial-planning/oakham/?pl_p=35&pl_m=40,LTI Wealth Management Ltd,ltiwealth.trustedadviser.info
https://financialadvisers.co.uk/financial-planning/oakham/?pl_p=35&pl_m=40,IIB Financial Services Ltd,iibfs.co.uk
https://financialadvisers.co.uk/financial-planning/oakham/?pl_p=35&pl_m=40,JM Financial Consultancy Limited,jmfinancialconsultancy.com
https://financialadvisers.co.uk/financial-planning/oakham/?pl_p=35&pl_m=40,Wealthwise Financial Management Limited,wfm.co.uk
https://financialadvisers.co.uk/financial-planning/oakham/?pl_p=35&pl_m=40,Millward Wealth Management Limited,millwardwealth.com
https://financialadvisers.co.uk/financial-planning/oakham/?pl_p=35&pl_m=40,VS Associates Ltd,vsassociates.co.uk
https://financialadvisers.co.uk/financial-planning/oakham/?pl_p=35&pl_m=40,Ivanhoe Financial Planning Ltd,ivanhoefp.co.uk
https://financialadvisers.co.uk/financial-planning/oakham/?pl_p=35&pl_m=40,Squirrel Financial Advice Limited,squirrelfin.com
https://financialadvisers.co.uk/financial-planning/oakham/?pl_p=35&pl_m=40,Charles Dean Limited,charlesdeanuk.com
https://financialadvisers.co.uk/financial-planning/oakham/?pl_p=35&pl_m=40,Rex Wealth Management Limited,rexwealth.co.uk
https://financialadvisers.co.uk/financial-planning/oakham/?pl_p=35&pl_m=40,Mountfield Financial Services Ltd,mintzone.com
https://financialadvisers.co.uk/financial-planning/oakham/?pl_p=35&pl_m=40,Medjay Empire LTD,
https://financialadvisers.co.uk/financial-planning/oakham/?pl_p=35&pl_m=40,Prudent IFA's Limited,
https://financialadvisers.co.uk/financial-planning/oakham/?pl_p=35&pl_m=40,Maple&Rose Wealth Management Ltd,2plan.com
https://financialadvisers.co.uk/financial-planning/oakham/?pl_p=36&pl_m=40,Cygnus Financial Planning Ltd,cygnusfp.co.uk
https://financialadvisers.co.uk/financial-planning/oakham/?pl_p=36&pl_m=40,David Major,majorfinancial.fsbusiness.co.uk
https://financialadvisers.co.uk/financial-planning/oakham/?pl_p=36&pl_m=40,B Murray Accountants and Financial Planning Consultants Limited,murrayfinancialplanning.co.uk
https://financialadvisers.co.uk/financial-planning/oakham/?pl_p=36&pl_m=40,Jonathan Ingarfill,joningarfill.co.uk
https://financialadvisers.co.uk/financial-planning/oakham/?pl_p=36&pl_m=40,Sapient Wealth Management Ltd,sapient-wealth.co.uk
https://financialadvisers.co.uk/financial-planning/oakham/?pl_p=36&pl_m=40,Lynas Vokes Investments Ltd,lynasvokes.co.uk
https://financialadvisers.co.uk/financial-planning/oakham/?pl_p=36&pl_m=40,Abbey House Mortgages Ltd,abbeyhousemortgages.co.uk
https://financialadvisers.co.uk/financial-planning/oakham/?pl_p=36&pl_m=40,Credencis (IFA) Limited,credencis.co.uk
https://financialadvisers.co.uk/financial-planning/oakham/?pl_p=36&pl_m=40,West Wealth Management Limited,westwealthmanagement.co.uk
https://financialadvisers.co.uk/financial-planning/oakham/?pl_p=36&pl_m=40,Priscum Limited,priscum.com
https://financialadvisers.co.uk/financial-planning/oakham/?pl_p=36&pl_m=40,Andrew Brook,consortfp.co.uk
https://financialadvisers.co.uk/financial-planning/oakham/?pl_p=36&pl_m=40,Curo Holdings LLP,curowealth.com
https://financialadvisers.co.uk/financial-planning/oakham/?pl_p=36&pl_m=40,Derek Giddings Financial Services,
https://financialadvisers.co.uk/financial-planning/oakham/?pl_p=36&pl_m=40,Paul Young Independent Financial Advisors LLP,paulyoungifa.co.uk
https://financialadvisers.co.uk/financial-planning/oakham/?pl_p=36&pl_m=40,Clark & John Financial Services Ltd,candjfsi.co.uk
https://financialadvisers.co.uk/financial-planning/oakham/?pl_p=37&pl_m=40,Alexander Green & Partners Ltd,alexandergreenfs.co.uk
https://financialadvisers.co.uk/financial-planning/oakham/?pl_p=37&pl_m=40,David Jeffreys Financial Services Ltd,btinternet.com
https://financialadvisers.co.uk/financial-planning/oakham/?pl_p=37&pl_m=40,New England Financial Solutions Ltd,newenglandfinance.co.uk
https://financialadvisers.co.uk/financial-planning/oakham/?pl_p=37&pl_m=40,MMG Financial Management Limited,mmgfm.co.uk
https://financialadvisers.co.uk/financial-planning/oakham/?pl_p=37&pl_m=40,Insight Wealth Financial Advisers Ltd,insightwealth.co.uk
https://financialadvisers.co.uk/financial-planning/oakham/?pl_p=37&pl_m=40,Peter Michael Francis,
https://financialadvisers.co.uk/financial-planning/oakham/?pl_p=37&pl_m=40,Peter Jackson,
https://financialadvisers.co.uk/financial-planning/oakham/?pl_p=37&pl_m=40,EMET Financial Services Ltd,emetfs.com
https://financialadvisers.co.uk/financial-planning/oakham/?pl_p=37&pl_m=40,BlakeBrooke Financial Advice Limited,blakebrooke.co.uk
https://financialadvisers.co.uk/financial-planning/oakham/?pl_p=37&pl_m=40,A K M Financial Wealth Ltd,2plan.com
https://financialadvisers.co.uk/financial-planning/oakham/?pl_p=37&pl_m=40,Invictus IFA Limited,invictusifa.co.uk
https://financialadvisers.co.uk/financial-planning/oakham/?pl_p=37&pl_m=40,Adcock Financial Limited,adcockfinancial.co.uk
https://financialadvisers.co.uk/financial-planning/oakham/?pl_p=37&pl_m=40,Peter Allen,peterallensjp.co.uk
https://financialadvisers.co.uk/financial-planning/oakham/?pl_p=37&pl_m=40,R & D Financial Management LLP,richardjdavies.co.uk
https://financialadvisers.co.uk/financial-planning/oakham/?pl_p=37&pl_m=40,Simon Gibbons,preferentialwealth.com
https://financialadvisers.co.uk/financial-planning/oakham/?pl_p=38&pl_m=40,Steven Walker,partnership.sjp.co.uk/partner/stevenwalker
https://financialadvisers.co.uk/financial-planning/oakham/?pl_p=38&pl_m=40,JBE Consultancy Ltd,jbeconsultancy.com
https://financialadvisers.co.uk/financial-planning/oakham/?pl_p=38&pl_m=40,Susan Pickering,suepickeringwealth.co.uk
https://financialadvisers.co.uk/financial-planning/oakham/?pl_p=38&pl_m=40,Right Financial Management Ltd,rightwealthmanagement.com
https://financialadvisers.co.uk/financial-planning/oakham/?pl_p=38&pl_m=40,Maple Financial Solutions Ltd,maple.uk.com
https://financialadvisers.co.uk/financial-planning/oakham/?pl_p=38&pl_m=40,Create FM Ltd,createfm.co.uk
https://financialadvisers.co.uk/financial-planning/oakham/?pl_p=38&pl_m=40,Give Mortgages Ltd,givemortgages.co.uk
https://financialadvisers.co.uk/financial-planning/oakham/?pl_p=38&pl_m=40,Mrs Katie Yarwood,partnership.sjp.co.uk/partner/katieyarwood
https://financialadvisers.co.uk/financial-planning/oakham/?pl_p=38&pl_m=40,Blue Spire Independent Financial Advice Limited,blue-spire.com
https://financialadvisers.co.uk/financial-planning/oakham/?pl_p=38&pl_m=40,Bluebell Financial Services Ltd,visionifp.co.uk
https://financialadvisers.co.uk/financial-planning/oakham/?pl_p=38&pl_m=40,Andrew Dasilva,andrewdasilva.co.uk
https://financialadvisers.co.uk/financial-planning/oakham/?pl_p=38&pl_m=40,AJB Wealth Management Limited,partnership.sjp.co.uk/partner/ajbwealth
https://financialadvisers.co.uk/financial-planning/oakham/?pl_p=38&pl_m=40,Friar Gate Independent Financial Services Ltd,friargate.net
https://financialadvisers.co.uk/financial-planning/oakham/?pl_p=38&pl_m=40,Xchange Mortgages Limited,xchange-mortgages.co.uk
https://financialadvisers.co.uk/financial-planning/oakham/?pl_p=38&pl_m=40,Jake Burkey,grantcharlesfp.co.uk
https://financialadvisers.co.uk/financial-planning/oakham/?pl_p=39&pl_m=40,Wayne Steven Financial Solutions Ltd,
https://financialadvisers.co.uk/financial-planning/oakham/?pl_p=39&pl_m=40,MWC Group UK,mwcgroup.ch
https://financialadvisers.co.uk/financial-planning/oakham/?pl_p=39&pl_m=40,Park Lidgett Wealth Management Limited,parklidgett.com
https://financialadvisers.co.uk/financial-planning/oakham/?pl_p=39&pl_m=40,Granta Financial Services Ltd,
https://financialadvisers.co.uk/financial-planning/oakham/?pl_p=39&pl_m=40,DP Financial Planning Ltd,dpfinancialplanning.co.uk
https://financialadvisers.co.uk/financial-planning/oakham/?pl_p=39&pl_m=40,Jane Smith Financial Planning Limited,janesmithfinancial.com
https://financialadvisers.co.uk/financial-planning/oakham/?pl_p=39&pl_m=40,Twigden Asset Management Limited,twigdenasset.co.uk
https://financialadvisers.co.uk/financial-planning/oakham/?pl_p=39&pl_m=40,Sincere Financial Planning Ltd,mandgwealth.com/sincerefinancialplanning
https://financialadvisers.co.uk/financial-planning/oakham/?pl_p=39&pl_m=40,TNS Financial Services Limited,tnsfinancial.co.uk
https://financialadvisers.co.uk/financial-planning/oakham/?pl_p=39&pl_m=40,First Capital Independent Financial Advisers Limited,firstcapitalifa.co.uk
https://financialadvisers.co.uk/financial-planning/oakham/?pl_p=39&pl_m=40,Capital Direct Management (UK) Ltd,capitaladvisory.co.uk
https://financialadvisers.co.uk/financial-planning/oakham/?pl_p=39&pl_m=40,Boston Direct Management (UK) Ltd,
https://financialadvisers.co.uk/financial-planning/oakham/?pl_p=39&pl_m=40,Ravenshead Independent Financial Services Limited,ravensheadifs.co.uk
https://financialadvisers.co.uk/financial-planning/oakham/?pl_p=39&pl_m=40,B W Financial Services Limited,
https://financialadvisers.co.uk/financial-planning/oakham/?pl_p=39&pl_m=40,Future Perfect Financial Solutions Limited,openwork.uk.com
https://financialadvisers.co.uk/financial-planning/oakham/?pl_p=40&pl_m=40,Ashleigh Court Private Client Wealth Management Ltd,ashleighcourt.com
https://financialadvisers.co.uk/financial-planning/oakham/?pl_p=40&pl_m=40,Great British Finance Limited,greatbritishfinance.com
https://financialadvisers.co.uk/financial-planning/oakham/?pl_p=40&pl_m=40,Plan With Neil Ltd,
https://financialadvisers.co.uk/financial-planning/oakham/?pl_p=40&pl_m=40,David Lawrance,mandgwealth.com/davidlawrancefinancialplanning
https://financialadvisers.co.uk/financial-planning/oakham/?pl_p=40&pl_m=40,Townsend Wealth Management Ltd,townsendwealthmanagement.co.uk
https://financialadvisers.co.uk/financial-planning/oakham/?pl_p=40&pl_m=40,Midland Financial Solutions Ltd,midlandfinancialsolutions.co.uk
https://financialadvisers.co.uk/financial-planning/oakham/?pl_p=40&pl_m=40,Moneynotion Limited,moneynotion.co.uk
https://financialadvisers.co.uk/financial-planning/oakham/?pl_p=40&pl_m=40,Harry Moore,harrymoore.co.uk
https://financialadvisers.co.uk/financial-planning/oakham/?pl_p=40&pl_m=40,Right Advice Limited,rightadvice.co.uk
https://financialadvisers.co.uk/financial-planning/oakham/?pl_p=40&pl_m=40,The Finance Clinic Ltd,finance-clinic.co.uk
https://financialadvisers.co.uk/financial-planning/oakham/?pl_p=40&pl_m=40,David Moss,mossandcompany.co.uk
https://financialadvisers.co.uk/financial-planning/oakham/?pl_p=40&pl_m=40,Mark Gibbons,uwclub.net
https://financialadvisers.co.uk/financial-planning/oakham/?pl_p=40&pl_m=40,CFS Wealth Planning Limited,cfswp.co.uk
https://financialadvisers.co.uk/financial-planning/oakham/?pl_p=40&pl_m=40,Broadview Financial Services Ltd,broadviewfinancialservices.co.uk
https://financialadvisers.co.uk/financial-planning/oakham/?pl_p=40&pl_m=40,Broadview Wealth Management Ltd,broadview-wealth.co.uk
https://financialadvisers.co.uk/financial-planning/oakham/?pl_p=41&pl_m=40,Stefanie Price,stefaniepricewealth.co.uk
https://financialadvisers.co.uk/financial-planning/oakham/?pl_p=41&pl_m=40,Way 2 Mortgage Ltd,way2mortgage.com
https://financialadvisers.co.uk/financial-planning/oakham/?pl_p=41&pl_m=40,Collaborative Wealth Limited,wealth.coop
https://financialadvisers.co.uk/financial-planning/oakham/?pl_p=41&pl_m=40,APR Money Ltd,aprmoney.co.uk
https://financialadvisers.co.uk/financial-planning/oakham/?pl_p=41&pl_m=40,Cox Financial Services Ltd,coxfs.co.uk
https://financialadvisers.co.uk/financial-planning/oakham/?pl_p=41&pl_m=40,Midland Wealth Solutions Limited,midlandwealthsolutions.com
https://financialadvisers.co.uk/financial-planning/oakham/?pl_p=41&pl_m=40,Sherwin Financial Services Ltd,sherwinfinancialservices.co.uk
https://financialadvisers.co.uk/financial-planning/oakham/?pl_p=41&pl_m=40,Apex Wealth Management Limited,apexwm.co.uk
https://financialadvisers.co.uk/financial-planning/oakham/?pl_p=41&pl_m=40,Asquith Hart Limited,asquithhart.com
https://financialadvisers.co.uk/financial-planning/oakham/?pl_p=41&pl_m=40,Derwent Financial Planning Limited,derwentfinancialplanning.co.uk
https://financialadvisers.co.uk/financial-planning/oakham/?pl_p=41&pl_m=40,Dale Johnson Wealth Management,dalejohnsonwealthmanagement.co.uk
https://financialadvisers.co.uk/financial-planning/oakham/?pl_p=41&pl_m=40,Aristotle Financial Planning Ltd,aristotlefinancialplanning.co.uk
https://financialadvisers.co.uk/financial-planning/oakham/?pl_p=41&pl_m=40,Glenrose Investment Ltd,glenroseifa.co.uk
https://financialadvisers.co.uk/financial-planning/oakham/?pl_p=41&pl_m=40,Eaton Financial Services Ltd,eatonfinancialservicesltd.co.uk
https://financialadvisers.co.uk/financial-planning/oakham/?pl_p=41&pl_m=40,M Jones & Co Wealth Management,partnership.sjp.co.uk/michaeljones
https://financialadvisers.co.uk/financial-planning/oakham/?pl_p=42&pl_m=40,Investment & Retirement Solutions Ltd,investretire.co.uk
https://financialadvisers.co.uk/financial-planning/oakham/?pl_p=42&pl_m=40,Hall-Ward IFA Ltd,hallwardifa.co.uk
https://financialadvisers.co.uk/financial-planning/oakham/?pl_p=42&pl_m=40,Veritas Wealth & Financial Solutions Ltd,veritaswealth.co.uk
https://financialadvisers.co.uk/financial-planning/oakham/?pl_p=42&pl_m=40,Sheldon Flanders Financial Services Ltd,sheldonflandersfinancialservices.co.uk
https://financialadvisers.co.uk/financial-planning/oakham/?pl_p=42&pl_m=40,Chris Simons Wealth Management Ltd,partnership.sjp.co.uk/partner/cswm
https://financialadvisers.co.uk/financial-planning/oakham/?pl_p=42&pl_m=40,The Pension Review Business Limited,thepensionreviewbusiness.co.uk
https://financialadvisers.co.uk/financial-planning/oakham/?pl_p=42&pl_m=40,EGB Financial Ltd,thereviewbusiness.co.uk
https://financialadvisers.co.uk/financial-planning/oakham/?pl_p=42&pl_m=40,Chrysalis Wealth Management Ltd,chrysaliswealth.com
https://financialadvisers.co.uk/financial-planning/oakham/?pl_p=42&pl_m=40,Ashbury Financial Ltd,ashleylawstneots.co.uk
https://financialadvisers.co.uk/financial-planning/oakham/?pl_p=42&pl_m=40,Denis Mulholland Financial Solutions Ltd,dmulhollandfinancial.co.uk
https://financialadvisers.co.uk/financial-planning/oakham/?pl_p=42&pl_m=40,Integritas Financial Planners Limited,integritasfp.co.uk
https://financialadvisers.co.uk/financial-planning/oakham/?pl_p=42&pl_m=40,Yellow Financial Services Ltd,yellowfinancial.co.uk
https://financialadvisers.co.uk/financial-planning/oakham/?pl_p=42&pl_m=40,The Paul Barker Practice Limited,sjpp.co.uk/paulbarker
https://financialadvisers.co.uk/financial-planning/oakham/?pl_p=42&pl_m=40,Sense Financial Solutions Limited,itmakessense.net
https://financialadvisers.co.uk/financial-planning/oakham/?pl_p=42&pl_m=40,Richmond Hill Financial Ltd,rhfs.co.uk
https://financialadvisers.co.uk/financial-planning/oakham/?pl_p=43&pl_m=40,Charlotte Watson,cwfinancialplanning.co.uk
https://financialadvisers.co.uk/financial-planning/oakham/?pl_p=43&pl_m=40,Sibbalds Financial Services Ltd,brianmole.co.uk
https://financialadvisers.co.uk/financial-planning/oakham/?pl_p=43&pl_m=40,Geeson Financial Services Ltd,geeson-financial.co.uk
https://financialadvisers.co.uk/financial-planning/oakham/?pl_p=43&pl_m=40,House Therapy Limited,stanbrookconsulting.com
https://financialadvisers.co.uk/financial-planning/oakham/?pl_p=43&pl_m=40,Delta Wealth Management Limited,deltawealth.co.uk
https://financialadvisers.co.uk/financial-planning/oakham/?pl_p=43&pl_m=40,Steven Thomas Buttercase,stevebuttercase.co.uk
https://financialadvisers.co.uk/financial-planning/oakham/?pl_p=43&pl_m=40,Supreme Financial Solutions Ltd,
https://financialadvisers.co.uk/financial-planning/oakham/?pl_p=43&pl_m=40,JL Mortgages Ltd,jl-mortgages.com
https://financialadvisers.co.uk/financial-planning/oakham/?pl_p=43&pl_m=40,Method Financial Planning Limited,methodfp.com
https://financialadvisers.co.uk/financial-planning/oakham/?pl_p=43&pl_m=40,RTW Wealth Management Limited,rtwwealth.co.uk
https://financialadvisers.co.uk/financial-planning/oakham/?pl_p=43&pl_m=40,JMK Wealth Management Limited,jmkwealthmanagement.co.uk
https://financialadvisers.co.uk/financial-planning/oakham/?pl_p=43&pl_m=40,Derbyshire Independent Financial Advisers LLP,derbyshireifa.co.uk
https://financialadvisers.co.uk/financial-planning/oakham/?pl_p=43&pl_m=40,RFG Financial Management  Limited,rfgfinancial.co.uk
https://financialadvisers.co.uk/financial-planning/oakham/?pl_p=43&pl_m=40,Christopher Dorkes,chrisdorkes.co.uk
https://financialadvisers.co.uk/financial-planning/oakham/?pl_p=43&pl_m=40,Silverwood Money Management Ltd,silverwood.money
https://financialadvisers.co.uk/financial-planning/oakham/?pl_p=44&pl_m=40,Mario Frixou,nolomngerusewebsite
https://financialadvisers.co.uk/financial-planning/oakham/?pl_p=44&pl_m=40,Premier Plus Limited,premierplusltd.co.uk
https://financialadvisers.co.uk/financial-planning/oakham/?pl_p=44&pl_m=40,Paul Simon Galloway,omniawealth.co.uk
https://financialadvisers.co.uk/financial-planning/oakham/?pl_p=44&pl_m=40,Nicholsons PSP Limited,nicholsonsca.co.uk
https://financialadvisers.co.uk/financial-planning/oakham/?pl_p=44&pl_m=40,Almond Financial Ltd,almondfinancial.co.uk
https://financialadvisers.co.uk/financial-planning/oakham/?pl_p=44&pl_m=40,Nicholsons Accountants Ltd,nicholsonsca.co.uk
https://financialadvisers.co.uk/financial-planning/oakham/?pl_p=44&pl_m=40,Witham Financial Services Limited,withamfs.co.uk
https://financialadvisers.co.uk/financial-planning/oakham/?pl_p=44&pl_m=40,JRF Financial Planning Limited,
https://financialadvisers.co.uk/financial-planning/oakham/?pl_p=44&pl_m=40,Foxbridge Independent Financial Solutions Limited,foxbridgeifs.co.uk
https://financialadvisers.co.uk/financial-planning/oakham/?pl_p=44&pl_m=40,AMG Wealth Management Ltd,amgwealthmanagement.co.uk
https://financialadvisers.co.uk/financial-planning/oakham/?pl_p=44&pl_m=40,KDS Wealth Management Ltd,partnership.sjp.co.uk/partner/krishnasooriah
https://financialadvisers.co.uk/financial-planning/oakham/?pl_p=44&pl_m=40,Flourish Financial Planning LLP,ffp-uk.com
https://financialadvisers.co.uk/financial-planning/oakham/?pl_p=44&pl_m=40,Kim George Financial Planning Ltd,kimgeorge.co.uk
https://financialadvisers.co.uk/financial-planning/oakham/?pl_p=44&pl_m=40,Hathaway Gray Limited,hathawaygray.co.uk
https://financialadvisers.co.uk/financial-planning/oakham/?pl_p=44&pl_m=40,Blossom Financial Planning Ltd,mandg.com
https://financialadvisers.co.uk/financial-planning/oakham/?pl_p=45&pl_m=40,JALAPENO (UK) LIMITED,jalapenoltd.co.uk
https://financialadvisers.co.uk/financial-planning/oakham/?pl_p=45&pl_m=40,jch investment management limited,kingswood-group.com
https://financialadvisers.co.uk/financial-planning/oakham/?pl_p=45&pl_m=40,Whitings Wealth Management Limited,whitingswm.co.uk
https://financialadvisers.co.uk/financial-planning/oakham/?pl_p=45&pl_m=40,Chris Cutler,partnership.sjp.co.uk/partner/chriscutler
https://financialadvisers.co.uk/financial-planning/oakham/?pl_p=45&pl_m=40,Hallmark Independent Financial Advisers,btinternet.com
https://financialadvisers.co.uk/financial-planning/oakham/?pl_p=45&pl_m=40,Oakwood Financial Advisers Limited,oakwoodltd.co.uk
https://financialadvisers.co.uk/financial-planning/oakham/?pl_p=45&pl_m=40,Thompson & Richardson (Financial Services) Lincoln Limited,thompsonandrichardson.co.uk
https://financialadvisers.co.uk/financial-planning/oakham/?pl_p=45&pl_m=40,Spencer Gardner Dickins Financial Services Ltd,sgduk.com
https://financialadvisers.co.uk/financial-planning/oakham/?pl_p=45&pl_m=40,Prime Wealth Planning Ltd,primewealth.co.uk
https://financialadvisers.co.uk/financial-planning/oakham/?pl_p=45&pl_m=40,Sirius Wealth Management LLP,
https://financialadvisers.co.uk/financial-planning/oakham/?pl_p=45&pl_m=40,Cambria Wealth Management Ltd,cambriawealth.co.uk
https://financialadvisers.co.uk/financial-planning/oakham/?pl_p=45&pl_m=40,Jonathan Christopher Miller,365ifa.co.uk
https://financialadvisers.co.uk/financial-planning/oakham/?pl_p=45&pl_m=40,Clay Wealth Management Limited,claywarden.co.uk/
https://financialadvisers.co.uk/financial-planning/oakham/?pl_p=45&pl_m=40,Sublime Business Financial Advisers Ltd,
https://financialadvisers.co.uk/financial-planning/oakham/?pl_p=45&pl_m=40,M D Slack Wealth Management Ltd,mdslackwealthmanagement.co.uk
https://financialadvisers.co.uk/financial-planning/oakham/?pl_p=46&pl_m=40,Godiva Financial Planning Ltd,godivafinancialplanning.co.uk
https://financialadvisers.co.uk/financial-planning/oakham/?pl_p=46&pl_m=40,Medical & Financial Ltd,medicalandfinancial.com
https://financialadvisers.co.uk/financial-planning/oakham/?pl_p=46&pl_m=40,Stefanella Limited,
https://financialadvisers.co.uk/financial-planning/oakham/?pl_p=46&pl_m=40,CWM Wealth Management Limited,collinswm.co.uk
https://financialadvisers.co.uk/financial-planning/oakham/?pl_p=46&pl_m=40,Circle Financial Services Limited,circlefinancial.co.uk
https://financialadvisers.co.uk/financial-planning/oakham/?pl_p=46&pl_m=40,Cowens Employee Benefits Ltd,cowensgroup.co.uk/business/employee-benefits
https://financialadvisers.co.uk/financial-planning/oakham/?pl_p=46&pl_m=40,R.A. Cowen & Partners (Financial Services) Limited,cowensgroup.co.uk/personal
https://financialadvisers.co.uk/financial-planning/oakham/?pl_p=46&pl_m=40,Cowens Mortgage Solutions Limited,cowensgroup.co.uk
https://financialadvisers.co.uk/financial-planning/oakham/?pl_p=46&pl_m=40,RMC Wealth Management LLP,rmcwealth.co.uk
https://financialadvisers.co.uk/financial-planning/oakham/?pl_p=46&pl_m=40,Inspiring Wealth Limited,financialadviserinderby.com
https://financialadvisers.co.uk/financial-planning/oakham/?pl_p=46&pl_m=40,Summercourt Wealth Management,mandgwealth.com/summercourtwealthmanagement
https://financialadvisers.co.uk/financial-planning/oakham/?pl_p=46&pl_m=40,JEM Wealth Management Limited,mandgwealth.com/jemwealthmanagement
https://financialadvisers.co.uk/financial-planning/oakham/?pl_p=46&pl_m=40,Terry King Financial Services Limited,terrykingfs.co.uk
https://financialadvisers.co.uk/financial-planning/oakham/?pl_p=46&pl_m=40,K L A S Mortgage Services Ltd,klasmortgageservices.co.uk
https://financialadvisers.co.uk/financial-planning/oakham/?pl_p=46&pl_m=40,Shacklocks LLP,shacklocks.co.uk
https://financialadvisers.co.uk/financial-planning/oakham/?pl_p=47&pl_m=40,Genesis Wealth Creation Limited,genesisltd.co.uk
https://financialadvisers.co.uk/financial-planning/oakham/?pl_p=47&pl_m=40,Fortitude Financial Planning Limited,fortitudefp.co.uk
https://financialadvisers.co.uk/financial-planning/oakham/?pl_p=47&pl_m=40,Gill Insurance & Finance Consultants Ltd,gillinsurance.co.uk
https://financialadvisers.co.uk/financial-planning/oakham/?pl_p=47&pl_m=40,Happy Planet Financial Planning Limited,happyplanetfp.co.uk
https://financialadvisers.co.uk/financial-planning/oakham/?pl_p=47&pl_m=40,Downham Wealth Management Ltd,mandgwealth.com/downhamwealthmanagement
https://financialadvisers.co.uk/financial-planning/oakham/?pl_p=47&pl_m=40,Gareth Whitehead,partnership.sjp.co.uk/partner/garethwhitehead
https://financialadvisers.co.uk/financial-planning/oakham/?pl_p=47&pl_m=40,Frances Ford,majoroakwm.co.uk
https://financialadvisers.co.uk/financial-planning/oakham/?pl_p=47&pl_m=40,Linda Caroline McGirl,mcgirls.co.uk
https://financialadvisers.co.uk/financial-planning/oakham/?pl_p=47&pl_m=40,Harpur Wealth Management Limited,harpurwealth.co.uk
https://financialadvisers.co.uk/financial-planning/oakham/?pl_p=47&pl_m=40,TRELAWNY WEALTH MANAGEMENT LTD,mandgwealth.com/trelawnywealthmanagement
https://financialadvisers.co.uk/financial-planning/oakham/?pl_p=47&pl_m=40,Clear Vision Financial Planning Limited,clearvisionfp.co.uk
https://financialadvisers.co.uk/financial-planning/oakham/?pl_p=47&pl_m=40,Baron & Grant Investment Management Limited,baronandgrant.com
https://financialadvisers.co.uk/financial-planning/oakham/?pl_p=47&pl_m=40,Mitchell Prockter Financial Services Limited,mitchellprockter.co.uk
https://financialadvisers.co.uk/financial-planning/oakham/?pl_p=47&pl_m=40,Hampshire Hill Group Limited,hampshirehill.co.uk
https://financialadvisers.co.uk/financial-planning/oakham/?pl_p=47&pl_m=40,David Hill Wealth Management Limited,davidhillwealth.co.uk
https://financialadvisers.co.uk/financial-planning/oakham/?pl_p=48&pl_m=40,White Peak Wealth Management Ltd,whitepeakwm.co.uk
https://financialadvisers.co.uk/financial-planning/oakham/?pl_p=48&pl_m=40,Woodwards of Ripley Ltd,woodwardsfs.co.uk
https://financialadvisers.co.uk/financial-planning/oakham/?pl_p=48&pl_m=40,Grange Lane Financial Planning Ltd,mandgwealth.com/grangelanefinancialplanning
https://financialadvisers.co.uk/financial-planning/oakham/?pl_p=48&pl_m=40,Face To Face Financial Solutions Limited,facetofacefinancial.co.uk
https://financialadvisers.co.uk/financial-planning/oakham/?pl_p=48&pl_m=40,Oak Four Limited,oakfour.co.uk
https://financialadvisers.co.uk/financial-planning/oakham/?pl_p=48&pl_m=40,The Premier Partnership Limited,premierpartnership.co.uk
https://financialadvisers.co.uk/financial-planning/oakham/?pl_p=48&pl_m=40,Otus Mortgages Ltd,otus.uk.com
https://financialadvisers.co.uk/financial-planning/oakham/?pl_p=48&pl_m=40,Cotswold Independent Financial Services Limited,cotswoldifs.co.uk
https://financialadvisers.co.uk/financial-planning/oakham/?pl_p=48&pl_m=40,Common Sense Financial Planning Ltd,commonsenseifa.co.uk
https://financialadvisers.co.uk/financial-planning/oakham/?pl_p=48&pl_m=40,Portland Square Independent Financial Advice Ltd,portlandsquareifa.co.uk
https://financialadvisers.co.uk/financial-planning/oakham/?pl_p=48&pl_m=40,Brian Mole Independent Financial Advisers Limited,brianmole.co.uk
https://financialadvisers.co.uk/financial-planning/oakham/?pl_p=48&pl_m=40,Towcester Financial Planning Ltd,towcester-fp.co.uk
https://financialadvisers.co.uk/financial-planning/oakham/?pl_p=48&pl_m=40,PROFUSION WEALTH MANAGEMENT LTD,visionifp.co.uk
https://financialadvisers.co.uk/financial-planning/oakham/?pl_p=48&pl_m=40,Profusion Retirement Planning Ltd,
https://financialadvisers.co.uk/financial-planning/oakham/?pl_p=48&pl_m=40,Mclay-James Limited,mclayjames.co.uk
https://financialadvisers.co.uk/financial-planning/oakham/?pl_p=49&pl_m=40,Clear Financial Solutions (Midlands) Ltd,clearfs.info
https://financialadvisers.co.uk/financial-planning/oakham/?pl_p=49&pl_m=40,Clear Wealth Management (Midlands) Ltd,clearfs.info
https://financialadvisers.co.uk/financial-planning/oakham/?pl_p=49&pl_m=40,Ben Robinson Financial Advisers Limited,
https://financialadvisers.co.uk/financial-planning/oakham/?pl_p=49&pl_m=40,Face to Face Financial Planning Limited,facetoface.uk.com
https://financialadvisers.co.uk/financial-planning/oakham/?pl_p=49&pl_m=40,Honeycroft Wealth Management Limited,honeycroftwm.co.uk/
https://financialadvisers.co.uk/financial-planning/oakham/?pl_p=49&pl_m=40,Poundgate Wealth Management LTD,
https://financialadvisers.co.uk/financial-planning/oakham/?pl_p=49&pl_m=40,Avon House,sky.com
https://financialadvisers.co.uk/financial-planning/oakham/?pl_p=49&pl_m=40,IQ Financial Advice Ltd,iq-fa.co.uk
https://financialadvisers.co.uk/financial-planning/oakham/?pl_p=49&pl_m=40,Equium Wealth Management Limited,equiumwealth.co.uk
https://financialadvisers.co.uk/financial-planning/oakham/?pl_p=49&pl_m=40,Park Hall Financial Services Limited,parkhall.co.uk
https://financialadvisers.co.uk/financial-planning/oakham/?pl_p=49&pl_m=40,Frank Corrigan & Co. Limited,corrigans.org.uk
https://financialadvisers.co.uk/financial-planning/oakham/?pl_p=49&pl_m=40,London Mortgage Consultants Ltd,
https://financialadvisers.co.uk/financial-planning/oakham/?pl_p=49&pl_m=40,Emma Storey Independent Financial Planning Ltd,emmastoreyifp.co.uk
https://financialadvisers.co.uk/financial-planning/oakham/?pl_p=49&pl_m=40,Eastgate Wealth Management Ltd,eastgatewealthmanagementltd.co.uk
https://financialadvisers.co.uk/financial-planning/oakham/?pl_p=49&pl_m=40,Brookson Financial Limited,brooksonfinancial.co.uk
https://financialadvisers.co.uk/financial-planning/oakham/?pl_p=50&pl_m=40,Tunstall Financial Management Ltd,tunstallfm.co.uk
https://financialadvisers.co.uk/financial-planning/oakham/?pl_p=50&pl_m=40,Lincoln Financial Services Ltd,lincolnfinancialservices.co.uk
https://financialadvisers.co.uk/financial-planning/oakham/?pl_p=50&pl_m=40,Paul Rice Investment Planning Limited,
https://financialadvisers.co.uk/financial-planning/oakham/?pl_p=50&pl_m=40,JB Financial Advice Ltd,jbfinancialadviceltd.co.uk
https://financialadvisers.co.uk/financial-planning/oakham/?pl_p=50&pl_m=40,Streets Financial Consulting Limited,sfcplc.co.uk
https://financialadvisers.co.uk/financial-planning/oakham/?pl_p=50&pl_m=40,Tower House Wealth Management Limited,towerhousewm.co.uk
https://financialadvisers.co.uk/financial-planning/oakham/?pl_p=50&pl_m=40,Red Circle Financial Planning Limited,redcirclefp.co.uk
https://financialadvisers.co.uk/financial-planning/oakham/?pl_p=50&pl_m=40,Nectar Wealth Limited,nectarwealth.co.uk
https://financialadvisers.co.uk/financial-planning/oakham/?pl_p=50&pl_m=40,Howorth Financial Planning Ltd,howorthfp.co.uk
https://financialadvisers.co.uk/financial-planning/oakham/?pl_p=50&pl_m=40,Robert Terry,highedgefinancialplanning.co.uk
https://financialadvisers.co.uk/financial-planning/oakham/?pl_p=50&pl_m=40,Justin Heaton Limited,
https://financialadvisers.co.uk/financial-planning/oakham/?pl_p=50&pl_m=40,Alan Beverley,partnership.sjp.co.uk/partner/alanbeverley
https://financialadvisers.co.uk/financial-planning/oakham/?pl_p=50&pl_m=40,Prime Wealth Solutions Ltd,
https://financialadvisers.co.uk/financial-planning/oakham/?pl_p=50&pl_m=40,Tait Financial Services Limited,taitfinancialservices.co.uk
https://financialadvisers.co.uk/financial-planning/oakham/?pl_p=50&pl_m=40,Outwoods Financial Planning Ltd,partnership.sjp.co.uk/partner/outwoodsfp
https://financialadvisers.co.uk/financial-planning/oakham/?pl_p=51&pl_m=40,The Glenfield Partnership Ltd,openwork.uk.com
https://financialadvisers.co.uk/financial-planning/oakham/?pl_p=51&pl_m=40,Keystone Financial Ltd,keystoneltd.co.uk
https://financialadvisers.co.uk/financial-planning/oakham/?pl_p=51&pl_m=40,Belper Independent Financial Solutions Limited,belperifs.co.uk
https://financialadvisers.co.uk/financial-planning/oakham/?pl_p=51&pl_m=40,Sherlocks Property Consultants Limited,at-m.co.uk
https://financialadvisers.co.uk/financial-planning/oakham/?pl_p=51&pl_m=40,Rossington Wealth Management Ltd,rossingtonwm.co.uk
https://financialadvisers.co.uk/financial-planning/oakham/?pl_p=51&pl_m=40,CBG Financial Planning Limited,
https://financialadvisers.co.uk/financial-planning/oakham/?pl_p=51&pl_m=40,White Wealth Management Ltd,whitewm.co.uk
https://financialadvisers.co.uk/financial-planning/oakham/?pl_p=51&pl_m=40,Fit Financial Services Limited,
https://financialadvisers.co.uk/financial-planning/oakham/?pl_p=51&pl_m=40,Carr Financial Ltd,progressive-research.com
https://financialadvisers.co.uk/financial-planning/oakham/?pl_p=51&pl_m=40,Choice Independent Financial Services Ltd,choiceifa.com
https://financialadvisers.co.uk/financial-planning/oakham/?pl_p=51&pl_m=40,BGK Financial Planning Limited,2plan.com
https://financialadvisers.co.uk/financial-planning/oakham/?pl_p=51&pl_m=40,Southam Financial Planning Ltd,southam-fp.co.uk
https://financialadvisers.co.uk/financial-planning/oakham/?pl_p=51&pl_m=40,Blackthorn Financial Services Ltd,blackthorn-fs.co.uk
