Source,Company Name,"If in HubSpot, tagged as what sub industry?",Added to Hubspot? (Yes/No),Linkedin stated employee size,Linkedin actual employee size,Website Link
https://financialadvisers.co.uk/financial-planning/lanark/?pl_p=1&pl_m=40,Scotzone Insurance Consultants Limited,I - IFA,No,,,scotzone.co.uk
https://financialadvisers.co.uk/financial-planning/lanark/?pl_p=1&pl_m=40,R.C. McLeish Insurance Consultants Ltd,I - IFA,No,,,rcmcleish.com
https://financialadvisers.co.uk/financial-planning/lanark/?pl_p=1&pl_m=40,Adelp Financial Solutions Ltd,I - IFA,No,,,adelpfs.co.uk
https://financialadvisers.co.uk/financial-planning/lanark/?pl_p=1&pl_m=40,Executive Benefit Services (UK) Limited,I - IFA,No,11-50,8,ebsuk.com
https://financialadvisers.co.uk/financial-planning/lanark/?pl_p=1&pl_m=40,Campbell Alexander Financial Management Ltd,I - IFA,No,,,cafinancial.co.uk
https://financialadvisers.co.uk/financial-planning/lanark/?pl_p=1&pl_m=40,TSH (Financial Services) Ltd,,,,,
https://financialadvisers.co.uk/financial-planning/lanark/?pl_p=1&pl_m=40,Eric Watson Financial Solutions Ltd,I - IFA,No,,,ericwatsonfs.co.uk
https://financialadvisers.co.uk/financial-planning/lanark/?pl_p=1&pl_m=40,Ardmore Financial Planning Limited,I - IFA,No,11-50,3,ardmorefinancial.co.uk
https://financialadvisers.co.uk/financial-planning/lanark/?pl_p=1&pl_m=40,The Iris Partnership,I - IFA,No,,,irismortgages.co.uk
https://financialadvisers.co.uk/financial-planning/lanark/?pl_p=1&pl_m=40,Clydevalley Financial Solutions Limited,I - IFA,No,,,clydevalleyfs.co.uk
https://financialadvisers.co.uk/financial-planning/lanark/?pl_p=1&pl_m=40,Peter Wyper,,,,,
https://financialadvisers.co.uk/financial-planning/lanark/?pl_p=1&pl_m=40,Marc Thomson Mortgages & Wealth Ltd,I - IFA,No,,,mtmw.co.uk
https://financialadvisers.co.uk/financial-planning/lanark/?pl_p=1&pl_m=40,Grant Robert Alexander Scholefield,I - IFA,No,1-10,5,evolveadvice.com
https://financialadvisers.co.uk/financial-planning/lanark/?pl_p=1&pl_m=40,Executive Financial Services Ltd,I - IFA,No,,,efsltd.uk.com
https://financialadvisers.co.uk/financial-planning/lanark/?pl_p=1&pl_m=40,Honest Wealth Management Ltd,I - IFA,No,,,honestwealth.co.uk
https://financialadvisers.co.uk/financial-planning/lanark/?pl_p=2&pl_m=40,Heather Macqueen Limited,I - IFA,No,,,heathermacqueen.co.uk
https://financialadvisers.co.uk/financial-planning/lanark/?pl_p=2&pl_m=40,MurrayPaterson Limited,I - IFA,No,1-10,3,murraypaterson.co.uk
https://financialadvisers.co.uk/financial-planning/lanark/?pl_p=2&pl_m=40,Alexander Wealth Management Limited,,,,,
https://financialadvisers.co.uk/financial-planning/lanark/?pl_p=2&pl_m=40,MARGARET NOONE FINANCIAL PLANNING LTD,I - IFA,No,"5,001-10,000",2710,mandgwealth.com/margaretnoonefinancialplanning
https://financialadvisers.co.uk/financial-planning/lanark/?pl_p=2&pl_m=40,Peter Rooney,,,,,
https://financialadvisers.co.uk/financial-planning/lanark/?pl_p=2&pl_m=40,David Dougan Financial Services Limited,I - IFA,No,1-10,,daviddouganfinancial.com
https://financialadvisers.co.uk/financial-planning/lanark/?pl_p=2&pl_m=40,Investment & Mortgage Options Scotland Ltd,I - IFA,No,,,imoscotland.com
https://financialadvisers.co.uk/financial-planning/lanark/?pl_p=2&pl_m=40,Lockhart Consultancy Ltd,I - IFA,No,1-10,3,lockhartconsultancy.co.uk
https://financialadvisers.co.uk/financial-planning/lanark/?pl_p=2&pl_m=40,A J Options Ltd,,,,,
https://financialadvisers.co.uk/financial-planning/lanark/?pl_p=2&pl_m=40,S W Financial Management Limited,I - IFA,No,,7,sw-fm.co.uk
https://financialadvisers.co.uk/financial-planning/lanark/?pl_p=2&pl_m=40,D&M Financial Ltd,I - IFA,No,,,dmfinancialltd.com
https://financialadvisers.co.uk/financial-planning/lanark/?pl_p=2&pl_m=40,Robert MacIntyre,,,,,
https://financialadvisers.co.uk/financial-planning/lanark/?pl_p=2&pl_m=40,Brian McGoldrick Ltd,,,,,
https://financialadvisers.co.uk/financial-planning/lanark/?pl_p=2&pl_m=40,JRW Financial Management Ltd,I - IFA,No,,,jrwfinancial.co.uk
https://financialadvisers.co.uk/financial-planning/lanark/?pl_p=2&pl_m=40,S.F.S. Investments Limited,I - IFA,No,,,southernfs.co.uk
https://financialadvisers.co.uk/financial-planning/lanark/?pl_p=3&pl_m=40,Financial Independent Solutions Limited,I - IFA,No,,,financialindependentsolutions.co.uk
https://financialadvisers.co.uk/financial-planning/lanark/?pl_p=3&pl_m=40,Stable Financial Group Ltd,,,,,
https://financialadvisers.co.uk/financial-planning/lanark/?pl_p=3&pl_m=40,Robert Douglas,I - IFA,No,,,derekdouglaspwm.co.uk
https://financialadvisers.co.uk/financial-planning/lanark/?pl_p=3&pl_m=40,Steven Auldjo,I - IFA,No,,,dynamicws.co.uk
https://financialadvisers.co.uk/financial-planning/lanark/?pl_p=3&pl_m=40,Mr Paul O'Brien,I - IFA,No,,,tru-ifa.co.uk
https://financialadvisers.co.uk/financial-planning/lanark/?pl_p=3&pl_m=40,SRB Wealth Management Ltd,I - IFA,No,11-50,14,srbwm.co.uk
https://financialadvisers.co.uk/financial-planning/lanark/?pl_p=3&pl_m=40,OPA Wealth Management Ltd,I - IFA,No,,,opawealthmanagement.co.uk
https://financialadvisers.co.uk/financial-planning/lanark/?pl_p=3&pl_m=40,Integrity Asset Management Limited,I - IFA,No,1-10,4,integrityasset.uk
https://financialadvisers.co.uk/financial-planning/lanark/?pl_p=3&pl_m=40,Moorlands Financial Services Ltd,I - IFA,No,1-10,2,moorlandsfinancial.co.uk
https://financialadvisers.co.uk/financial-planning/lanark/?pl_p=3&pl_m=40,Bird Stewart Financial Services Limited,I - IFA,No,11-50,3,birdstewart.co.uk
https://financialadvisers.co.uk/financial-planning/lanark/?pl_p=3&pl_m=40,HAAA Ltd,I - IFA,No,201-500,323,ek.2plan.com
https://financialadvisers.co.uk/financial-planning/lanark/?pl_p=3&pl_m=40,Capital Wealth Management (UK) Limited,,,,,
https://financialadvisers.co.uk/financial-planning/lanark/?pl_p=3&pl_m=40,SAM Wealth LLP,I - IFA,No,,,samwealth.co.uk
https://financialadvisers.co.uk/financial-planning/lanark/?pl_p=3&pl_m=40,Strategic Asset Managers Limited,I - IFA,No,1-10,7,strategicassetmanagers.co.uk
https://financialadvisers.co.uk/financial-planning/lanark/?pl_p=3&pl_m=40,Affinity Financial Planning Ltd,I - IFA,No,11-50,1,affinityfp.com
https://financialadvisers.co.uk/financial-planning/lanark/?pl_p=4&pl_m=40,DG Financial Ltd,I - IFA,No,,,dmgfinancial.co.uk
https://financialadvisers.co.uk/financial-planning/lanark/?pl_p=4&pl_m=40,DJC Wealth Management Ltd,I - IFA,No,1-10,,djcwm.co.uk
https://financialadvisers.co.uk/financial-planning/lanark/?pl_p=4&pl_m=40,MKM Financial Management Ltd,I - IFA,No,,3,mkmfinancialmanagement.co.uk
https://financialadvisers.co.uk/financial-planning/lanark/?pl_p=4&pl_m=40,Quinn & Co Wealth Management Ltd,I - IFA,No,,,quinnwealthmanagement.co.uk
https://financialadvisers.co.uk/financial-planning/lanark/?pl_p=4&pl_m=40,McKendry Dunion Financial Limited,I - IFA,No,,,mckendrydunion.co.uk
https://financialadvisers.co.uk/financial-planning/lanark/?pl_p=4&pl_m=40,Milecross Financial (Scotland) Ltd,I - IFA,No,51-200,31,milecrossfs.co.uk
https://financialadvisers.co.uk/financial-planning/lanark/?pl_p=4&pl_m=40,DM Pension & Investment Solutions Ltd,I - IFA,No,,,face2faceadvice.co.uk
https://financialadvisers.co.uk/financial-planning/lanark/?pl_p=4&pl_m=40,Medical & Professional CFP Ltd,I - IFA,No,11-50,13,wealthprofessional.co.uk
https://financialadvisers.co.uk/financial-planning/lanark/?pl_p=4&pl_m=40,Caledonian Financial Management Limited,I - IFA,No,,7,caledonianfm.co.uk
https://financialadvisers.co.uk/financial-planning/lanark/?pl_p=4&pl_m=40,Pinewood Portfolio Management LLP,I - IFA,No,,,pinewoodpm.com
https://financialadvisers.co.uk/financial-planning/lanark/?pl_p=4&pl_m=40,A.S.K. Wealth Management LLP,I - IFA,No,,,askwealthmanagement.co.uk
https://financialadvisers.co.uk/financial-planning/lanark/?pl_p=4&pl_m=40,Swilcan Financial Partners Limited,I - IFA,No,,,swilcanfinancialpartners.co.uk
https://financialadvisers.co.uk/financial-planning/lanark/?pl_p=4&pl_m=40,Robert Ashton,I - IFA,No,"1,001-5,000",3514,partnership.sjp.co.uk/partner/robertashtonf
https://financialadvisers.co.uk/financial-planning/lanark/?pl_p=4&pl_m=40,Sterling Scotia Limited,,,,,
https://financialadvisers.co.uk/financial-planning/lanark/?pl_p=4&pl_m=40,Mcpherson Wealth LTD,I - IFA,No,"5,001-10,000",2710,mandgwealth.com/mcphersonwealth
https://financialadvisers.co.uk/financial-planning/lanark/?pl_p=5&pl_m=40,Rutland Independent Wealth Management LLP,I - IFA,No,1-10,1,rutlandindependent.co.uk
https://financialadvisers.co.uk/financial-planning/lanark/?pl_p=5&pl_m=40,Reed Financial Planning Ltd,I - IFA,No,,2,reedfinancialplanning.co.uk
https://financialadvisers.co.uk/financial-planning/lanark/?pl_p=5&pl_m=40,Active Asset Management (Scotland) Limited,,,,,
https://financialadvisers.co.uk/financial-planning/lanark/?pl_p=5&pl_m=40,Findlay & Co Financial Solutions Ltd,I - IFA,No,1-10,7,findlaycofs.co.uk
https://financialadvisers.co.uk/financial-planning/lanark/?pl_p=5&pl_m=40,Aveton Gifford Associates Limited,I - IFA,No,,,avetongiffordassociates.com
https://financialadvisers.co.uk/financial-planning/lanark/?pl_p=5&pl_m=40,Newlands Financial Planning,I - IFA,No,"5,001-10,000",2710,mandgwealth.com/newlandsfinancialplanning
https://financialadvisers.co.uk/financial-planning/lanark/?pl_p=5&pl_m=40,The BT Partnership,I - IFA,No,,,thebtpartnership.ifa-web.co.uk
https://financialadvisers.co.uk/financial-planning/lanark/?pl_p=5&pl_m=40,Mortgage Information Bureau Ltd,,,,,
https://financialadvisers.co.uk/financial-planning/lanark/?pl_p=5&pl_m=40,AML Associates Financial Services Ltd,I - IFA,No,1-10,3,amlassociates.co.uk
https://financialadvisers.co.uk/financial-planning/lanark/?pl_p=5&pl_m=40,TDH Financial Planning Ltd,I - IFA,No,,,tdhfinancialplanning.co.uk
https://financialadvisers.co.uk/financial-planning/lanark/?pl_p=5&pl_m=40,Alexander Campbell McLaughlan,I - IFA,No,,,acmwealth.co.uk
https://financialadvisers.co.uk/financial-planning/lanark/?pl_p=5&pl_m=40,R.L Stevenson Ltd,,,,,
https://financialadvisers.co.uk/financial-planning/lanark/?pl_p=5&pl_m=40,GMB Portfolio Services Limited,I - IFA,No,,,gmbportfolio.co.uk
https://financialadvisers.co.uk/financial-planning/lanark/?pl_p=5&pl_m=40,AKC Independent Financial Advisers Ltd,I - IFA,No,1-10,4,akcifa.com
https://financialadvisers.co.uk/financial-planning/lanark/?pl_p=5&pl_m=40,Select Wealth Managers Ltd.,I - IFA,No,1,1,selectwealth.co.uk
https://financialadvisers.co.uk/financial-planning/lanark/?pl_p=6&pl_m=40,The Ailsa Partnership Ltd,I - IFA,No,,,theailsapartnership.com
https://financialadvisers.co.uk/financial-planning/lanark/?pl_p=6&pl_m=40,KEY FINANCIAL WEALTH SOLUTIONS LIMITED,I - IFA,No,"5,001-10,000",2710,mandgwealth.com/keyfinancialwealthsolutions
https://financialadvisers.co.uk/financial-planning/lanark/?pl_p=6&pl_m=40,Avoca Wealth Management Ltd,I - IFA,No,1-10,1,avocawealth.com
https://financialadvisers.co.uk/financial-planning/lanark/?pl_p=6&pl_m=40,LBFA Limited,I - IFA,No,,,lbfa.co.uk
https://financialadvisers.co.uk/financial-planning/lanark/?pl_p=6&pl_m=40,Kayleigh Dorrian,I - IFA,No,,,archerjoyfp.co.uk
https://financialadvisers.co.uk/financial-planning/lanark/?pl_p=6&pl_m=40,Clyde Financial Services Ltd,I - IFA,No,,,clydefinancialservices.com
https://financialadvisers.co.uk/financial-planning/lanark/?pl_p=6&pl_m=40,Lucy Logan,I - IFA,No,,,calderwoodfinancial.co.uk
https://financialadvisers.co.uk/financial-planning/lanark/?pl_p=6&pl_m=40,Portfolio & Pension Management Ltd,I - IFA,No,1-10,1,ppmwealth.co.uk
https://financialadvisers.co.uk/financial-planning/lanark/?pl_p=6&pl_m=40,Brian Innes and Lynn Innes,,,,,
https://financialadvisers.co.uk/financial-planning/lanark/?pl_p=6&pl_m=40,Olcote Lappin Financial Planning Ltd,I - IFA,No,,,olcotelappin.co.uk
https://financialadvisers.co.uk/financial-planning/lanark/?pl_p=6&pl_m=40,Karen Vorster,I - IFA,No,"1,001-5,000",3514,partnership.sjp.co.uk/partner/vorsterwealthmanagement
https://financialadvisers.co.uk/financial-planning/lanark/?pl_p=6&pl_m=40,Carrick Stuart & Co (Financial Consultants) Ltd,I - IFA,No,,,villageestatesfc.co.uk
https://financialadvisers.co.uk/financial-planning/lanark/?pl_p=6&pl_m=40,Alistair Black,I - IFA,No,,,alistairblack.com
https://financialadvisers.co.uk/financial-planning/lanark/?pl_p=6&pl_m=40,Hutcheson Financial Planning Limited,I - IFA,No,,,hutchesonfinancial.co.uk
https://financialadvisers.co.uk/financial-planning/lanark/?pl_p=6&pl_m=40,Simple Financial Planning Ltd,I - IFA,No,11-50,13,simplefp.co.uk
https://financialadvisers.co.uk/financial-planning/lanark/?pl_p=7&pl_m=40,Riverpark Investment & Financial Consultants Limited,I - IFA,No,11-50,8,riverparkifa.com
https://financialadvisers.co.uk/financial-planning/lanark/?pl_p=7&pl_m=40,Kenneth MacPhie,I - IFA,No,,,amfs.co.uk
https://financialadvisers.co.uk/financial-planning/lanark/?pl_p=7&pl_m=40,David Melville,I - IFA,No,,,melvilleifa.co.uk
https://financialadvisers.co.uk/financial-planning/lanark/?pl_p=7&pl_m=40,Harkin Financial Services Ltd,I - IFA,No,,,harkinfs.com
https://financialadvisers.co.uk/financial-planning/lanark/?pl_p=7&pl_m=40,Malory Investments Services Ltd,I - IFA,No,1-10,1,maloryinvestments.co.uk
https://financialadvisers.co.uk/financial-planning/lanark/?pl_p=7&pl_m=40,John Yuille Financial Services Ltd,I - IFA,No,,,jyfs.co.uk
https://financialadvisers.co.uk/financial-planning/lanark/?pl_p=7&pl_m=40,Aldton Park Financial Services Ltd,I - IFA,No,201-500,323,2plan.com
https://financialadvisers.co.uk/financial-planning/lanark/?pl_p=7&pl_m=40,Robert Graham Harvie,I - IFA,No,,,rgharvie.com
https://financialadvisers.co.uk/financial-planning/lanark/?pl_p=7&pl_m=40,Craig Johnston Asset Management Limited,I - IFA,No,,5,cjamltd.co.uk
https://financialadvisers.co.uk/financial-planning/lanark/?pl_p=7&pl_m=40,Holyrood Asset Management Ltd,I - IFA,No,,,holyroodam.co.uk
https://financialadvisers.co.uk/financial-planning/lanark/?pl_p=7&pl_m=40,Campbell Mackie Limited,I - IFA,No,1-10,2,campbellmackie.co.uk
https://financialadvisers.co.uk/financial-planning/lanark/?pl_p=7&pl_m=40,Pension & Investment Management Services,I - IFA,No,,2,pensionsandinvestments.co.uk
https://financialadvisers.co.uk/financial-planning/lanark/?pl_p=7&pl_m=40,Toner Wealth Ltd,I - IFA,No,"1,001-5,000",3514,partnership.sjp.co.uk/partner/andrewtoner
https://financialadvisers.co.uk/financial-planning/lanark/?pl_p=7&pl_m=40,Carley Mearns-Begley,I - IFA,No,,,carleymearns.co.uk
https://financialadvisers.co.uk/financial-planning/lanark/?pl_p=7&pl_m=40,TC WEALTH MANAGEMENT LTD,I - IFA,No,"5,001-10,000",2710,mandgwealth.com/tcwealthmanagement
https://financialadvisers.co.uk/financial-planning/lanark/?pl_p=8&pl_m=40,Poise Financial Planning Limited,I - IFA,No,,,poisefp.co.uk
https://financialadvisers.co.uk/financial-planning/lanark/?pl_p=8&pl_m=40,Vincent Throp Limited,I - IFA,No,"501-1,000",753,openwork.uk.com
https://financialadvisers.co.uk/financial-planning/lanark/?pl_p=8&pl_m=40,Sutherland Mayfair Financial Planning Ltd,I - IFA,No,"1,001-5,000",3514,partnership.sjp.co.uk/partner/sutherlandmayfair
https://financialadvisers.co.uk/financial-planning/lanark/?pl_p=8&pl_m=40,Urquhart Asset Management Limited,I - IFA,No,,2,urquhartasset.com
https://financialadvisers.co.uk/financial-planning/lanark/?pl_p=8&pl_m=40,Alan Steel (Asset Management) Limited,I - IFA,No,,,alansteel.com
https://financialadvisers.co.uk/financial-planning/lanark/?pl_p=8&pl_m=40,Brian Lynn Financial Services,,,,,
https://financialadvisers.co.uk/financial-planning/lanark/?pl_p=8&pl_m=40,Handheld Investments Limited,I - IFA,No,,,handheldinvestments.com
https://financialadvisers.co.uk/financial-planning/lanark/?pl_p=8&pl_m=40,Financial Succession Limited,I - IFA,No,,,financial-succession.co.uk
https://financialadvisers.co.uk/financial-planning/lanark/?pl_p=8&pl_m=40,CC Financial Management Ltd,I - IFA,No,,,csfinancialservices.co.uk
https://financialadvisers.co.uk/financial-planning/lanark/?pl_p=8&pl_m=40,Andrew Reid,,,,,
https://financialadvisers.co.uk/financial-planning/lanark/?pl_p=8&pl_m=40,Apple Wealth Ltd,I - IFA,No,"1,001-5,000",3514,partnership.sjp.co.uk/partner/applewealth
https://financialadvisers.co.uk/financial-planning/lanark/?pl_p=8&pl_m=40,Brookfield Wealth Management,I - IFA,No,"5,001-10,000",2710,mandgwealth.com/brookfieldwealthmanagement
https://financialadvisers.co.uk/financial-planning/lanark/?pl_p=8&pl_m=40,A Henderson Financial Planning Ltd,I - IFA,No,,,ahfinplan.co.uk
https://financialadvisers.co.uk/financial-planning/lanark/?pl_p=8&pl_m=40,The ER Network Ltd,I - IFA,No,1-10,5,ernetwork.co.uk
https://financialadvisers.co.uk/financial-planning/lanark/?pl_p=8&pl_m=40,Independent Financial Advice World Ltd,I - IFA,No,,,ifa-world.co.uk
https://financialadvisers.co.uk/financial-planning/lanark/?pl_p=9&pl_m=40,Glasgow Wealth Limited,I - IFA,No,1-10,2,glasgowwealth.co.uk
https://financialadvisers.co.uk/financial-planning/lanark/?pl_p=9&pl_m=40,Iain Lowe Wealth Management Ltd,I - IFA,No,201-500,323,2plan.com
https://financialadvisers.co.uk/financial-planning/lanark/?pl_p=9&pl_m=40,Solicitors Financial Centre Limited,I - IFA,No,,,sfcglasgow.co.uk
https://financialadvisers.co.uk/financial-planning/lanark/?pl_p=9&pl_m=40,A.R.D. Consultancy Limited,I - IFA,No,1-10,8,ardconsultancy.co.uk
https://financialadvisers.co.uk/financial-planning/lanark/?pl_p=9&pl_m=40,Thomson Wealth Management Ltd,I - IFA,No,1-10,4,thomsonwealth.co.uk
https://financialadvisers.co.uk/financial-planning/lanark/?pl_p=9&pl_m=40,Lauder Financial Limited,,,,,
https://financialadvisers.co.uk/financial-planning/lanark/?pl_p=9&pl_m=40,AGL Wealth Management Ltd,I - IFA,No,11-50,13,aglwealth.com
https://financialadvisers.co.uk/financial-planning/lanark/?pl_p=9&pl_m=40,Wellington Wealth (Glasgow) Limited,I - IFA,No,1-10,5,wellington-wealth.com
https://financialadvisers.co.uk/financial-planning/lanark/?pl_p=9&pl_m=40,Verum Wealth Ltd,I - IFA,No,1-10,4,verumwealth.com
https://financialadvisers.co.uk/financial-planning/lanark/?pl_p=9&pl_m=40,Campbell Financial Services Ltd,I - IFA,No,,,campbellfs.com
https://financialadvisers.co.uk/financial-planning/lanark/?pl_p=9&pl_m=40,Money Right Financial Planning Limited,,,,,
https://financialadvisers.co.uk/financial-planning/lanark/?pl_p=9&pl_m=40,Georgetown Wealth Management LLP,I - IFA,No,1-10,2,georgetownwealthmanagement.co.uk
https://financialadvisers.co.uk/financial-planning/lanark/?pl_p=9&pl_m=40,Clark Boyle Limited,I - IFA,No,11-50,24,clarkboyle.co.uk
https://financialadvisers.co.uk/financial-planning/lanark/?pl_p=9&pl_m=40,Christie Financial Planning Limited,I - IFA,No,1-10,3,christiefp.com
https://financialadvisers.co.uk/financial-planning/lanark/?pl_p=9&pl_m=40,Intelligent Capital Ltd,I - IFA,No,201-500,8,intelligentcapital.biz
https://financialadvisers.co.uk/financial-planning/lanark/?pl_p=10&pl_m=40,Antonine Investment Managers Limited,I - IFA,No,1-10,,antonineim.co.uk
https://financialadvisers.co.uk/financial-planning/lanark/?pl_p=10&pl_m=40,Campbell Thomson (Insurance Services) Limited,I - IFA,No,11-50,5,campbellthomson.co.uk
https://financialadvisers.co.uk/financial-planning/lanark/?pl_p=10&pl_m=40,McCrea Financial Services Limited,I - IFA,No,11-50,18,mccreafs.co.uk
https://financialadvisers.co.uk/financial-planning/lanark/?pl_p=10&pl_m=40,Morton Hill Ltd,I - IFA,No,11-50,,mcknightfinancial.co.uk
https://financialadvisers.co.uk/financial-planning/lanark/?pl_p=10&pl_m=40,Fitzallan Ltd,I - IFA,No,11-50,16,fitzallan.com
https://financialadvisers.co.uk/financial-planning/lanark/?pl_p=10&pl_m=40,Beaufort Financial (Forth Valley) Ltd,I - IFA,No,11-50,10,beaufortfinancial.co.uk
https://financialadvisers.co.uk/financial-planning/lanark/?pl_p=10&pl_m=40,Hastie Wealth Management Ltd,I - IFA,No,"5,001-10,000",2710,mandgwealth.com/hastiewealthmanagement
https://financialadvisers.co.uk/financial-planning/lanark/?pl_p=10&pl_m=40,Talon Associates Limited,I - IFA,No,1-10,,talonassociates.co.uk
https://financialadvisers.co.uk/financial-planning/lanark/?pl_p=10&pl_m=40,Cairn Financial Management Limited,I - IFA,No,,,cairnfm.co.uk
https://financialadvisers.co.uk/financial-planning/lanark/?pl_p=10&pl_m=40,David Vance Consulting Ltd,I - IFA,No,,,vancefm.co.uk
https://financialadvisers.co.uk/financial-planning/lanark/?pl_p=10&pl_m=40,Craig Kilgour Independent Financial Planning Limited,I - IFA,No,,,craigkilgour.com
https://financialadvisers.co.uk/financial-planning/lanark/?pl_p=10&pl_m=40,Intelligent Pensions Ltd,I - IFA,No,11-50,31,intelligentpensions.com
https://financialadvisers.co.uk/financial-planning/lanark/?pl_p=10&pl_m=40,CFG Investment Services Ltd,I - IFA,No,,,cfgwealthmanagement.co.uk
https://financialadvisers.co.uk/financial-planning/lanark/?pl_p=10&pl_m=40,The Carruth Financial Group Limited,I - IFA,No,,,cfgfinancialadvisors.co.uk
https://financialadvisers.co.uk/financial-planning/lanark/?pl_p=10&pl_m=40,D A Calder Limited,I - IFA,No,1-10,8,dacalder.com
https://financialadvisers.co.uk/financial-planning/lanark/?pl_p=11&pl_m=40,Tweed Financial Services Ltd,I - IFA,No,,,tweedfs.co.uk
https://financialadvisers.co.uk/financial-planning/lanark/?pl_p=11&pl_m=40,Erdley Hand T/A Wright Hand Associates,I - IFA,No,,,wh-associates.co.uk
https://financialadvisers.co.uk/financial-planning/lanark/?pl_p=11&pl_m=40,SPECTRUM WEALTH GROUP LTD,I - IFA,No,11-50,9,spectrumwealthgroup.com
https://financialadvisers.co.uk/financial-planning/lanark/?pl_p=11&pl_m=40,David McDonald Financial Services Ltd,I - IFA,No,,,davidmcdonald.co.uk
https://financialadvisers.co.uk/financial-planning/lanark/?pl_p=11&pl_m=40,Traquair Financial Services Ltd,,,,,
https://financialadvisers.co.uk/financial-planning/lanark/?pl_p=11&pl_m=40,Fraser Spy Financial Services Ltd,I - IFA,No,1-10,8,fraserspy.co.uk
https://financialadvisers.co.uk/financial-planning/lanark/?pl_p=11&pl_m=40,Cedarwood Wealth Management Ltd,I - IFA,No,,,wcedarwoodwm.co.uk
https://financialadvisers.co.uk/financial-planning/lanark/?pl_p=11&pl_m=40,Policy Services Limited,I - IFA,No,51-200,40,policyservices.co.uk
https://financialadvisers.co.uk/financial-planning/lanark/?pl_p=11&pl_m=40,Murphy Wealth Limited,I - IFA,No,11-50,14,murphywealth.co.uk
https://financialadvisers.co.uk/financial-planning/lanark/?pl_p=11&pl_m=40,Adam Leech,I - IFA,No,"1,001-5,000",3514,partnership.sjp.co.uk/partner/ajleech
https://financialadvisers.co.uk/financial-planning/lanark/?pl_p=11&pl_m=40,Buchanan Financial Planning Ltd,I - IFA,No,,,buchananfp.co.uk
https://financialadvisers.co.uk/financial-planning/lanark/?pl_p=11&pl_m=40,June Murray Wealth Management Ltd,I - IFA,No,"1,001-5,000",3514,partnership.sjp.co.uk/partner/junemurraywealthmanagement
https://financialadvisers.co.uk/financial-planning/lanark/?pl_p=11&pl_m=40,Anthony Blake,I - IFA,No,1,1,anthonyblakefinancialplanning.co.uk
https://financialadvisers.co.uk/financial-planning/lanark/?pl_p=11&pl_m=40,Ryan Quinn,I - IFA,No,"1,001-5,000",3514,partnership.sjp.co.uk/partner/rqfinancialmanagement
https://financialadvisers.co.uk/financial-planning/lanark/?pl_p=11&pl_m=40,Waseem Afsar,I - IFA,No,,,wa-wm.co.uk
https://financialadvisers.co.uk/financial-planning/lanark/?pl_p=12&pl_m=40,Julie Robertson,I - IFA,No,"1,001-5,000",3514,partnership.sjp.co.uk/partner/myafinancial
https://financialadvisers.co.uk/financial-planning/lanark/?pl_p=12&pl_m=40,Tait Wealth Management Limited,I - IFA,No,1-10,1,taitwealthmanagement.co.uk
https://financialadvisers.co.uk/financial-planning/lanark/?pl_p=12&pl_m=40,Martin McLaughlan,I - IFA,No,,,martinmclaughlanwm.co.uk
https://financialadvisers.co.uk/financial-planning/lanark/?pl_p=12&pl_m=40,Ross Johnston,I - IFA,No,,,617fm.co.uk
https://financialadvisers.co.uk/financial-planning/lanark/?pl_p=12&pl_m=40,Lisa McCreadie,I - IFA,No,,,lmcfinancialplanning.co.uk
https://financialadvisers.co.uk/financial-planning/lanark/?pl_p=12&pl_m=40,Jonathan Reid,I - IFA,No,"1,001-5,000",3514,partnership.sjp.co.uk/partner/reidfinancialplanning
https://financialadvisers.co.uk/financial-planning/lanark/?pl_p=12&pl_m=40,Jack Wyllie,I - IFA,No,"1,001-5,000",3514,partnership.sjp.co.uk/partner/wylliewealthmanagement
https://financialadvisers.co.uk/financial-planning/lanark/?pl_p=12&pl_m=40,Seven Wealth Ltd,I - IFA,No,1-10,1,seven-wealth.co.uk
https://financialadvisers.co.uk/financial-planning/lanark/?pl_p=12&pl_m=40,Martin Campbell,I - IFA,No,,,martincampbellfinancial.co.uk
https://financialadvisers.co.uk/financial-planning/lanark/?pl_p=12&pl_m=40,Blythswood Associates Ltd,I - IFA,No,11-50,7,blythswood.com
https://financialadvisers.co.uk/financial-planning/lanark/?pl_p=12&pl_m=40,Bruce Harvey,I - DFM without Centralised Research; I - IFA,No,"1,001-5,000",3514,sjpp.co.uk/bruceaharvey
https://financialadvisers.co.uk/financial-planning/lanark/?pl_p=12&pl_m=40,Hina Zia,I - IFA,No,"1,001-5,000",3514,hinaziawm.co.uk
https://financialadvisers.co.uk/financial-planning/lanark/?pl_p=12&pl_m=40,Alexanders Wealth Management Ltd,I - IFA,No,1-10,3,alexanderswm.co.uk
https://financialadvisers.co.uk/financial-planning/lanark/?pl_p=12&pl_m=40,Bradley Financial Planning Ltd,I - IFA,No,,,paulinebulloch.co.uk
https://financialadvisers.co.uk/financial-planning/lanark/?pl_p=12&pl_m=40,Dean Financial Management Limited,I - IFA,No,"1,001-5,000",3514,partnership.sjp.co.uk/partner/deanfinancialmanagement
https://financialadvisers.co.uk/financial-planning/lanark/?pl_p=13&pl_m=40,Jill Young,I - IFA,No,"1,001-5,000",3514,partnership.sjp.co.uk/partner/jillyoungwm
https://financialadvisers.co.uk/financial-planning/lanark/?pl_p=13&pl_m=40,John Cumming,I - DFM without Centralised Research; I - IFA,No,"1,001-5,000",3514,sjpp.co.uk/johncumming
https://financialadvisers.co.uk/financial-planning/lanark/?pl_p=13&pl_m=40,Stuart Aitken,I - IFA,No,,,lochranzawealth.co.uk
https://financialadvisers.co.uk/financial-planning/lanark/?pl_p=13&pl_m=40,Jagdip Bhandal,I - IFA,No,,,singhwealth.co.uk
https://financialadvisers.co.uk/financial-planning/lanark/?pl_p=13&pl_m=40,Daniele Tuveri,I - IFA,No,"1,001-5,000",3514,glenstonewealth.co.uk
https://financialadvisers.co.uk/financial-planning/lanark/?pl_p=13&pl_m=40,Daniel Burke,I - IFA,No,"1,001-5,000",3514,partnership.sjp.co.uk/partner/danielburke
https://financialadvisers.co.uk/financial-planning/lanark/?pl_p=13&pl_m=40,Kevin Pinkerton,I - IFA,No,,,kevinpinkerton.co.uk
https://financialadvisers.co.uk/financial-planning/lanark/?pl_p=13&pl_m=40,Gemmell & Co Wealth Management Ltd,I - IFA,No,,,williamgemmell.co.uk
https://financialadvisers.co.uk/financial-planning/lanark/?pl_p=13&pl_m=40,Craig Paterson,I - DFM without Centralised Research; I - IFA,No,"1,001-5,000",3514,sjpp.co.uk/craigpaterson
https://financialadvisers.co.uk/financial-planning/lanark/?pl_p=13&pl_m=40,Cowan Financial Consultants Limited,I - IFA,No,,,cowanfinancial.co.uk
https://financialadvisers.co.uk/financial-planning/lanark/?pl_p=13&pl_m=40,Adam Edward Tweedie,I - IFA,No,,,covewealth.co.uk
https://financialadvisers.co.uk/financial-planning/lanark/?pl_p=13&pl_m=40,Renata Cook Wealth Management Ltd,I - IFA,No,1,1,rcwealthmanagement.co.uk
https://financialadvisers.co.uk/financial-planning/lanark/?pl_p=13&pl_m=40,William Wallace Wealth Management,I - Asset Manager with Multi-Asset; I - IFA,No,"1,001-5,000",2488,lgim.com
https://financialadvisers.co.uk/financial-planning/lanark/?pl_p=13&pl_m=40,Save & Invest FT Limited,I - IFA,No,,,saveandinvest.co.uk
https://financialadvisers.co.uk/financial-planning/lanark/?pl_p=13&pl_m=40,Save & Invest (Financial Planning) Limited,I - IFA,No,,,saveandinvest.com
https://financialadvisers.co.uk/financial-planning/lanark/?pl_p=14&pl_m=40,Bonum Wealth Ltd,I - IFA,No,1-10,5,bonumwealth.co.uk
https://financialadvisers.co.uk/financial-planning/lanark/?pl_p=14&pl_m=40,The Wealth Office Ltd,I - IFA,No,1-10,2,thewealthoffice.co.uk
https://financialadvisers.co.uk/financial-planning/lanark/?pl_p=14&pl_m=40,Gilliland Neilson Brown Limited,I - IFA,No,1-10,6,gnbfs.co.uk
https://financialadvisers.co.uk/financial-planning/lanark/?pl_p=14&pl_m=40,Kenneth Ross Independent Financial Advisers Ltd,I - IFA,No,,,kennethross.co.uk
https://financialadvisers.co.uk/financial-planning/lanark/?pl_p=14&pl_m=40,D L Bloomer Limited,I - IFA,No,,,dlbloomer.com
https://financialadvisers.co.uk/financial-planning/lanark/?pl_p=14&pl_m=40,McLay McAlister (Financial Services) Limited,I - IFA,No,11-50,14,mmmca.co.uk
https://financialadvisers.co.uk/financial-planning/lanark/?pl_p=14&pl_m=40,Advanta Direct Ltd,I - IFA,No,51-200,156,mooreifa.co.uk
https://financialadvisers.co.uk/financial-planning/lanark/?pl_p=14&pl_m=40,Forrest Financial Management Limited,I - IFA,No,1-10,3,forrestfinancialmanagement.co.uk
https://financialadvisers.co.uk/financial-planning/lanark/?pl_p=14&pl_m=40,Investax Limited,I - IFA,No,,,investaxlimited.co.uk
https://financialadvisers.co.uk/financial-planning/lanark/?pl_p=14&pl_m=40,Argyle Consulting Ltd,I - IFA,No,11-50,37,argyleconsulting.co.uk
https://financialadvisers.co.uk/financial-planning/lanark/?pl_p=14&pl_m=40,Edgar Financial Advice Limited,I - IFA,No,,,edgarfinancial.co.uk
https://financialadvisers.co.uk/financial-planning/lanark/?pl_p=14&pl_m=40,Gregory Jenkins,,,,,
https://financialadvisers.co.uk/financial-planning/lanark/?pl_p=14&pl_m=40,VWM Consulting Limited,I - IFA,No,1-10,9,vwmwealth.com
https://financialadvisers.co.uk/financial-planning/lanark/?pl_p=14&pl_m=40,Whiteleigh Financial Planning Ltd,I - IFA,No,"1,001-5,000",3514,partnership.sjp.co.uk/robertmcilroy
https://financialadvisers.co.uk/financial-planning/lanark/?pl_p=14&pl_m=40,Paterson Financial Planning Ltd,I - IFA,No,1-10,6,patersonfp.co.uk
https://financialadvisers.co.uk/financial-planning/lanark/?pl_p=15&pl_m=40,CORRAN FINANCIAL LTD,I - IFA,No,11-50,19,justfinancialgroup.co.uk
https://financialadvisers.co.uk/financial-planning/lanark/?pl_p=15&pl_m=40,Just Financial Group Ltd,I - IFA,No,11-50,19,Justfinancialgroup.co.uk
https://financialadvisers.co.uk/financial-planning/lanark/?pl_p=15&pl_m=40,Bright Rivers Wealth Management Ltd,I - IFA,No,11-50,19,justfinancialgroup.co.uk
https://financialadvisers.co.uk/financial-planning/lanark/?pl_p=15&pl_m=40,RA Financial Planning Limited,I - IFA,No,11-50,6,WWW.KELVINFP.COM
https://financialadvisers.co.uk/financial-planning/lanark/?pl_p=15&pl_m=40,DC Premier Wealth Management Limited,I - IFA,No,11-50,19,justfinancialgroup.co.uk
https://financialadvisers.co.uk/financial-planning/lanark/?pl_p=15&pl_m=40,Kelvin Financial Planning Limited,I - IFA,No,11-50,6,kelvinfp.com
https://financialadvisers.co.uk/financial-planning/lanark/?pl_p=15&pl_m=40,Martin Aitken Financial Services Limited,I - IFA,No,11-50,10,mafsltd.co.uk
https://financialadvisers.co.uk/financial-planning/lanark/?pl_p=15&pl_m=40,Muir Brown Limited,I - IFA,No,,,muirbrown.com
https://financialadvisers.co.uk/financial-planning/lanark/?pl_p=15&pl_m=40,Elite Financial Advice Ltd,I - IFA,No,,,elitefinancialadvice.co.uk
https://financialadvisers.co.uk/financial-planning/lanark/?pl_p=15&pl_m=40,"Wright, Johnston & MacKenzie LLP",I - IFA,No,51-200,120,wjm.co.uk
https://financialadvisers.co.uk/financial-planning/lanark/?pl_p=15&pl_m=40,Brian Close Wealth Management Limited,I - IFA,No,201-500,323,brianclose.2plan.com
https://financialadvisers.co.uk/financial-planning/lanark/?pl_p=15&pl_m=40,Kelvin Smith Financial Planning Ltd,I - IFA,No,11-50,23,kelvinsmith.com
https://financialadvisers.co.uk/financial-planning/lanark/?pl_p=15&pl_m=40,M B Financial Planning Limited,I - IFA,No,,,mbfp.co.uk
https://financialadvisers.co.uk/financial-planning/lanark/?pl_p=15&pl_m=40,Mandan Financial Management,I - IFA,No,,,mandanifa.co.uk
https://financialadvisers.co.uk/financial-planning/lanark/?pl_p=15&pl_m=40,Aspire Wealth (Scotland) Limited,I - IFA,No,,,aspirewealthscotland.com
https://financialadvisers.co.uk/financial-planning/lanark/?pl_p=16&pl_m=40,Stewart Asset Management Limited,I - IFA,No,,,stewartassetmanagement.co.uk
https://financialadvisers.co.uk/financial-planning/lanark/?pl_p=16&pl_m=40,Advanced Asset Consultants Ltd,I - IFA,No,,,advancedasset.co.uk
https://financialadvisers.co.uk/financial-planning/lanark/?pl_p=16&pl_m=40,R & G FINANCIAL SERVICES LTD,I - IFA,No,1-10,12,randgfinancial.co.uk
https://financialadvisers.co.uk/financial-planning/lanark/?pl_p=16&pl_m=40,Thomson Financial Consultancy,I - IFA,No,,,thomsonfc.co.uk
https://financialadvisers.co.uk/financial-planning/lanark/?pl_p=16&pl_m=40,Holland (Glasgow) Insurance Brokers Ltd,I - IFA,No,,,hollandinsurancebrokers.com
https://financialadvisers.co.uk/financial-planning/lanark/?pl_p=16&pl_m=40,Paul Simons,,,,,
https://financialadvisers.co.uk/financial-planning/lanark/?pl_p=16&pl_m=40,Finesco Financial Services Limited,I - IFA,No,,6,finesco.com
https://financialadvisers.co.uk/financial-planning/lanark/?pl_p=16&pl_m=40,FD Wealth Ltd,I - IFA,No,,,fdwealth.co.uk
https://financialadvisers.co.uk/financial-planning/lanark/?pl_p=16&pl_m=40,APC Financial Solutions and Consultancy Services Limited,I - IFA,No,,,apcfinancial.co.uk
https://financialadvisers.co.uk/financial-planning/lanark/?pl_p=16&pl_m=40,Citypoint Wealth Limited,I - IFA,No,,,citypointwealth.uk
https://financialadvisers.co.uk/financial-planning/lanark/?pl_p=16&pl_m=40,Rosemount Asset Management Ltd,I - IFA,No,,,rosemountasset.co.uk
https://financialadvisers.co.uk/financial-planning/lanark/?pl_p=16&pl_m=40,Kyle Consulting Ltd,I - IFA,No,1-10,,kyleconsulting.co.uk
https://financialadvisers.co.uk/financial-planning/lanark/?pl_p=16&pl_m=40,Strategic Retirement Solutions Ltd,I - IFA,No,,,srsifa.co.uk
https://financialadvisers.co.uk/financial-planning/lanark/?pl_p=16&pl_m=40,Stewart Financial Management Limited,I - IFA,No,,,stewartfm.co.uk
https://financialadvisers.co.uk/financial-planning/lanark/?pl_p=16&pl_m=40,Thomson McCallum Ltd,I - IFA,No,1-10,1,thomsonmccallum.co.uk
https://financialadvisers.co.uk/financial-planning/lanark/?pl_p=17&pl_m=40,Paton Wealth Management Limited,I - IFA,No,1-10,1,patonwealthmanagement.co.uk
https://financialadvisers.co.uk/financial-planning/lanark/?pl_p=17&pl_m=40,Capital Managers LLP,I - IFA,No,,5,capitalmanagers.co.uk
https://financialadvisers.co.uk/financial-planning/lanark/?pl_p=17&pl_m=40,Maplewood Wealth Management Ltd.,I - IFA,No,,,maplewoodwealth.co.uk
https://financialadvisers.co.uk/financial-planning/lanark/?pl_p=17&pl_m=40,Whitebridge Financial Services Ltd,,,,,
https://financialadvisers.co.uk/financial-planning/lanark/?pl_p=17&pl_m=40,MJS Financial Ltd,I - IFA,No,,,mjsfinancialmanagement.co.uk
https://financialadvisers.co.uk/financial-planning/lanark/?pl_p=17&pl_m=40,Simple Financial Services Ltd,I - IFA,No,1-10,,simplefinancial.co.uk
https://financialadvisers.co.uk/financial-planning/lanark/?pl_p=17&pl_m=40,S K Nanda Financial Services,,,,,
https://financialadvisers.co.uk/financial-planning/lanark/?pl_p=17&pl_m=40,Blackmount Private Wealth Limited,I - IFA,No,1-10,2,blackmountwealth.co.uk
https://financialadvisers.co.uk/financial-planning/lanark/?pl_p=17&pl_m=40,Castlebank Financial Planning Limited,I - IFA,No,1-10,,castle-bank.co.uk
https://financialadvisers.co.uk/financial-planning/lanark/?pl_p=17&pl_m=40,Melrose Wemyss Associates Limited,I - IFA,No,,,mwassocites.net
https://financialadvisers.co.uk/financial-planning/lanark/?pl_p=17&pl_m=40,Semple Buchan Financial Management Ltd,,,,,
https://financialadvisers.co.uk/financial-planning/lanark/?pl_p=17&pl_m=40,EK Mortgage Advice Ltd,I - IFA,No,1-10,7,fpoptions.co.uk
https://financialadvisers.co.uk/financial-planning/lanark/?pl_p=17&pl_m=40,Castlebay Investment Partners LLP,I - IFA,No,1-10,4,castlebayinvestments.com
https://financialadvisers.co.uk/financial-planning/lanark/?pl_p=17&pl_m=40,Davidson Asset Management Limited,I - IFA,No,11-50,15,damgoodpensions.com
https://financialadvisers.co.uk/financial-planning/lanark/?pl_p=17&pl_m=40,EIS Financial Services Ltd,I - IFA,No,11-50,12,eisfs.co.uk
https://financialadvisers.co.uk/financial-planning/lanark/?pl_p=18&pl_m=40,Cleveden Park Wealth Ltd,I - IFA,No,1-10,11,clevedenparkwealth.co.uk
https://financialadvisers.co.uk/financial-planning/lanark/?pl_p=18&pl_m=40,Echo Wealth Management Limited,I - IFA,No,,,echowealth.co.uk
https://financialadvisers.co.uk/financial-planning/lanark/?pl_p=18&pl_m=40,ILM Financial Limited,I - IFA,No,1-10,5,ilmfinancial.co.uk
https://financialadvisers.co.uk/financial-planning/lanark/?pl_p=18&pl_m=40,Independent Financial Strategies Ltd,I - IFA,No,11-50,27,clarkgillone.co.uk
https://financialadvisers.co.uk/financial-planning/lanark/?pl_p=18&pl_m=40,Nexus Wealth Planning Ltd,I - IFA,No,,,nexuswp.co.uk
https://financialadvisers.co.uk/financial-planning/lanark/?pl_p=18&pl_m=40,Colin R Bauld,I - IFA,No,,,finchwealth.com
https://financialadvisers.co.uk/financial-planning/lanark/?pl_p=18&pl_m=40,Interactive Wealth Management Limited,I - IFA,No,1-10,3,interactivewealth.co.uk
https://financialadvisers.co.uk/financial-planning/lanark/?pl_p=18&pl_m=40,Orr Kerr Dykes Financial Services Limited,I - IFA,No,,,okdfs.co.uk
https://financialadvisers.co.uk/financial-planning/lanark/?pl_p=18&pl_m=40,Optimize Financial Solutions Limited,I - DFM without Centralised Research; I - IFA,No,11-50,14,kpwinvestments.co.uk
https://financialadvisers.co.uk/financial-planning/lanark/?pl_p=18&pl_m=40,Begley Brown Financial Solutions Ltd,I - IFA,No,,,begleybrown.co.uk
https://financialadvisers.co.uk/financial-planning/lanark/?pl_p=18&pl_m=40,KPW Investments LLP,I - DFM without Centralised Research; I - IFA,No,11-50,14,kpwinvestments.co.uk
https://financialadvisers.co.uk/financial-planning/lanark/?pl_p=18&pl_m=40,The Internet IFA Ltd,I - IFA,No,,,adassociates.co.uk
https://financialadvisers.co.uk/financial-planning/lanark/?pl_p=18&pl_m=40,Professional Money Management Ltd,I - IFA,No,11-50,2,personalmm.co.uk
https://financialadvisers.co.uk/financial-planning/lanark/?pl_p=18&pl_m=40,Rainbow Consulting (Scot) Limited,I - IFA,No,,,rcons.co.uk
https://financialadvisers.co.uk/financial-planning/lanark/?pl_p=18&pl_m=40,Thomson Ferrie LLP,I - IFA,No,1-10,2,thomsonferrie.co.uk
https://financialadvisers.co.uk/financial-planning/lanark/?pl_p=19&pl_m=40,Mackenzie Taylor Asset Management Limited,I - IFA,No,,,mtassetmanagement.co.uk
https://financialadvisers.co.uk/financial-planning/lanark/?pl_p=19&pl_m=40,Henderson Stone & Co Ltd,I - IFA,No,1-10,15,hendersonstone.co.uk
https://financialadvisers.co.uk/financial-planning/lanark/?pl_p=19&pl_m=40,Leven Wealth Management Limited,I - IFA,No,,,levenwealth.co.uk
https://financialadvisers.co.uk/financial-planning/lanark/?pl_p=19&pl_m=40,Henderson Stone Asset Management Limited,I - IFA,No,,,pensionadvicescotland.com
https://financialadvisers.co.uk/financial-planning/lanark/?pl_p=19&pl_m=40,Synergy Financial Planning Limited,I - IFA,No,11-50,38,aabwealth.uk
https://financialadvisers.co.uk/financial-planning/lanark/?pl_p=19&pl_m=40,Resolute Financial Advisers LLP,I - IFA,No,,,resolutefa.co.uk
https://financialadvisers.co.uk/financial-planning/lanark/?pl_p=19&pl_m=40,Forthview Financial Planning Ltd,I - IFA,No,"5,001-10,000",2710,mandgwealth.com/forthviewfinancialplanning
https://financialadvisers.co.uk/financial-planning/lanark/?pl_p=19&pl_m=40,CIB Financial Management Limited,I - IFA,No,,,cibfinancialmanagement.co.uk
https://financialadvisers.co.uk/financial-planning/lanark/?pl_p=19&pl_m=40,Darsco Wealth MGMT Limited,I - IFA,No,,,darscowealth.co.uk
https://financialadvisers.co.uk/financial-planning/lanark/?pl_p=19&pl_m=40,McLeod Ross Financial Planning LLP,I - IFA,No,1-10,2,mcleodross.com
https://financialadvisers.co.uk/financial-planning/lanark/?pl_p=19&pl_m=40,MB Wealth Management Limited,I - IFA,No,,,mbwealthmanagement.co.uk
https://financialadvisers.co.uk/financial-planning/lanark/?pl_p=19&pl_m=40,Professional Wealth Planning Limited,I - IFA,No,,,pwplan.co.uk
https://financialadvisers.co.uk/financial-planning/lanark/?pl_p=19&pl_m=40,Shipra Kohli,,,,,
https://financialadvisers.co.uk/financial-planning/lanark/?pl_p=19&pl_m=40,Fraser & Reid Wealth Management Limited,I - IFA,No,,,frwml.co.uk
https://financialadvisers.co.uk/financial-planning/lanark/?pl_p=19&pl_m=40,Ralph M Mitchell Financial Planning Ltd,I - IFA,No,"501-1,000",753,openwork.uk.com
https://financialadvisers.co.uk/financial-planning/lanark/?pl_p=20&pl_m=40,Hicks & McNish LLP,I - IFA,No,,,hicksandmcnish.org
https://financialadvisers.co.uk/financial-planning/lanark/?pl_p=20&pl_m=40,A&G Financial Planning Limited,I - IFA,No,"5,001-10,000",2710,mandgwealth.com/aandgfinancialplanning
https://financialadvisers.co.uk/financial-planning/lanark/?pl_p=20&pl_m=40,DPB Wealth Management Limited,-,Yes,1,,dpbwealth.co.uk
https://financialadvisers.co.uk/financial-planning/lanark/?pl_p=20&pl_m=40,Apex Mortgage Advice Limited,,,,,
https://financialadvisers.co.uk/financial-planning/lanark/?pl_p=20&pl_m=40,Tweed Wealth Management Ltd,I - IFA,No,11-50,24,tweedwealth.co.uk
https://financialadvisers.co.uk/financial-planning/lanark/?pl_p=20&pl_m=40,Balatoni Financial Planning Ltd,I - IFA,No,"1,001-5,000",3514,partnership.sjp.co.uk/partner/conradbalatoni
https://financialadvisers.co.uk/financial-planning/lanark/?pl_p=20&pl_m=40,Calcluth and Sangster Limited,I - IFA,No,,,calcuthandsangsterfs.co.uk
https://financialadvisers.co.uk/financial-planning/lanark/?pl_p=20&pl_m=40,Calcluth & Sangster (Financial Services) Limited,I - IFA,No,,8,calcluthandsangster.co.uk
https://financialadvisers.co.uk/financial-planning/lanark/?pl_p=20&pl_m=40,Capital Independent Financial Consultants Ltd,I - IFA,No,1-10,1,capitalifc.com
https://financialadvisers.co.uk/financial-planning/lanark/?pl_p=20&pl_m=40,INVEST RETIRE PROTECT LTD,I - IFA,No,"5,001-10,000",2710,mandgwealth.com/investretireprotect
https://financialadvisers.co.uk/financial-planning/lanark/?pl_p=20&pl_m=40,Alistair Craig Financial Services Ltd,I - IFA,No,"10,000+",12050,bakermckenzie.com
https://financialadvisers.co.uk/financial-planning/lanark/?pl_p=20&pl_m=40,Venture Financial Services Ltd,I - IFA,No,1-10,1,venturefinancial.co.uk
https://financialadvisers.co.uk/financial-planning/lanark/?pl_p=20&pl_m=40,Aitken Financial Services Ltd,I - IFA,No,1-10,2,aitkenfs.co.uk
https://financialadvisers.co.uk/financial-planning/lanark/?pl_p=20&pl_m=40,Personal Investment Planning Ltd,I - IFA,No,,,pipglasgow.co.uk
https://financialadvisers.co.uk/financial-planning/lanark/?pl_p=20&pl_m=40,Scotia Independent Financial Services,I - IFA,No,11-50,3,scotiaindependent.com
https://financialadvisers.co.uk/financial-planning/lanark/?pl_p=21&pl_m=40,Arthur & O’Brien,I - Asset Manager with Multi-Asset; I - IFA,No,"5,001-10,000",2710,mandg.com
https://financialadvisers.co.uk/financial-planning/lanark/?pl_p=21&pl_m=40,Astute Invest Ltd,I - IFA,No,11-50,,astuteinvest.co.uk
https://financialadvisers.co.uk/financial-planning/lanark/?pl_p=21&pl_m=40,Money Advice & Planning Ltd,I - IFA,No,1-10,16,mapfinances.co.uk
https://financialadvisers.co.uk/financial-planning/lanark/?pl_p=21&pl_m=40,Farrell Financial Planning Limited,I - IFA,No,1-10,2,ffpgroup.co.uk
https://financialadvisers.co.uk/financial-planning/lanark/?pl_p=21&pl_m=40,Lamont Financial Planners Ltd,I - IFA,No,"501-1,000",753,openwork.uk.com
https://financialadvisers.co.uk/financial-planning/lanark/?pl_p=21&pl_m=40,Strategic Wealth Solutions Limited,I - IFA,No,1-10,5,strategicwealthsolutions.co.uk
https://financialadvisers.co.uk/financial-planning/lanark/?pl_p=21&pl_m=40,4ways Financial Solutions LLP,I - IFA,No,,,4waysfinancialsolutions.co.uk
https://financialadvisers.co.uk/financial-planning/lanark/?pl_p=21&pl_m=40,PFM Financial Ltd,I - IFA,No,,,pfmfinancial.co.uk
https://financialadvisers.co.uk/financial-planning/lanark/?pl_p=21&pl_m=40,Macfarlane Wealth Management Ltd,I - IFA,No,,,macwealth.co.uk
https://financialadvisers.co.uk/financial-planning/lanark/?pl_p=21&pl_m=40,Peter Reilly,I - IFA,No,,,prfinancial.co.uk
https://financialadvisers.co.uk/financial-planning/lanark/?pl_p=21&pl_m=40,Selwyn Goldberg,I - IFA,No,,,millernairngoldberg.co.uk
https://financialadvisers.co.uk/financial-planning/lanark/?pl_p=21&pl_m=40,Mr Peter John Shandley,,,,,
https://financialadvisers.co.uk/financial-planning/lanark/?pl_p=21&pl_m=40,Macdonalds Independent Financial Advisers Limited,,,,,
https://financialadvisers.co.uk/financial-planning/lanark/?pl_p=21&pl_m=40,Alasdair McLeish,I - IFA,No,"1,001-5,000",3514,kingsburghwealth.com
https://financialadvisers.co.uk/financial-planning/lanark/?pl_p=21&pl_m=40,Pollock Financial Planning LTD,I - IFA,No,"5,001-10,000",2710,mandgwealth.com/pollockfinancialplanning
https://financialadvisers.co.uk/financial-planning/lanark/?pl_p=22&pl_m=40,Bespoke Retirements Limited,I - IFA,No,1-10,10,guiide.co.uk
https://financialadvisers.co.uk/financial-planning/lanark/?pl_p=22&pl_m=40,Skyridge Financial Planning LLP,I - IFA,No,,,skyridgefinancial.co.uk
https://financialadvisers.co.uk/financial-planning/lanark/?pl_p=22&pl_m=40,St Clair Financial Planning Ltd,I - IFA,No,,1,stclairfinancialplanning.co.uk
https://financialadvisers.co.uk/financial-planning/lanark/?pl_p=22&pl_m=40,Lockhart Grey Financial Planning Ltd,I - IFA,No,1-10,,lockhartgrey.co.uk
https://financialadvisers.co.uk/financial-planning/lanark/?pl_p=22&pl_m=40,Torphin Financial Planning Ltd,I - IFA,No,1-10,2,torphin.co.uk
https://financialadvisers.co.uk/financial-planning/lanark/?pl_p=22&pl_m=40,ARIES FINANCIAL LTD,I - IFA,No,1-10,4,ariesfinancial.co.uk
https://financialadvisers.co.uk/financial-planning/lanark/?pl_p=22&pl_m=40,Argyll Independent Ltd,I - IFA,No,"5,001-10,000",1289,argyll-bute.gov.uk
https://financialadvisers.co.uk/financial-planning/lanark/?pl_p=22&pl_m=40,Grant Morrison,I - IFA,No,,,scopefinancial.co.uk
https://financialadvisers.co.uk/financial-planning/lanark/?pl_p=22&pl_m=40,Garthland Wealth Limited,I - IFA,No,"1,001-5,000",3514,partnership.sjp.co.uk/partner/robertheron
https://financialadvisers.co.uk/financial-planning/lanark/?pl_p=22&pl_m=40,CNB Wealth Management Limited,I - IFA,No,"1,001-5,000",3514,partnership.sjp.co.uk/partner/chrisbrown
https://financialadvisers.co.uk/financial-planning/lanark/?pl_p=22&pl_m=40,Advanced Financial Strategies Ltd,I - IFA,No,,,advancedfinancialstrategies.co.uk
https://financialadvisers.co.uk/financial-planning/lanark/?pl_p=22&pl_m=40,Rutherford Asset Management Ltd,I - IFA,No,11-50,,rutherfordassetmanagement.co.uk
https://financialadvisers.co.uk/financial-planning/lanark/?pl_p=22&pl_m=40,James Anderson Barr t/a Anderson Barr Consultants,I - IFA,No,,1,andersonbarrconsultants.co.uk
https://financialadvisers.co.uk/financial-planning/lanark/?pl_p=22&pl_m=40,James Irvine Financial Planning Limited,,,,,
https://financialadvisers.co.uk/financial-planning/lanark/?pl_p=22&pl_m=40,Independent Financial Advice Centre (Glasgow) Ltd,I - IFA,No,1-10,11,ifacentre.net
https://financialadvisers.co.uk/financial-planning/lanark/?pl_p=23&pl_m=40,Financial Planning Options Ltd,I - IFA,No,1-10,7,fpoptions.co.uk
https://financialadvisers.co.uk/financial-planning/lanark/?pl_p=23&pl_m=40,Amjen Financial Planning Limited,,,,,
https://financialadvisers.co.uk/financial-planning/lanark/?pl_p=23&pl_m=40,Neil Mitchell,I - IFA,No,,,neilmitchellwealth.com
https://financialadvisers.co.uk/financial-planning/lanark/?pl_p=23&pl_m=40,Milne Craig,I - IFA,No,51-200,78,milnecraig.co.uk
https://financialadvisers.co.uk/financial-planning/lanark/?pl_p=23&pl_m=40,Wisdom Consulting Limited,I - IFA,No,1-10,,wisdomconsulting.co.uk
https://financialadvisers.co.uk/financial-planning/lanark/?pl_p=23&pl_m=40,Independent First Limited,I - IFA,No,,,independentfirst.com
https://financialadvisers.co.uk/financial-planning/lanark/?pl_p=23&pl_m=40,Cochran Dickie & MacKenzie Limited,I - IFA,No,1-10,11,cochrandickie.co.uk
https://financialadvisers.co.uk/financial-planning/lanark/?pl_p=23&pl_m=40,Seven Hills Financial Planning Ltd,I - IFA,No,1-10,7,sevenhillswealth.co.uk
https://financialadvisers.co.uk/financial-planning/lanark/?pl_p=23&pl_m=40,Jim McArthur Independent Financial Services Limited,,,,,
https://financialadvisers.co.uk/financial-planning/lanark/?pl_p=23&pl_m=40,Kilgour Wealth Management Limited,I - IFA,No,,,kilgourwealth.co.uk
https://financialadvisers.co.uk/financial-planning/lanark/?pl_p=23&pl_m=40,Julie McIntosh Ltd,I - IFA,No,,,juliemcintosh.com
https://financialadvisers.co.uk/financial-planning/lanark/?pl_p=23&pl_m=40,Platinum Financial Partners Ltd,,,,,
https://financialadvisers.co.uk/financial-planning/lanark/?pl_p=23&pl_m=40,Grange Wealth Management Ltd,I - IFA,No,,,grangewealth.co.uk
https://financialadvisers.co.uk/financial-planning/lanark/?pl_p=23&pl_m=40,Gowans Wealth Management Limited,I - IFA,No,,,gowanswealth.co.uk
https://financialadvisers.co.uk/financial-planning/lanark/?pl_p=23&pl_m=40,Arthur Beverly Financial Management Limited,I - IFA,No,1-10,4,abfm.co.uk
https://financialadvisers.co.uk/financial-planning/lanark/?pl_p=24&pl_m=40,Alan Roderick Thomson Waugh,I - IFA,No,,,agilityfinancialmanagement.co.uk
https://financialadvisers.co.uk/financial-planning/lanark/?pl_p=24&pl_m=40,D2 Financial Solutions (UK) Ltd,I - IFA,No,11-50,37,d2cs.com
https://financialadvisers.co.uk/financial-planning/lanark/?pl_p=24&pl_m=40,Kate Philip,I - IFA,No,,,katephilip.com
https://financialadvisers.co.uk/financial-planning/lanark/?pl_p=24&pl_m=40,Neil Renton,I - IFA,No,,,futurefinancialservices.co.uk
https://financialadvisers.co.uk/financial-planning/lanark/?pl_p=24&pl_m=40,St Andrew's Square Asset Management Limited,I - IFA,No,,,standrewssqam.co.uk
https://financialadvisers.co.uk/financial-planning/lanark/?pl_p=24&pl_m=40,Jane Ballantyne Limited,I - DFM without Centralised Research; I - IFA,No,"1,001-5,000",3514,sjpp.co.uk/janeballantyne
https://financialadvisers.co.uk/financial-planning/lanark/?pl_p=24&pl_m=40,Keith Marwick,I - DFM without Centralised Research; I - IFA,No,"1,001-5,000",3514,sjpp.co.uk/keithmarwick
https://financialadvisers.co.uk/financial-planning/lanark/?pl_p=24&pl_m=40,Newark Wealth Ltd,I - IFA,No,1-10,5,newarkwealth.co.uk
https://financialadvisers.co.uk/financial-planning/lanark/?pl_p=24&pl_m=40,Steven Smith,I - IFA,No,"1,001-5,000",3514,partnership.sjp.co.uk/partner/stevensmithfp
https://financialadvisers.co.uk/financial-planning/lanark/?pl_p=24&pl_m=40,JC Roxburgh (Financial Services) Limited,I - IFA,No,11-50,11,roxburgh-group.co.uk
https://financialadvisers.co.uk/financial-planning/lanark/?pl_p=24&pl_m=40,Aspire Wealth Management Limited,I - IFA,No,1-10,4,aspireifa.co.uk
https://financialadvisers.co.uk/financial-planning/lanark/?pl_p=24&pl_m=40,SWC Independent Ltd,I - IFA,No,1-10,1,swcindependent.co.uk
https://financialadvisers.co.uk/financial-planning/lanark/?pl_p=24&pl_m=40,Michael Stokes,I - IFA,No,,,michaelstokes.co.uk
https://financialadvisers.co.uk/financial-planning/lanark/?pl_p=24&pl_m=40,Ken Binnie Financial Limited,I - IFA,No,1-10,2,kenbinniefinancialltd.co.uk
https://financialadvisers.co.uk/financial-planning/lanark/?pl_p=24&pl_m=40,Pellegrini & Barlow Associates Ltd,I - IFA,No,1-10,2,pellegriniandbarlowassociates.co.uk
https://financialadvisers.co.uk/financial-planning/lanark/?pl_p=25&pl_m=40,Paladin Financial Services Ltd,I - IFA,No,,,paladinfs.co.uk
https://financialadvisers.co.uk/financial-planning/lanark/?pl_p=25&pl_m=40,Crandles & Co Limited,I - IFA,No,,,crandlesandco.co.uk
https://financialadvisers.co.uk/financial-planning/lanark/?pl_p=25&pl_m=40,Verity Financial Planners Ltd,I - IFA,No,,5,verityfpl.co.uk
https://financialadvisers.co.uk/financial-planning/lanark/?pl_p=25&pl_m=40,Robson MacIntosh & Company Ltd,I - IFA,No,11-50,5,robmac.co.uk
https://financialadvisers.co.uk/financial-planning/lanark/?pl_p=25&pl_m=40,Carbon Financial Partners Ltd,I - IFA,No,11-50,41,carbonfinancial.co.uk
https://financialadvisers.co.uk/financial-planning/lanark/?pl_p=25&pl_m=40,Principal & Prosper Limited,I - IFA,No,11-50,42,principalandprosper.co.uk
https://financialadvisers.co.uk/financial-planning/lanark/?pl_p=25&pl_m=40,Amia Wealth Management Ltd,I - IFA,No,201-500,323,2plan.com
https://financialadvisers.co.uk/financial-planning/lanark/?pl_p=25&pl_m=40,Waverton Wealth Planning LLP,I - IFA,No,11-50,32,wavertonwealth.co.uk
https://financialadvisers.co.uk/financial-planning/lanark/?pl_p=25&pl_m=40,Forth Capital Advisers Limited,I - IFA,No,11-50,20,forthcapital.com
https://financialadvisers.co.uk/financial-planning/lanark/?pl_p=25&pl_m=40,QMPF Llp,I - IFA,No,11-50,17,qmpf.co.uk
https://financialadvisers.co.uk/financial-planning/lanark/?pl_p=25&pl_m=40,Mackay Hall Financial Services Limited,I - IFA,No,1-10,3,mackayhall.co.uk
https://financialadvisers.co.uk/financial-planning/lanark/?pl_p=25&pl_m=40,Anderson Strathern Asset Management Limited,I - DFM without Centralised Research; I - Financial Planning with DFM; I - IFA,No,11-50,25,andersonstrathernam.co.uk
https://financialadvisers.co.uk/financial-planning/lanark/?pl_p=25&pl_m=40,Cormack Wealth Management Limited,I - IFA,No,1-10,5,cormackwealthmanagement.co.uk
https://financialadvisers.co.uk/financial-planning/lanark/?pl_p=25&pl_m=40,LIFT-Advice Ltd,I - IFA,No,51-200,78,lift-financial.com
https://financialadvisers.co.uk/financial-planning/lanark/?pl_p=25&pl_m=40,Seonaidh McIntyre-Stephen,I - IFA,No,,,wpwfinancial.co.uk
https://financialadvisers.co.uk/financial-planning/lanark/?pl_p=26&pl_m=40,Hugo Cannon,I - IFA,No,1-10,2,cannoncapital.co.uk
https://financialadvisers.co.uk/financial-planning/lanark/?pl_p=26&pl_m=40,Darren Leslie,I - IFA,No,,,leslieam.co.uk
https://financialadvisers.co.uk/financial-planning/lanark/?pl_p=26&pl_m=40,Whites Financial Management Ltd,I - IFA,No,1-10,1,whitesfm.co.uk
https://financialadvisers.co.uk/financial-planning/lanark/?pl_p=26&pl_m=40,Jonathan Barkey,,,,,
https://financialadvisers.co.uk/financial-planning/lanark/?pl_p=26&pl_m=40,Alex Dockar,I - IFA,No,"1,001-5,000",3514,alexanderdockar.co.uk
https://financialadvisers.co.uk/financial-planning/lanark/?pl_p=26&pl_m=40,John Scott Davidson Ltd,I - IFA,No,"1,001-5,000",3514,partnership.sjp.co.uk/johnscottdavidson
https://financialadvisers.co.uk/financial-planning/lanark/?pl_p=26&pl_m=40,Angie Addison,I - IFA,No,,,angieaddisonfinancial.co.uk
https://financialadvisers.co.uk/financial-planning/lanark/?pl_p=26&pl_m=40,JKFS (UK) Ltd,I - IFA,No,,3,jkfs.com
https://financialadvisers.co.uk/financial-planning/lanark/?pl_p=26&pl_m=40,Takalani Mbedzi,I - IFA,No,"1,001-5,000",3514,partnership.sjp.co.uk/partner/taka
https://financialadvisers.co.uk/financial-planning/lanark/?pl_p=26&pl_m=40,Melville Independent plc,I - IFA,No,11-50,26,mi-plc.co.uk
https://financialadvisers.co.uk/financial-planning/lanark/?pl_p=26&pl_m=40,Wilkinson Wealth Ltd,I - IFA,No,,,davidwilkinsonsjp.co.uk
https://financialadvisers.co.uk/financial-planning/lanark/?pl_p=26&pl_m=40,Arlene Addison,I - IFA,No,"1,001-5,000",3514,partnership.sjp.co.uk/arleneaddison
https://financialadvisers.co.uk/financial-planning/lanark/?pl_p=26&pl_m=40,Gray Wealth Management Ltd,I - IFA,No,,,progressivewealth.co.uk
https://financialadvisers.co.uk/financial-planning/lanark/?pl_p=26&pl_m=40,Stephen Carmichael,I - IFA,No,"1,001-5,000",3514,partnership.sjp.co.uk/partner/carmichaelfinancialconsultancy
https://financialadvisers.co.uk/financial-planning/lanark/?pl_p=26&pl_m=40,James Boyd,I - IFA,No,,,jamesboydpractice.co.uk
https://financialadvisers.co.uk/financial-planning/lanark/?pl_p=27&pl_m=40,McLean & Partners Wealth Management Ltd,I - IFA,No,,,mcleanandpartnerswm.co.uk
https://financialadvisers.co.uk/financial-planning/lanark/?pl_p=27&pl_m=40,T R Barbour Financial Planning Ltd,I - IFA,No,,3,trbarbour.co.uk
https://financialadvisers.co.uk/financial-planning/lanark/?pl_p=27&pl_m=40,Hannon Financial Planning Ltd,I - IFA,No,,,hannonfinancialplanning.co.uk
https://financialadvisers.co.uk/financial-planning/lanark/?pl_p=27&pl_m=40,Louise Norman,,,,,
https://financialadvisers.co.uk/financial-planning/lanark/?pl_p=27&pl_m=40,Erin Mason,I - IFA,No,,,erinrosefinancial.co.uk
https://financialadvisers.co.uk/financial-planning/lanark/?pl_p=27&pl_m=40,Mark Neillings,Invalid domain,No,,,partnership.sjp.co.ukpartnermarkneillings
https://financialadvisers.co.uk/financial-planning/lanark/?pl_p=27&pl_m=40,Simon Boyd,I - IFA,No,"1,001-5,000",3514,partnership.sjp.co.uk/partner/simonboydfinancialmanagement
https://financialadvisers.co.uk/financial-planning/lanark/?pl_p=27&pl_m=40,Jenyfer Beardsley,I - IFA,No,,,jenybeardsley.co.uk
https://financialadvisers.co.uk/financial-planning/lanark/?pl_p=27&pl_m=40,Stuart McAdam,I - DFM without Centralised Research; I - IFA,No,"1,001-5,000",3514,sjpp.co.uk/stuartmcadam
https://financialadvisers.co.uk/financial-planning/lanark/?pl_p=27&pl_m=40,McMurtrie Wealth Management Ltd,I - IFA,No,,,mcmurtriewealthmanagement.co.uk
https://financialadvisers.co.uk/financial-planning/lanark/?pl_p=27&pl_m=40,Hastings Investment Management Limited,I - IFA,No,1-10,6,hastingsinvestment.com
https://financialadvisers.co.uk/financial-planning/lanark/?pl_p=27&pl_m=40,Peter Bell,I - IFA,No,,,andersonbellfinancial.co.uk
https://financialadvisers.co.uk/financial-planning/lanark/?pl_p=27&pl_m=40,Craig Davidson,I - IFA,No,"1,001-5,000",3514,partnership.sjp.co.uk/partner/cdavidsonfp
https://financialadvisers.co.uk/financial-planning/lanark/?pl_p=27&pl_m=40,Kevin Martin,I - IFA,No,,,kevinmartinwm.co.uk
https://financialadvisers.co.uk/financial-planning/lanark/?pl_p=27&pl_m=40,Olium Financial Management Ltd,Invalid domain,No,,,partnership.sjp.co.ukpartnerjacksonfinancial
https://financialadvisers.co.uk/financial-planning/lanark/?pl_p=28&pl_m=40,Maurice Macdonald Associates,,,,,
https://financialadvisers.co.uk/financial-planning/lanark/?pl_p=28&pl_m=40,Claire Macdonald,,,,,
https://financialadvisers.co.uk/financial-planning/lanark/?pl_p=28&pl_m=40,Wood Wealth Ltd,,,,,
https://financialadvisers.co.uk/financial-planning/lanark/?pl_p=28&pl_m=40,Ellen Langdon,I - IFA,No,1-10,1,ellenlangdonwm.co.uk
https://financialadvisers.co.uk/financial-planning/lanark/?pl_p=28&pl_m=40,Graham Lavin Wealth Management,I - IFA,No,,,grahamlavinwealthmanagement.co.uk
https://financialadvisers.co.uk/financial-planning/lanark/?pl_p=28&pl_m=40,Giles Porteous,I - IFA,No,,,robinson-porteous.co.uk
https://financialadvisers.co.uk/financial-planning/lanark/?pl_p=28&pl_m=40,PW & Partners Ltd,I - IFA,No,11-50,12,pwandpartners.co.uk
https://financialadvisers.co.uk/financial-planning/lanark/?pl_p=28&pl_m=40,David Melrose Wealth Management Limited,-,Yes,,,davidmelrosewm.co.uk
https://financialadvisers.co.uk/financial-planning/lanark/?pl_p=28&pl_m=40,Gilson Gray Financial Limited,I - IFA,No,,,gilsongrayfinancial.co.uk
https://financialadvisers.co.uk/financial-planning/lanark/?pl_p=28&pl_m=40,Bluesky Independent Wealth Managers Ltd,I - IFA,No,,,wealthatbluesky.com
https://financialadvisers.co.uk/financial-planning/lanark/?pl_p=28&pl_m=40,Calton Wealth Management Ltd,I - IFA,No,11-50,16,caltonwm.com
https://financialadvisers.co.uk/financial-planning/lanark/?pl_p=28&pl_m=40,Reddington Wealth Management Ltd,,,,,reddingtonfp.co.uk
https://financialadvisers.co.uk/financial-planning/lanark/?pl_p=28&pl_m=40,Clydebank Financial Services Ltd,I - IFA,No,,,clydebankmm.co.uk
https://financialadvisers.co.uk/financial-planning/lanark/?pl_p=28&pl_m=40,JMB Wealth Solutions Ltd,I - IFA,No,"1,001-5,000",3514,partnership.sjp.co.uk/partner/jmbwealthsolutions
https://financialadvisers.co.uk/financial-planning/lanark/?pl_p=28&pl_m=40,JM Independent Financial Advisers Ltd,I - IFA,No,,5,jmifa.co.uk
https://financialadvisers.co.uk/financial-planning/lanark/?pl_p=29&pl_m=40,Seven Street Wealth Ltd,I - IFA,No,,,7sw.co.uk
https://financialadvisers.co.uk/financial-planning/lanark/?pl_p=29&pl_m=40,AB1 Financial Planning Ltd,I - IFA,No,1-10,3,Ab1financial.com
https://financialadvisers.co.uk/financial-planning/lanark/?pl_p=29&pl_m=40,Bridge Investments Partners Limited,I - IFA,No,1-10,3,transformfp.com
https://financialadvisers.co.uk/financial-planning/lanark/?pl_p=29&pl_m=40,Nineteen87 Financial Ltd,,,,,
https://financialadvisers.co.uk/financial-planning/lanark/?pl_p=29&pl_m=40,Purpose Financial Planning Ltd,,,,,
https://financialadvisers.co.uk/financial-planning/lanark/?pl_p=29&pl_m=40,South Charlotte Wealth Management Limited,I - IFA,No,1-10,4,southcharlottewealth.com
https://financialadvisers.co.uk/financial-planning/lanark/?pl_p=29&pl_m=40,Eriskay Wealth Ltd,I - IFA,No,1,1,headsupwealth.co.uk
https://financialadvisers.co.uk/financial-planning/lanark/?pl_p=29&pl_m=40,Wealthflow Group Ltd,I - IFA,No,11-50,6,wealthflow.com
https://financialadvisers.co.uk/financial-planning/lanark/?pl_p=29&pl_m=40,Alpha Wealth Ltd,I - IFA,No,,,alphaifa.com
https://financialadvisers.co.uk/financial-planning/lanark/?pl_p=29&pl_m=40,Adrian Hanger,I - IFA,No,1-10,2,adhwealthmanagement.co.uk
https://financialadvisers.co.uk/financial-planning/lanark/?pl_p=29&pl_m=40,Hamilton Financial (Scotland) Ltd,I - IFA,No,1-10,7,hamilton-financial.co.uk
https://financialadvisers.co.uk/financial-planning/lanark/?pl_p=29&pl_m=40,George Gill Financial Services Ltd,,,,,
https://financialadvisers.co.uk/financial-planning/lanark/?pl_p=29&pl_m=40,Thomson Cooper,I - IFA,No,51-200,85,thomsoncooper.com
https://financialadvisers.co.uk/financial-planning/lanark/?pl_p=29&pl_m=40,Kingdom Investments Management Limited,I - IFA,No,11-50,23,kims-ltd.co.uk
https://financialadvisers.co.uk/financial-planning/lanark/?pl_p=29&pl_m=40,Morton Fraser MacRoberts LLP,I - IFA,No,201-500,423,mfmac.com
https://financialadvisers.co.uk/financial-planning/lanark/?pl_p=30&pl_m=40,CS Managers Ltd,I - DFM with Centralised Research; I - IFA,No,11-50,13,csmanagers.com
https://financialadvisers.co.uk/financial-planning/lanark/?pl_p=30&pl_m=40,Newton-Barr Limited,I - IFA,No,,,newtonbarr.co.uk
https://financialadvisers.co.uk/financial-planning/lanark/?pl_p=30&pl_m=40,McHardy Private Wealth Ltd,I - IFA,No,,,mchardyprivatewealth.co.uk
https://financialadvisers.co.uk/financial-planning/lanark/?pl_p=30&pl_m=40,Charlotte Square Partners Limited,Invalid domain,No,,,charlottesquare.partners
https://financialadvisers.co.uk/financial-planning/lanark/?pl_p=30&pl_m=40,Futurity Financial Services Limited,I - IFA,No,1-10,,futurity-fs.com
https://financialadvisers.co.uk/financial-planning/lanark/?pl_p=30&pl_m=40,Rossie House Investment Management LLP,I - IFA,No,11-50,6,rossiehouse.com
https://financialadvisers.co.uk/financial-planning/lanark/?pl_p=30&pl_m=40,Callidus Wealth Management Ltd,I - IFA,No,,,calliduswm.co.uk
https://financialadvisers.co.uk/financial-planning/lanark/?pl_p=30&pl_m=40,Edinburgh Wealth Management Limited,I - IFA,No,1-10,4,edinburghwealthmanagement.co.uk
https://financialadvisers.co.uk/financial-planning/lanark/?pl_p=30&pl_m=40,Sutherland Independent Ltd,I - IFA,No,,,wsi-ltd.co.uk
https://financialadvisers.co.uk/financial-planning/lanark/?pl_p=30&pl_m=40,Nicholas Paul Wealth Management Limited,I - IFA,No,,,npwm.co.uk
https://financialadvisers.co.uk/financial-planning/lanark/?pl_p=30&pl_m=40,ESPC (UK) Ltd,I - IFA,No,51-200,55,espc.com
https://financialadvisers.co.uk/financial-planning/lanark/?pl_p=30&pl_m=40,North Capital Management Limited,I - DFM without Centralised Research; I - IFA,No,11-50,16,northcapital.co.uk
https://financialadvisers.co.uk/financial-planning/lanark/?pl_p=30&pl_m=40,A1 Financial Solutions Ltd,I - IFA,No,1-10,3,a1-financial.com
https://financialadvisers.co.uk/financial-planning/lanark/?pl_p=30&pl_m=40,Gosford Financial Services Ltd,I - IFA,No,,,gosfordfs.co.uk
https://financialadvisers.co.uk/financial-planning/lanark/?pl_p=30&pl_m=40,Prydis Wealth (Scotland) Limited,I - IFA,No,51-200,49,prydis.com
https://financialadvisers.co.uk/financial-planning/lanark/?pl_p=31&pl_m=40,Forbes Wealth Ltd,I - IFA,No,1-10,2,spentwell.co.uk
https://financialadvisers.co.uk/financial-planning/lanark/?pl_p=31&pl_m=40,MacBeth Currie Financial Services Limited,I - IFA,No,,,macbethcurrie.com
https://financialadvisers.co.uk/financial-planning/lanark/?pl_p=31&pl_m=40,Ravenstone Financial Ltd,I - IFA,No,1-10,4,ravenstone.uk.com
https://financialadvisers.co.uk/financial-planning/lanark/?pl_p=31&pl_m=40,Guthrie Wealth Consultancy Ltd,I - IFA,No,,,guthriewealthconsultancy.co.uk
https://financialadvisers.co.uk/financial-planning/lanark/?pl_p=31&pl_m=40,Ridland Wealth Management Limited,I - IFA,No,1-10,6,ridlandwealth.co.uk
https://financialadvisers.co.uk/financial-planning/lanark/?pl_p=31&pl_m=40,Cailean Limited,I - IFA,No,1-10,3,caileanltd.com
https://financialadvisers.co.uk/financial-planning/lanark/?pl_p=31&pl_m=40,Steven John O'Neill,I - IFA,No,,,sbcfinancial.co.uk
https://financialadvisers.co.uk/financial-planning/lanark/?pl_p=31&pl_m=40,Johnston Financial Limited,I - IFA,No,11-50,17,johnstonfinancial.co.uk
https://financialadvisers.co.uk/financial-planning/lanark/?pl_p=31&pl_m=40,Brandane Financial Services Ltd,I - IFA,No,,,brandaneifa.com
https://financialadvisers.co.uk/financial-planning/lanark/?pl_p=31&pl_m=40,336 Financial Management Limited,I - IFA,No,1-10,11,336fm.co.uk
https://financialadvisers.co.uk/financial-planning/lanark/?pl_p=31&pl_m=40,Executive Wealth Services Ltd,I - IFA,No,,,ewsfinancialadvisers.co.uk
https://financialadvisers.co.uk/financial-planning/lanark/?pl_p=31&pl_m=40,Anna Miller Wealth Management Ltd,I - IFA,No,,,anna.millerwm.co.uk
https://financialadvisers.co.uk/financial-planning/lanark/?pl_p=31&pl_m=40,J McGhee (Financial Consultant) Ltd,,,,,
https://financialadvisers.co.uk/financial-planning/lanark/?pl_p=31&pl_m=40,abrdn Client Management Limited,I - Asset Manager with Multi-Asset; I - DFM without Centralised Research; I - IFA,No,"5,001-10,000",5795,abrdn.com/en-gb/personal
https://financialadvisers.co.uk/financial-planning/lanark/?pl_p=31&pl_m=40,Stephen Walters Financial Planning Ltd,I - IFA,No,,,dexterityifa.com
https://financialadvisers.co.uk/financial-planning/lanark/?pl_p=32&pl_m=40,Wealthcare Independent Financial Planning Ltd,I - IFA,No,,,wealthcareifp.co.uk
https://financialadvisers.co.uk/financial-planning/lanark/?pl_p=32&pl_m=40,Murray John & Associates Ltd,I - IFA,No,"501-1,000",753,theopenworkpartnership.com
https://financialadvisers.co.uk/financial-planning/lanark/?pl_p=32&pl_m=40,Pension Advisers UK Limited,,,,,
https://financialadvisers.co.uk/financial-planning/lanark/?pl_p=32&pl_m=40,Wilkinson Financial Management Ltd,I - IFA,No,,,wilkinson-chartered.co.uk
https://financialadvisers.co.uk/financial-planning/lanark/?pl_p=32&pl_m=40,GMG Investment Managers Ltd,I - IFA,No,,,gmgim.co.uk
https://financialadvisers.co.uk/financial-planning/lanark/?pl_p=32&pl_m=40,Gerald Mulhern,,,,,
https://financialadvisers.co.uk/financial-planning/lanark/?pl_p=32&pl_m=40,Condies Wealth Strategies Limited,I - IFA,No,,,condieswealth.co.uk
https://financialadvisers.co.uk/financial-planning/lanark/?pl_p=32&pl_m=40,Ethical Futures LLP,I - IFA,No,1-10,6,ethicalfutures.co.uk
https://financialadvisers.co.uk/financial-planning/lanark/?pl_p=32&pl_m=40,Seed Financial Planning Limited,I - IFA,No,,,seedfp.co.uk
https://financialadvisers.co.uk/financial-planning/lanark/?pl_p=32&pl_m=40,Ramsay Asset Management Limited,I - IFA,No,1-10,4,ramsayassetmanagement.com
https://financialadvisers.co.uk/financial-planning/lanark/?pl_p=32&pl_m=40,Advanced (Scotland) Limited,I - IFA,No,51-200,156,advancedonline.co.uk
https://financialadvisers.co.uk/financial-planning/lanark/?pl_p=32&pl_m=40,Avonbrae Financial Services Limited,,,,,
https://financialadvisers.co.uk/financial-planning/lanark/?pl_p=32&pl_m=40,M & W Mortgages Limited,,,,,
https://financialadvisers.co.uk/financial-planning/lanark/?pl_p=32&pl_m=40,Dixon Financial Ltd,,,,,
https://financialadvisers.co.uk/financial-planning/lanark/?pl_p=32&pl_m=40,Mary Henderson,I - IFA,No,1-10,,botanicfinancial.co.uk
https://financialadvisers.co.uk/financial-planning/lanark/?pl_p=33&pl_m=40,DSMA Ltd,I - IFA,No,11-50,14,leithmortgagecentre.co.uk
https://financialadvisers.co.uk/financial-planning/lanark/?pl_p=33&pl_m=40,Summerside Independent Ltd,,,,,
https://financialadvisers.co.uk/financial-planning/lanark/?pl_p=33&pl_m=40,Kenneth Murphy,I - IFA,No,"1,001-5,000",3514,partnership.sjp.co.uk/partner/kennethmurphy
https://financialadvisers.co.uk/financial-planning/lanark/?pl_p=33&pl_m=40,Phoenix Wealth Solutions Limited,I - IFA,No,1-10,8,phoenixwealthsolutions.com
https://financialadvisers.co.uk/financial-planning/lanark/?pl_p=33&pl_m=40,Rowanbank Financial Consultants Limited,I - IFA,No,,9,rowanbank-ltd.co.uk
https://financialadvisers.co.uk/financial-planning/lanark/?pl_p=33&pl_m=40,Kellyhill Financial Planning Ltd,I - Asset Manager with Multi-Asset; I - IFA,No,"5,001-10,000",2710,mandg.com
https://financialadvisers.co.uk/financial-planning/lanark/?pl_p=33&pl_m=40,Libertas Financial Management Ltd,I - IFA,No,1-10,4,libertasfm.co.uk
https://financialadvisers.co.uk/financial-planning/lanark/?pl_p=33&pl_m=40,Planwise Financial Services Ltd,I - IFA,No,1-10,,planwisefinancial.com
https://financialadvisers.co.uk/financial-planning/lanark/?pl_p=33&pl_m=40,Catterson Wealth Management Limited,I - IFA,No,,,catterson-wealth-management.co.uk
https://financialadvisers.co.uk/financial-planning/lanark/?pl_p=33&pl_m=40,Gregor Davidson Wealth Management Limited,I - IFA,No,"1,001-5,000",3514,partnership.sjp.co.uk/partner/gregordavidson
https://financialadvisers.co.uk/financial-planning/lanark/?pl_p=33&pl_m=40,Invest India Limited,,,,,
https://financialadvisers.co.uk/financial-planning/lanark/?pl_p=33&pl_m=40,Lomond Wealth Management Limited,I - IFA,No,11-50,11,lomondwealth.com
https://financialadvisers.co.uk/financial-planning/lanark/?pl_p=33&pl_m=40,Lomond Financial Management Group Ltd,I - IFA,No,11-50,11,lomondwealth.com
https://financialadvisers.co.uk/financial-planning/lanark/?pl_p=33&pl_m=40,Alexanders Associates (Scotland) Ltd.,I - IFA,No,1-10,3,stirlingmortgageshop.co.uk
https://financialadvisers.co.uk/financial-planning/lanark/?pl_p=33&pl_m=40,Mearns & Company Limited,I - IFA,No,11-50,28,mearnscompany.com
https://financialadvisers.co.uk/financial-planning/lanark/?pl_p=34&pl_m=40,Walter Reynolds,,,,,
https://financialadvisers.co.uk/financial-planning/lanark/?pl_p=34&pl_m=40,Capercaillie Financial Advice Limited,I - IFA,No,"5,001-10,000",2710,mandgwealth.com/capercailliefinancialadvice
https://financialadvisers.co.uk/financial-planning/lanark/?pl_p=34&pl_m=40,Renton Wealth Management Ltd,I - IFA,No,201-500,323,2plan.com
https://financialadvisers.co.uk/financial-planning/lanark/?pl_p=34&pl_m=40,Kings Park Financial Management (Scotland) Ltd,I - IFA,No,1-10,1,kpfm.co.uk
https://financialadvisers.co.uk/financial-planning/lanark/?pl_p=34&pl_m=40,Keenan Wealth Management Ltd,I - IFA,No,"1,001-5,000",3514,partnership.sjp.co.uk/partner/keenanwm
https://financialadvisers.co.uk/financial-planning/lanark/?pl_p=34&pl_m=40,Scotia Wealth Management Ltd,I - IFA,No,11-50,86,scotiawm.co.uk
https://financialadvisers.co.uk/financial-planning/lanark/?pl_p=34&pl_m=40,Clarity Independant Financial Advisors Ltd,I - IFA,No,1-10,7,clarityifa.com
https://financialadvisers.co.uk/financial-planning/lanark/?pl_p=34&pl_m=40,Clarity Independent Wealth Management Limited,,,,,
https://financialadvisers.co.uk/financial-planning/lanark/?pl_p=34&pl_m=40,One50 Financial Planning Ltd,I - IFA,No,1-10,3,one50.co.uk
https://financialadvisers.co.uk/financial-planning/lanark/?pl_p=34&pl_m=40,Docherty & Co Financial Services Limited,I - IFA,No,1,1,men.com
https://financialadvisers.co.uk/financial-planning/lanark/?pl_p=34&pl_m=40,MCM Financial Limited,,,,,
https://financialadvisers.co.uk/financial-planning/lanark/?pl_p=34&pl_m=40,Keith Roseburgh Financial Limited,I - IFA,No,,1,keithroseburgh.co.uk
https://financialadvisers.co.uk/financial-planning/lanark/?pl_p=34&pl_m=40,HK Wealth Managers Ltd,I - IFA,No,,,hkwm.co.uk
https://financialadvisers.co.uk/financial-planning/lanark/?pl_p=34&pl_m=40,Barclay & Bond Financial Planners LLP,I - IFA,No,,,barclaybond.co.uk
https://financialadvisers.co.uk/financial-planning/lanark/?pl_p=34&pl_m=40,Retirement & Investment Solutions Limited,I - IFA,No,,,retinvest.co.uk
https://financialadvisers.co.uk/financial-planning/lanark/?pl_p=35&pl_m=40,Sunflower Financial Planning Ltd,I - IFA,No,1-10,2,sunflowerfinancialplanning.co.uk
https://financialadvisers.co.uk/financial-planning/lanark/?pl_p=35&pl_m=40,North of Scotland Financial Services Ltd,I - IFA,No,"5,001-10,000",2710,mandgwealth.com/northofscotlandfinancialservices
https://financialadvisers.co.uk/financial-planning/lanark/?pl_p=35&pl_m=40,Brierie Financial Planning Ltd,I - IFA,No,1-10,1,brieriefp.co.uk
https://financialadvisers.co.uk/financial-planning/lanark/?pl_p=35&pl_m=40,Integrated Wealth Management Ltd,I - IFA,No,,,iwm-group.com
https://financialadvisers.co.uk/financial-planning/lanark/?pl_p=35&pl_m=40,McArthur Smith Financial Management Ltd,I - IFA,No,1-10,1,mcarthursmith.co.uk
https://financialadvisers.co.uk/financial-planning/lanark/?pl_p=35&pl_m=40,Gordon McNaughton,I - IFA,No,"1,001-5,000",3514,partnership.sjp.co.uk/partner/mcnaughtonwealth
https://financialadvisers.co.uk/financial-planning/lanark/?pl_p=35&pl_m=40,Stirling Financial Management (UK) Limited,I - IFA,No,,,stirfinan.co.uk
https://financialadvisers.co.uk/financial-planning/lanark/?pl_p=35&pl_m=40,Optimal Financial Solutions Ltd,I - IFA,No,,,optimalfinancial.co.uk
https://financialadvisers.co.uk/financial-planning/lanark/?pl_p=35&pl_m=40,Oliver Asset Management Ltd,I - IFA,No,1-10,5,oliverassetmgmt.co.uk
https://financialadvisers.co.uk/financial-planning/lanark/?pl_p=35&pl_m=40,Global Advice Group Ltd,I - IFA,No,1-10,5,gag-ltd.com
https://financialadvisers.co.uk/financial-planning/lanark/?pl_p=35&pl_m=40,Mike McGirr Financial Services Limited,I - IFA,No,,,kirstybaird.com
https://financialadvisers.co.uk/financial-planning/lanark/?pl_p=35&pl_m=40,Stewart IFA Ltd,I - IFA,No,1-10,4,stewartifa.co.uk
https://financialadvisers.co.uk/financial-planning/lanark/?pl_p=35&pl_m=40,Affluent Financial Planning Ltd,I - IFA,No,1-10,6,affluentfp.co.uk
https://financialadvisers.co.uk/financial-planning/lanark/?pl_p=35&pl_m=40,Sebastien Zamora Wealth Management Ltd,I - IFA,No,,,sebastienzamora.co.uk
https://financialadvisers.co.uk/financial-planning/lanark/?pl_p=35&pl_m=40,James Robertson,,,,,
https://financialadvisers.co.uk/financial-planning/lanark/?pl_p=36&pl_m=40,Broadmeadows Financial Planning Ltd,I - IFA,No,"5,001-10,000",2710,mandgwealth.com/broadmeadowsfinancialplanning
https://financialadvisers.co.uk/financial-planning/lanark/?pl_p=36&pl_m=40,Gillespie Financial Limited,I - IFA,No,1-10,4,gillespiefinancial.com
https://financialadvisers.co.uk/financial-planning/lanark/?pl_p=36&pl_m=40,Vivid Wealth Ltd,I - IFA,No,,,vividwealth.co.uk
https://financialadvisers.co.uk/financial-planning/lanark/?pl_p=36&pl_m=40,Juniper Financial Planning Ltd,I - IFA,No,1-10,4,juniperfp.co.uk
https://financialadvisers.co.uk/financial-planning/lanark/?pl_p=36&pl_m=40,Jonathan Smith Consulting Ltd,I - IFA,No,,,jonathansmithconsulting.co.uk
https://financialadvisers.co.uk/financial-planning/lanark/?pl_p=36&pl_m=40,Moran Wealth Management Ltd,I - IFA,No,1-10,3,moranwealthmanagement.co.uk
https://financialadvisers.co.uk/financial-planning/lanark/?pl_p=36&pl_m=40,John Delaney Financial Planning Ltd,,,,,
https://financialadvisers.co.uk/financial-planning/lanark/?pl_p=36&pl_m=40,Tanner Financial Advice Ltd,I - IFA,No,,,tannerfinancial.co.uk
https://financialadvisers.co.uk/financial-planning/lanark/?pl_p=36&pl_m=40,Syndaxi Financial Planning Ltd,I - IFA,No,1-10,3,syndaxi.co.uk
https://financialadvisers.co.uk/financial-planning/lanark/?pl_p=36&pl_m=40,David Munro Financial Services Limited,I - IFA,No,,,davidmunrofinancialserviceslimited.co.uk
https://financialadvisers.co.uk/financial-planning/lanark/?pl_p=36&pl_m=40,Dickson and Co Wealth Management Ltd,I - IFA,No,,,dicksonandcowealth.co.uk
https://financialadvisers.co.uk/financial-planning/lanark/?pl_p=36&pl_m=40,Filsell Wealth Ltd,I - IFA,No,1-10,5,filsellwealth.co.uk
https://financialadvisers.co.uk/financial-planning/lanark/?pl_p=36&pl_m=40,Carrick IFC Ltd,I - IFA,No,,,carricklife.co.uk
https://financialadvisers.co.uk/financial-planning/lanark/?pl_p=36&pl_m=40,Stuart Blake,I - IFA,No,"1,001-5,000",3514,partnership.sjp.co.uk/partner/stuartblake
https://financialadvisers.co.uk/financial-planning/lanark/?pl_p=36&pl_m=40,Robertson Jones Wealth Management Ltd,I - IFA,No,"1,001-5,000",3514,partnership.sjp.co.uk/partner/rjwm
https://financialadvisers.co.uk/financial-planning/lanark/?pl_p=37&pl_m=40,Darren Davidson,I - IFA,No,,,claritywealthservices.co.uk
https://financialadvisers.co.uk/financial-planning/lanark/?pl_p=37&pl_m=40,Alex Philp,,,,,
https://financialadvisers.co.uk/financial-planning/lanark/?pl_p=37&pl_m=40,WD Wealth Management Limited,I - IFA,No,1-10,8,wdwealth.co.uk
https://financialadvisers.co.uk/financial-planning/lanark/?pl_p=37&pl_m=40,Strathayr Financial Services LLP,I - IFA,No,1-10,3,strathayr.co.uk
https://financialadvisers.co.uk/financial-planning/lanark/?pl_p=37&pl_m=40,Graham Grant IFA Limited,I - IFA,No,,,aol.com
https://financialadvisers.co.uk/financial-planning/lanark/?pl_p=37&pl_m=40,AB Vision Financial Ltd,I - IFA,No,,,abvision.co.uk
https://financialadvisers.co.uk/financial-planning/lanark/?pl_p=37&pl_m=40,Ken Nairn Limited,I - IFA,No,,3,kennairn.co.uk
https://financialadvisers.co.uk/financial-planning/lanark/?pl_p=37&pl_m=40,Lang Financial Scotland Limited,I - IFA,No,11-50,9,langfinancial.co.uk
https://financialadvisers.co.uk/financial-planning/lanark/?pl_p=37&pl_m=40,Douglas Watson,,,,,
https://financialadvisers.co.uk/financial-planning/lanark/?pl_p=37&pl_m=40,James Sheldon Hall,I - IFA,No,,,goldenyearsmortgages.co.uk
https://financialadvisers.co.uk/financial-planning/lanark/?pl_p=37&pl_m=40,GKD Shepherds Ltd,I - IFA,No,,,gkdsifa.co.uk
https://financialadvisers.co.uk/financial-planning/lanark/?pl_p=37&pl_m=40,Isabelle Cairns,I - IFA,No,"1,001-5,000",3514,partnership.sjp.co.uk/partner/isabellecairns
https://financialadvisers.co.uk/financial-planning/lanark/?pl_p=37&pl_m=40,Mackintosh Beardsley Wealth Management Limited,,,,,
https://financialadvisers.co.uk/financial-planning/lanark/?pl_p=37&pl_m=40,Goldstone Wealth Management Ltd,I - IFA,No,,1,goldstonewealth.co.uk
https://financialadvisers.co.uk/financial-planning/lanark/?pl_p=37&pl_m=40,Tweedside Financial Services Ltd,,,,,
https://financialadvisers.co.uk/financial-planning/lanark/?pl_p=38&pl_m=40,Heard Hamilton Financial Planning Ltd,I - IFA,No,,1,heardhamilton.co.uk
https://financialadvisers.co.uk/financial-planning/lanark/?pl_p=38&pl_m=40,Ayrshire Financial Services Ltd,I - IFA,No,,1,afsltd.co.uk
https://financialadvisers.co.uk/financial-planning/lanark/?pl_p=38&pl_m=40,Lowland Financial Services Limited,I - IFA,No,,6,lowlandfinancial.co.uk
https://financialadvisers.co.uk/financial-planning/lanark/?pl_p=38&pl_m=40,Strathleven Financial Services Ltd,I - IFA,No,,,strathlevenfinancialservicessites.simplymembersites.co.uk
https://financialadvisers.co.uk/financial-planning/lanark/?pl_p=38&pl_m=40,William White,I - IFA,No,,1,billwhiteifa.co.uk
https://financialadvisers.co.uk/financial-planning/lanark/?pl_p=38&pl_m=40,Kingdom Financial Services Limited,I - IFA,No,,,kingdomfs.com
https://financialadvisers.co.uk/financial-planning/lanark/?pl_p=38&pl_m=40,FSS Wealth & Pensions Ltd,I - IFA,No,,,fsswap.co.uk
https://financialadvisers.co.uk/financial-planning/lanark/?pl_p=38&pl_m=40,Patrick Kane,I - IFA,No,"1,001-5,000",3514,partnership.sjp.co.uk/partner/patkanewm
https://financialadvisers.co.uk/financial-planning/lanark/?pl_p=38&pl_m=40,Create and Prosper Financial Services Ltd,I - IFA,No,11-50,13,createandprosper.co.uk
https://financialadvisers.co.uk/financial-planning/lanark/?pl_p=38&pl_m=40,Lomond Financial Management Limited,I - IFA,No,,1,lomondfinancial.com
https://financialadvisers.co.uk/financial-planning/lanark/?pl_p=38&pl_m=40,DWM Financial Planning Ltd,I - IFA,No,,,dwmfp.co.uk
https://financialadvisers.co.uk/financial-planning/lanark/?pl_p=38&pl_m=40,Cairn Independent Limited,I - IFA,No,11-50,9,cairn.money
https://financialadvisers.co.uk/financial-planning/lanark/?pl_p=38&pl_m=40,Kieran Fowley Wealth Management,I - IFA,No,"1,001-5,000",3514,partnership.sjp.co.uk/partner/kieranfowley
https://financialadvisers.co.uk/financial-planning/lanark/?pl_p=38&pl_m=40,Portus Wealth Limited,I - IFA,No,1-10,3,portuswealth.co.uk
https://financialadvisers.co.uk/financial-planning/lanark/?pl_p=38&pl_m=40,Shand & Burns Financial Ltd,I - IFA,No,1-10,2,shandandburnsfinancial.co.uk
https://financialadvisers.co.uk/financial-planning/lanark/?pl_p=39&pl_m=40,MONEY ADVICE PARTNERSHIP LTD,I - IFA,No,11-50,5,moneyadvicepartnership.co.uk
