Source,Company Name,Website Link
https://financialadvisers.co.uk/financial-planning/perth/?pl_p=1&pl_m=40,Perth Mortgage Centre,pmc.sol.co.uk
https://financialadvisers.co.uk/financial-planning/perth/?pl_p=1&pl_m=40,Able Solutions Wealth Partnership,as-wealth.co.uk
https://financialadvisers.co.uk/financial-planning/perth/?pl_p=1&pl_m=40,Miller Hendry (Asset Management) Ltd,mham.co.uk
https://financialadvisers.co.uk/financial-planning/perth/?pl_p=1&pl_m=40,AJD Financial Services Ltd,ajdfs.co.uk
https://financialadvisers.co.uk/financial-planning/perth/?pl_p=1&pl_m=40,Oakbank Financial Services Ltd,oakbankfs.com
https://financialadvisers.co.uk/financial-planning/perth/?pl_p=1&pl_m=40,Michael Anthony Coll,
https://financialadvisers.co.uk/financial-planning/perth/?pl_p=1&pl_m=40,56 Wealth Management Limited,56wealth.com
https://financialadvisers.co.uk/financial-planning/perth/?pl_p=1&pl_m=40,Angus Watson Wealth Management Ltd,arwwatson.co.uk
https://financialadvisers.co.uk/financial-planning/perth/?pl_p=1&pl_m=40,Macaulay Wealth Management Ltd,macaulaywm.co.uk
https://financialadvisers.co.uk/financial-planning/perth/?pl_p=1&pl_m=40,DFS Financial Consultancy Ltd,dfsfinancialconsultancy.co.uk
https://financialadvisers.co.uk/financial-planning/perth/?pl_p=1&pl_m=40,Glenearn Wealth Management Limited,glenearnwealth.co.uk
https://financialadvisers.co.uk/financial-planning/perth/?pl_p=1&pl_m=40,Alistair Flynn,clachanviewwm.co.uk
https://financialadvisers.co.uk/financial-planning/perth/?pl_p=1&pl_m=40,JLS Associates Independent Financial Advisers Ltd,jls-associates.co.uk
https://financialadvisers.co.uk/financial-planning/perth/?pl_p=1&pl_m=40,Jesse Tatlow,partnership.sjp.co.uk/partner/jessetatlow
https://financialadvisers.co.uk/financial-planning/perth/?pl_p=1&pl_m=40,More Than Mortgages Limited,morethanmortgages.co.uk
https://financialadvisers.co.uk/financial-planning/perth/?pl_p=2&pl_m=40,Burleigh Financial Planning Limited,mandgwealth.com/burleighfinancialplanning
https://financialadvisers.co.uk/financial-planning/perth/?pl_p=2&pl_m=40,Iolaire Financial Limited,iolairefinancial.co.uk
https://financialadvisers.co.uk/financial-planning/perth/?pl_p=2&pl_m=40,Allocate Wealth Management LTD,mandgwealth.com/allocatewealthmanagement
https://financialadvisers.co.uk/financial-planning/perth/?pl_p=2&pl_m=40,Glenaber Limited,glenaber.com
https://financialadvisers.co.uk/financial-planning/perth/?pl_p=2&pl_m=40,Shand & Burns Financial Ltd,shandandburnsfinancial.co.uk
https://financialadvisers.co.uk/financial-planning/perth/?pl_p=2&pl_m=40,Kieran Fowley Wealth Management,partnership.sjp.co.uk/partner/kieranfowley
https://financialadvisers.co.uk/financial-planning/perth/?pl_p=2&pl_m=40,Portus Wealth Limited,portuswealth.co.uk
https://financialadvisers.co.uk/financial-planning/perth/?pl_p=2&pl_m=40,L-Life Limited,llife.co.uk
https://financialadvisers.co.uk/financial-planning/perth/?pl_p=2&pl_m=40,Amy Ireland,
https://financialadvisers.co.uk/financial-planning/perth/?pl_p=2&pl_m=40,David Murray,
https://financialadvisers.co.uk/financial-planning/perth/?pl_p=2&pl_m=40,John paul Conaboy,
https://financialadvisers.co.uk/financial-planning/perth/?pl_p=2&pl_m=40,Alan Glen Wealth Management Limited,alanglenwealthmanagement.co.uk
https://financialadvisers.co.uk/financial-planning/perth/?pl_p=2&pl_m=40,Shape Pensions & Advisory Services Ltd,shapepensions.co.uk
https://financialadvisers.co.uk/financial-planning/perth/?pl_p=2&pl_m=40,David Keddie Wealth Management Ltd,davidkeddie.co.uk
https://financialadvisers.co.uk/financial-planning/perth/?pl_p=2&pl_m=40,Wells Gibson Limited,wellsgibson.uk
https://financialadvisers.co.uk/financial-planning/perth/?pl_p=3&pl_m=40,Crieff Financial & Mortgage Centre Limited,cpamc.co.uk
https://financialadvisers.co.uk/financial-planning/perth/?pl_p=3&pl_m=40,Ross Bell Associates Ltd,ross-bell.co.uk
https://financialadvisers.co.uk/financial-planning/perth/?pl_p=3&pl_m=40,Ian Gordon Financial Services (Scotland) LTD,igfs.co.uk
https://financialadvisers.co.uk/financial-planning/perth/?pl_p=3&pl_m=40,Roland William Scott,scotmortgages.co.uk
https://financialadvisers.co.uk/financial-planning/perth/?pl_p=3&pl_m=40,James Hair Group Ltd,jameshair.co.uk
https://financialadvisers.co.uk/financial-planning/perth/?pl_p=3&pl_m=40,Alan Dunn,alandunnfinancialmanagement.co.uk
https://financialadvisers.co.uk/financial-planning/perth/?pl_p=3&pl_m=40,Ballantyne Wealth Management Ltd,johnballantyne.2plan.com
https://financialadvisers.co.uk/financial-planning/perth/?pl_p=3&pl_m=40,Page Financial,pagefinancial.co.uk
https://financialadvisers.co.uk/financial-planning/perth/?pl_p=3&pl_m=40,John Timoney,thinqviser.com
https://financialadvisers.co.uk/financial-planning/perth/?pl_p=3&pl_m=40,Medical + Dental Financial Planning Services Ltd.,medicaldentalfps.co.uk
https://financialadvisers.co.uk/financial-planning/perth/?pl_p=3&pl_m=40,Henderson Loggie Financial Planning Limited,hlfp.co.uk
https://financialadvisers.co.uk/financial-planning/perth/?pl_p=3&pl_m=40,Jonathan Smith Consulting Ltd,jonathansmithconsulting.co.uk
https://financialadvisers.co.uk/financial-planning/perth/?pl_p=3&pl_m=40,Robertson & Donald Financial Planners Ltd,rdfp.co.uk
https://financialadvisers.co.uk/financial-planning/perth/?pl_p=3&pl_m=40,Gillespie Financial Limited,gillespiefinancial.com
https://financialadvisers.co.uk/financial-planning/perth/?pl_p=3&pl_m=40,Thorntons Investment Management Ltd,thorntons-investments.co.uk
https://financialadvisers.co.uk/financial-planning/perth/?pl_p=4&pl_m=40,Thorntons Wealth Management Limited,thorntons-wealth.co.uk
https://financialadvisers.co.uk/financial-planning/perth/?pl_p=4&pl_m=40,WM Thomson & Sons,wtandsons.co.uk
https://financialadvisers.co.uk/financial-planning/perth/?pl_p=4&pl_m=40,Liam Baillie,liambailliewealthmanagement.co.uk
https://financialadvisers.co.uk/financial-planning/perth/?pl_p=4&pl_m=40,Blackadders Wealth Management LLP,blackadderswm.co.uk
https://financialadvisers.co.uk/financial-planning/perth/?pl_p=4&pl_m=40,Verus Financial Planning Limited,veruswealth.co.uk
https://financialadvisers.co.uk/financial-planning/perth/?pl_p=4&pl_m=40,"Walker, Dunnett & Co",walkerdunnett.co.uk
https://financialadvisers.co.uk/financial-planning/perth/?pl_p=4&pl_m=40,James Robertson,
https://financialadvisers.co.uk/financial-planning/perth/?pl_p=4&pl_m=40,Scott Fyffe Wealth Management Ltd,scottfyffewm.co.uk
https://financialadvisers.co.uk/financial-planning/perth/?pl_p=4&pl_m=40,Kevin Laidlaw Financial Planning,kevinlaidlaw.co.uk
https://financialadvisers.co.uk/financial-planning/perth/?pl_p=4&pl_m=40,Stirling Financial Management (UK) Limited,stirfinan.co.uk
https://financialadvisers.co.uk/financial-planning/perth/?pl_p=4&pl_m=40,DWM Financial Planning Ltd,dwmfp.co.uk
https://financialadvisers.co.uk/financial-planning/perth/?pl_p=4&pl_m=40,Inglis Financial Advice Ltd,ifascotland.co.uk
https://financialadvisers.co.uk/financial-planning/perth/?pl_p=4&pl_m=40,Heritable Limited,heritableltd.co.uk
https://financialadvisers.co.uk/financial-planning/perth/?pl_p=4&pl_m=40,Carnegie Financial Services Ltd,
https://financialadvisers.co.uk/financial-planning/perth/?pl_p=4&pl_m=40,Impartial Financial Solutions Dundee LLP,ifsscotland.co.uk
https://financialadvisers.co.uk/financial-planning/perth/?pl_p=5&pl_m=40,Kingdom Financial Services Limited,kingdomfs.com
https://financialadvisers.co.uk/financial-planning/perth/?pl_p=5&pl_m=40,Andrew Gair,openwork.uk.com
https://financialadvisers.co.uk/financial-planning/perth/?pl_p=5&pl_m=40,Alastair James Watson,openwork.uk.com
https://financialadvisers.co.uk/financial-planning/perth/?pl_p=5&pl_m=40,Cairn Independent Limited,cairn.money
https://financialadvisers.co.uk/financial-planning/perth/?pl_p=5&pl_m=40,Independent One-2-One Ltd,independent121.co.uk
https://financialadvisers.co.uk/financial-planning/perth/?pl_p=5&pl_m=40,Planwise Financial Services Ltd,planwisefinancial.com
https://financialadvisers.co.uk/financial-planning/perth/?pl_p=5&pl_m=40,Invest India Limited,
https://financialadvisers.co.uk/financial-planning/perth/?pl_p=5&pl_m=40,Create and Prosper Financial Services Ltd,createandprosper.co.uk
https://financialadvisers.co.uk/financial-planning/perth/?pl_p=5&pl_m=40,Condies Wealth Strategies Limited,condieswealth.co.uk
https://financialadvisers.co.uk/financial-planning/perth/?pl_p=5&pl_m=40,Macintyre Wealth Management Ltd,macintyrewealth.co.uk
https://financialadvisers.co.uk/financial-planning/perth/?pl_p=5&pl_m=40,Andy Caterer Wealth Management Ltd,wealthac.co.uk
https://financialadvisers.co.uk/financial-planning/perth/?pl_p=5&pl_m=40,RWM (Scotland) LTD,mandgwealth.com/rwmscotland
https://financialadvisers.co.uk/financial-planning/perth/?pl_p=5&pl_m=40,MacBeth Currie Financial Services Limited,macbethcurrie.com
https://financialadvisers.co.uk/financial-planning/perth/?pl_p=5&pl_m=40,Libertas Financial Management Ltd,libertasfm.co.uk
https://financialadvisers.co.uk/financial-planning/perth/?pl_p=5&pl_m=40,JP Maxwell Wealth Management Ltd,jpmaxwell.co.uk
https://financialadvisers.co.uk/financial-planning/perth/?pl_p=6&pl_m=40,P W M Z Limited,openwork.uk.com
https://financialadvisers.co.uk/financial-planning/perth/?pl_p=6&pl_m=40,Tayside Financial Planning Limited,taysidefp.trustedadviser.info
https://financialadvisers.co.uk/financial-planning/perth/?pl_p=6&pl_m=40,Graham Grant IFA Limited,aol.com
https://financialadvisers.co.uk/financial-planning/perth/?pl_p=6&pl_m=40,Thomson Cooper,thomsoncooper.com
https://financialadvisers.co.uk/financial-planning/perth/?pl_p=6&pl_m=40,Kingdom Investments Management Limited,kims-ltd.co.uk
https://financialadvisers.co.uk/financial-planning/perth/?pl_p=6&pl_m=40,Skyridge Financial Planning LLP,skyridgefinancial.co.uk
https://financialadvisers.co.uk/financial-planning/perth/?pl_p=6&pl_m=40,Stuart Blake,partnership.sjp.co.uk/partner/stuartblake
https://financialadvisers.co.uk/financial-planning/perth/?pl_p=6&pl_m=40,MGA Financial Management Limited,
https://financialadvisers.co.uk/financial-planning/perth/?pl_p=6&pl_m=40,Robertson Jones Wealth Management Ltd,partnership.sjp.co.uk/partner/rjwm
https://financialadvisers.co.uk/financial-planning/perth/?pl_p=6&pl_m=40,Whyte Sharp Independent LLP,whytesharp.co.uk
https://financialadvisers.co.uk/financial-planning/perth/?pl_p=6&pl_m=40,Darren Davidson,claritywealthservices.co.uk
https://financialadvisers.co.uk/financial-planning/perth/?pl_p=6&pl_m=40,Filsell Wealth Ltd,filsellwealth.co.uk
https://financialadvisers.co.uk/financial-planning/perth/?pl_p=6&pl_m=40,Jim McArthur Independent Financial Services Limited,
https://financialadvisers.co.uk/financial-planning/perth/?pl_p=6&pl_m=40,Integrated Wealth Management Ltd,iwm-group.com
https://financialadvisers.co.uk/financial-planning/perth/?pl_p=6&pl_m=40,McArthur Smith Financial Management Ltd,mcarthursmith.co.uk
https://financialadvisers.co.uk/financial-planning/perth/?pl_p=7&pl_m=40,Camerons Financial Planning Limited,
https://financialadvisers.co.uk/financial-planning/perth/?pl_p=7&pl_m=40,Lomond Wealth Management Limited,lomondwealth.com
https://financialadvisers.co.uk/financial-planning/perth/?pl_p=7&pl_m=40,Lomond Financial Management Group Ltd,lomondwealth.com
https://financialadvisers.co.uk/financial-planning/perth/?pl_p=7&pl_m=40,Kings Park Financial Management (Scotland) Ltd,kpfm.co.uk
https://financialadvisers.co.uk/financial-planning/perth/?pl_p=7&pl_m=40,Walter Reynolds,
https://financialadvisers.co.uk/financial-planning/perth/?pl_p=7&pl_m=40,HK Wealth Managers Ltd,hkwm.co.uk
https://financialadvisers.co.uk/financial-planning/perth/?pl_p=7&pl_m=40,Barclay & Bond Financial Planners LLP,barclaybond.co.uk
https://financialadvisers.co.uk/financial-planning/perth/?pl_p=7&pl_m=40,Retirement & Investment Solutions Limited,retinvest.co.uk
https://financialadvisers.co.uk/financial-planning/perth/?pl_p=7&pl_m=40,Forthview Financial Planning Ltd,mandgwealth.com/forthviewfinancialplanning
https://financialadvisers.co.uk/financial-planning/perth/?pl_p=7&pl_m=40,Catterson Wealth Management Limited,catterson-wealth-management.co.uk
https://financialadvisers.co.uk/financial-planning/perth/?pl_p=7&pl_m=40,Gregor Davidson Wealth Management Limited,partnership.sjp.co.uk/partner/gregordavidson
https://financialadvisers.co.uk/financial-planning/perth/?pl_p=7&pl_m=40,George Gill Financial Services Ltd,
https://financialadvisers.co.uk/financial-planning/perth/?pl_p=7&pl_m=40,Arthur & O’Brien,mandg.com
https://financialadvisers.co.uk/financial-planning/perth/?pl_p=7&pl_m=40,Capercaillie Financial Advice Limited,mandgwealth.com/capercailliefinancialadvice
https://financialadvisers.co.uk/financial-planning/perth/?pl_p=7&pl_m=40,Alexanders Associates (Scotland) Ltd.,stirlingmortgageshop.co.uk
https://financialadvisers.co.uk/financial-planning/perth/?pl_p=8&pl_m=40,DPB Wealth Management Limited,dpbwealth.co.uk
https://financialadvisers.co.uk/financial-planning/perth/?pl_p=8&pl_m=40,A&G Financial Planning Limited,mandgwealth.com/aandgfinancialplanning
https://financialadvisers.co.uk/financial-planning/perth/?pl_p=8&pl_m=40,Policy Services Limited,policyservices.co.uk
https://financialadvisers.co.uk/financial-planning/perth/?pl_p=8&pl_m=40,Hastie Wealth Management Ltd,mandgwealth.com/hastiewealthmanagement
https://financialadvisers.co.uk/financial-planning/perth/?pl_p=8&pl_m=40,Antonine Investment Managers Limited,antonineim.co.uk
https://financialadvisers.co.uk/financial-planning/perth/?pl_p=8&pl_m=40,Alan Steel (Asset Management) Limited,alansteel.com
https://financialadvisers.co.uk/financial-planning/perth/?pl_p=8&pl_m=40,Poise Financial Planning Limited,poisefp.co.uk
https://financialadvisers.co.uk/financial-planning/perth/?pl_p=8&pl_m=40,Vincent Throp Limited,openwork.uk.com
https://financialadvisers.co.uk/financial-planning/perth/?pl_p=8&pl_m=40,Sutherland Mayfair Financial Planning Ltd,partnership.sjp.co.uk/partner/sutherlandmayfair
https://financialadvisers.co.uk/financial-planning/perth/?pl_p=8&pl_m=40,Brian Lynn Financial Services,
https://financialadvisers.co.uk/financial-planning/perth/?pl_p=8&pl_m=40,Brian Close Wealth Management Limited,brianclose.2plan.com
https://financialadvisers.co.uk/financial-planning/perth/?pl_p=8&pl_m=40,Pollock Financial Planning LTD,mandgwealth.com/pollockfinancialplanning
https://financialadvisers.co.uk/financial-planning/perth/?pl_p=8&pl_m=40,Darsco Wealth MGMT Limited,darscowealth.co.uk
https://financialadvisers.co.uk/financial-planning/perth/?pl_p=8&pl_m=40,John Yuille Financial Services Ltd,jyfs.co.uk
https://financialadvisers.co.uk/financial-planning/perth/?pl_p=8&pl_m=40,Beaufort Financial (Forth Valley) Ltd,beaufortfinancial.co.uk
https://financialadvisers.co.uk/financial-planning/perth/?pl_p=9&pl_m=40,A.R.D. Consultancy Limited,ardconsultancy.co.uk
https://financialadvisers.co.uk/financial-planning/perth/?pl_p=9&pl_m=40,Iain Lowe Wealth Management Ltd,2plan.com
https://financialadvisers.co.uk/financial-planning/perth/?pl_p=9&pl_m=40,Apple Wealth Ltd,partnership.sjp.co.uk/partner/applewealth
https://financialadvisers.co.uk/financial-planning/perth/?pl_p=9&pl_m=40,Mearns & Company Limited,mearnscompany.com
https://financialadvisers.co.uk/financial-planning/perth/?pl_p=9&pl_m=40,Kellyhill Financial Planning Ltd,mandg.com
https://financialadvisers.co.uk/financial-planning/perth/?pl_p=9&pl_m=40,Rowanbank Financial Consultants Limited,rowanbank-ltd.co.uk
https://financialadvisers.co.uk/financial-planning/perth/?pl_p=9&pl_m=40,Mr Peter John Shandley,
https://financialadvisers.co.uk/financial-planning/perth/?pl_p=9&pl_m=40,Seed Financial Planning Limited,seedfp.co.uk
https://financialadvisers.co.uk/financial-planning/perth/?pl_p=9&pl_m=40,Andrew Reid,
https://financialadvisers.co.uk/financial-planning/perth/?pl_p=9&pl_m=40,Scotia Wealth Management Ltd,scotiawm.co.uk
https://financialadvisers.co.uk/financial-planning/perth/?pl_p=9&pl_m=40,McIntyre Financial Planning Ltd,mcintyrefinancialplanning.co.uk
https://financialadvisers.co.uk/financial-planning/perth/?pl_p=9&pl_m=40,Amjen Financial Planning Limited,
https://financialadvisers.co.uk/financial-planning/perth/?pl_p=9&pl_m=40,Neil Mitchell,neilmitchellwealth.com
https://financialadvisers.co.uk/financial-planning/perth/?pl_p=9&pl_m=40,TC WEALTH MANAGEMENT LTD,mandgwealth.com/tcwealthmanagement
https://financialadvisers.co.uk/financial-planning/perth/?pl_p=9&pl_m=40,Mike McGirr Financial Services Limited,kirstybaird.com
https://financialadvisers.co.uk/financial-planning/perth/?pl_p=10&pl_m=40,Bridge Investments Partners Limited,transformfp.com
https://financialadvisers.co.uk/financial-planning/perth/?pl_p=10&pl_m=40,Futurity Financial Services Limited,futurity-fs.com
https://financialadvisers.co.uk/financial-planning/perth/?pl_p=10&pl_m=40,Hamilton Financial (Scotland) Ltd,hamilton-financial.co.uk
https://financialadvisers.co.uk/financial-planning/perth/?pl_p=10&pl_m=40,DSMA Ltd,leithmortgagecentre.co.uk
https://financialadvisers.co.uk/financial-planning/perth/?pl_p=10&pl_m=40,Mary Henderson,botanicfinancial.co.uk
https://financialadvisers.co.uk/financial-planning/perth/?pl_p=10&pl_m=40,Kayleigh Dorrian,archerjoyfp.co.uk
https://financialadvisers.co.uk/financial-planning/perth/?pl_p=10&pl_m=40,Murray John & Associates Ltd,theopenworkpartnership.com
https://financialadvisers.co.uk/financial-planning/perth/?pl_p=10&pl_m=40,Keenan Wealth Management Ltd,partnership.sjp.co.uk/partner/keenanwm
https://financialadvisers.co.uk/financial-planning/perth/?pl_p=10&pl_m=40,St Andrew's Square Asset Management Limited,standrewssqam.co.uk
https://financialadvisers.co.uk/financial-planning/perth/?pl_p=10&pl_m=40,Ethical Futures LLP,ethicalfutures.co.uk
https://financialadvisers.co.uk/financial-planning/perth/?pl_p=10&pl_m=40,Ramsay Asset Management Limited,ramsayassetmanagement.com
https://financialadvisers.co.uk/financial-planning/perth/?pl_p=10&pl_m=40,Johnston Financial Limited,johnstonfinancial.co.uk
https://financialadvisers.co.uk/financial-planning/perth/?pl_p=10&pl_m=40,Dixon Financial Ltd,
https://financialadvisers.co.uk/financial-planning/perth/?pl_p=10&pl_m=40,Anna Miller Wealth Management Ltd,anna.millerwm.co.uk
https://financialadvisers.co.uk/financial-planning/perth/?pl_p=10&pl_m=40,Pension Advisers UK Limited,
https://financialadvisers.co.uk/financial-planning/perth/?pl_p=11&pl_m=40,Wilkinson Financial Management Ltd,wilkinson-chartered.co.uk
https://financialadvisers.co.uk/financial-planning/perth/?pl_p=11&pl_m=40,GMG Investment Managers Ltd,gmgim.co.uk
https://financialadvisers.co.uk/financial-planning/perth/?pl_p=11&pl_m=40,Rossie House Investment Management LLP,rossiehouse.com
https://financialadvisers.co.uk/financial-planning/perth/?pl_p=11&pl_m=40,Macfarlane Wealth Management Ltd,macwealth.co.uk
https://financialadvisers.co.uk/financial-planning/perth/?pl_p=11&pl_m=40,Alpha Wealth Ltd,alphaifa.com
https://financialadvisers.co.uk/financial-planning/perth/?pl_p=11&pl_m=40,JM Independent Financial Advisers Ltd,jmifa.co.uk
https://financialadvisers.co.uk/financial-planning/perth/?pl_p=11&pl_m=40,Cailean Limited,caileanltd.com
https://financialadvisers.co.uk/financial-planning/perth/?pl_p=11&pl_m=40,Ravenstone Financial Ltd,ravenstone.uk.com
https://financialadvisers.co.uk/financial-planning/perth/?pl_p=11&pl_m=40,North Capital Management Limited,northcapital.co.uk
https://financialadvisers.co.uk/financial-planning/perth/?pl_p=11&pl_m=40,336 Financial Management Limited,336fm.co.uk
https://financialadvisers.co.uk/financial-planning/perth/?pl_p=11&pl_m=40,Executive Wealth Services Ltd,ewsfinancialadvisers.co.uk
https://financialadvisers.co.uk/financial-planning/perth/?pl_p=11&pl_m=40,Callidus Wealth Management Ltd,calliduswm.co.uk
https://financialadvisers.co.uk/financial-planning/perth/?pl_p=11&pl_m=40,Wealthflow Group Ltd,wealthflow.com
https://financialadvisers.co.uk/financial-planning/perth/?pl_p=11&pl_m=40,Prydis Wealth (Scotland) Limited,prydis.com
https://financialadvisers.co.uk/financial-planning/perth/?pl_p=11&pl_m=40,Forbes Wealth Ltd,spentwell.co.uk
https://financialadvisers.co.uk/financial-planning/perth/?pl_p=12&pl_m=40,Cormack Wealth Management Limited,cormackwealthmanagement.co.uk
https://financialadvisers.co.uk/financial-planning/perth/?pl_p=12&pl_m=40,Edinburgh Wealth Management Limited,edinburghwealthmanagement.co.uk
https://financialadvisers.co.uk/financial-planning/perth/?pl_p=12&pl_m=40,Sutherland Independent Ltd,wsi-ltd.co.uk
https://financialadvisers.co.uk/financial-planning/perth/?pl_p=12&pl_m=40,CS Managers Ltd,csmanagers.com
https://financialadvisers.co.uk/financial-planning/perth/?pl_p=12&pl_m=40,Newton-Barr Limited,newtonbarr.co.uk
https://financialadvisers.co.uk/financial-planning/perth/?pl_p=12&pl_m=40,McHardy Private Wealth Ltd,mchardyprivatewealth.co.uk
https://financialadvisers.co.uk/financial-planning/perth/?pl_p=12&pl_m=40,Charlotte Square Partners Limited,charlottesquare.partners
https://financialadvisers.co.uk/financial-planning/perth/?pl_p=12&pl_m=40,abrdn Client Management Limited,abrdn.com/en-gb/personal
https://financialadvisers.co.uk/financial-planning/perth/?pl_p=12&pl_m=40,Nicholas Paul Wealth Management Limited,npwm.co.uk
https://financialadvisers.co.uk/financial-planning/perth/?pl_p=12&pl_m=40,ESPC (UK) Ltd,espc.com
https://financialadvisers.co.uk/financial-planning/perth/?pl_p=12&pl_m=40,Carbon Financial Partners Ltd,carbonfinancial.co.uk
https://financialadvisers.co.uk/financial-planning/perth/?pl_p=12&pl_m=40,Ridland Wealth Management Limited,ridlandwealth.co.uk
https://financialadvisers.co.uk/financial-planning/perth/?pl_p=12&pl_m=40,A1 Financial Solutions Ltd,a1-financial.com
https://financialadvisers.co.uk/financial-planning/perth/?pl_p=12&pl_m=40,LIFT-Advice Ltd,lift-financial.com
https://financialadvisers.co.uk/financial-planning/perth/?pl_p=12&pl_m=40,Seven Street Wealth Ltd,7sw.co.uk
https://financialadvisers.co.uk/financial-planning/perth/?pl_p=13&pl_m=40,Grange Wealth Management Ltd,grangewealth.co.uk
https://financialadvisers.co.uk/financial-planning/perth/?pl_p=13&pl_m=40,Gowans Wealth Management Limited,gowanswealth.co.uk
https://financialadvisers.co.uk/financial-planning/perth/?pl_p=13&pl_m=40,Seonaidh McIntyre-Stephen,wpwfinancial.co.uk
https://financialadvisers.co.uk/financial-planning/perth/?pl_p=13&pl_m=40,Hugo Cannon,cannoncapital.co.uk
https://financialadvisers.co.uk/financial-planning/perth/?pl_p=13&pl_m=40,Darren Leslie,leslieam.co.uk
https://financialadvisers.co.uk/financial-planning/perth/?pl_p=13&pl_m=40,Whites Financial Management Ltd,whitesfm.co.uk
https://financialadvisers.co.uk/financial-planning/perth/?pl_p=13&pl_m=40,Jonathan Barkey,
https://financialadvisers.co.uk/financial-planning/perth/?pl_p=13&pl_m=40,Alex Dockar,alexanderdockar.co.uk
https://financialadvisers.co.uk/financial-planning/perth/?pl_p=13&pl_m=40,John Scott Davidson Ltd,partnership.sjp.co.uk/johnscottdavidson
https://financialadvisers.co.uk/financial-planning/perth/?pl_p=13&pl_m=40,Angie Addison,angieaddisonfinancial.co.uk
https://financialadvisers.co.uk/financial-planning/perth/?pl_p=13&pl_m=40,JKFS (UK) Ltd,jkfs.com
https://financialadvisers.co.uk/financial-planning/perth/?pl_p=13&pl_m=40,Takalani Mbedzi,partnership.sjp.co.uk/partner/taka
https://financialadvisers.co.uk/financial-planning/perth/?pl_p=13&pl_m=40,Melville Independent plc,mi-plc.co.uk
https://financialadvisers.co.uk/financial-planning/perth/?pl_p=13&pl_m=40,Wilkinson Wealth Ltd,davidwilkinsonsjp.co.uk
https://financialadvisers.co.uk/financial-planning/perth/?pl_p=13&pl_m=40,Arlene Addison,partnership.sjp.co.uk/arleneaddison
https://financialadvisers.co.uk/financial-planning/perth/?pl_p=14&pl_m=40,Gray Wealth Management Ltd,progressivewealth.co.uk
https://financialadvisers.co.uk/financial-planning/perth/?pl_p=14&pl_m=40,Stephen Carmichael,partnership.sjp.co.uk/partner/carmichaelfinancialconsultancy
https://financialadvisers.co.uk/financial-planning/perth/?pl_p=14&pl_m=40,James Boyd,jamesboydpractice.co.uk
https://financialadvisers.co.uk/financial-planning/perth/?pl_p=14&pl_m=40,McLean & Partners Wealth Management Ltd,mcleanandpartnerswm.co.uk
https://financialadvisers.co.uk/financial-planning/perth/?pl_p=14&pl_m=40,T R Barbour Financial Planning Ltd,trbarbour.co.uk
https://financialadvisers.co.uk/financial-planning/perth/?pl_p=14&pl_m=40,Hannon Financial Planning Ltd,hannonfinancialplanning.co.uk
https://financialadvisers.co.uk/financial-planning/perth/?pl_p=14&pl_m=40,Louise Norman,
https://financialadvisers.co.uk/financial-planning/perth/?pl_p=14&pl_m=40,Erin Mason,erinrosefinancial.co.uk
https://financialadvisers.co.uk/financial-planning/perth/?pl_p=14&pl_m=40,Mark Neillings,partnership.sjp.co.ukpartnermarkneillings
https://financialadvisers.co.uk/financial-planning/perth/?pl_p=14&pl_m=40,Simon Boyd,partnership.sjp.co.uk/partner/simonboydfinancialmanagement
https://financialadvisers.co.uk/financial-planning/perth/?pl_p=14&pl_m=40,Jenyfer Beardsley,jenybeardsley.co.uk
https://financialadvisers.co.uk/financial-planning/perth/?pl_p=14&pl_m=40,Stuart McAdam,sjpp.co.uk/stuartmcadam
https://financialadvisers.co.uk/financial-planning/perth/?pl_p=14&pl_m=40,McMurtrie Wealth Management Ltd,mcmurtriewealthmanagement.co.uk
https://financialadvisers.co.uk/financial-planning/perth/?pl_p=14&pl_m=40,Hastings Investment Management Limited,hastingsinvestment.com
https://financialadvisers.co.uk/financial-planning/perth/?pl_p=14&pl_m=40,Peter Bell,andersonbellfinancial.co.uk
https://financialadvisers.co.uk/financial-planning/perth/?pl_p=15&pl_m=40,Craig Davidson,partnership.sjp.co.uk/partner/cdavidsonfp
https://financialadvisers.co.uk/financial-planning/perth/?pl_p=15&pl_m=40,Kevin Martin,kevinmartinwm.co.uk
https://financialadvisers.co.uk/financial-planning/perth/?pl_p=15&pl_m=40,Olium Financial Management Ltd,partnership.sjp.co.ukpartnerjacksonfinancial
https://financialadvisers.co.uk/financial-planning/perth/?pl_p=15&pl_m=40,Maurice Macdonald Associates,
https://financialadvisers.co.uk/financial-planning/perth/?pl_p=15&pl_m=40,Claire Macdonald,
https://financialadvisers.co.uk/financial-planning/perth/?pl_p=15&pl_m=40,Wood Wealth Ltd,
https://financialadvisers.co.uk/financial-planning/perth/?pl_p=15&pl_m=40,Ellen Langdon,ellenlangdonwm.co.uk
https://financialadvisers.co.uk/financial-planning/perth/?pl_p=15&pl_m=40,Graham Lavin Wealth Management,grahamlavinwealthmanagement.co.uk
https://financialadvisers.co.uk/financial-planning/perth/?pl_p=15&pl_m=40,Giles Porteous,robinson-porteous.co.uk
https://financialadvisers.co.uk/financial-planning/perth/?pl_p=15&pl_m=40,PW & Partners Ltd,pwandpartners.co.uk
https://financialadvisers.co.uk/financial-planning/perth/?pl_p=15&pl_m=40,David Melrose Wealth Management Limited,davidmelrosewm.co.uk
https://financialadvisers.co.uk/financial-planning/perth/?pl_p=15&pl_m=40,AB1 Financial Planning Ltd,Ab1financial.com
https://financialadvisers.co.uk/financial-planning/perth/?pl_p=15&pl_m=40,Stephen Walters Financial Planning Ltd,dexterityifa.com
https://financialadvisers.co.uk/financial-planning/perth/?pl_p=15&pl_m=40,Rutherford Asset Management Ltd,rutherfordassetmanagement.co.uk
https://financialadvisers.co.uk/financial-planning/perth/?pl_p=15&pl_m=40,Crandles & Co Limited,crandlesandco.co.uk
https://financialadvisers.co.uk/financial-planning/perth/?pl_p=16&pl_m=40,Principal & Prosper Limited,principalandprosper.co.uk
https://financialadvisers.co.uk/financial-planning/perth/?pl_p=16&pl_m=40,Purpose Financial Planning Ltd,
https://financialadvisers.co.uk/financial-planning/perth/?pl_p=16&pl_m=40,South Charlotte Wealth Management Limited,southcharlottewealth.com
https://financialadvisers.co.uk/financial-planning/perth/?pl_p=16&pl_m=40,Eriskay Wealth Ltd,headsupwealth.co.uk
https://financialadvisers.co.uk/financial-planning/perth/?pl_p=16&pl_m=40,Alasdair McLeish,kingsburghwealth.com
https://financialadvisers.co.uk/financial-planning/perth/?pl_p=16&pl_m=40,Mackay Hall Financial Services Limited,mackayhall.co.uk
https://financialadvisers.co.uk/financial-planning/perth/?pl_p=16&pl_m=40,Amia Wealth Management Ltd,2plan.com
https://financialadvisers.co.uk/financial-planning/perth/?pl_p=16&pl_m=40,Gilson Gray Financial Limited,gilsongrayfinancial.co.uk
https://financialadvisers.co.uk/financial-planning/perth/?pl_p=16&pl_m=40,Bluesky Independent Wealth Managers Ltd,wealthatbluesky.com
https://financialadvisers.co.uk/financial-planning/perth/?pl_p=16&pl_m=40,Robson MacIntosh & Company Ltd,robmac.co.uk
https://financialadvisers.co.uk/financial-planning/perth/?pl_p=16&pl_m=40,Aspire Wealth Management Limited,aspireifa.co.uk
https://financialadvisers.co.uk/financial-planning/perth/?pl_p=16&pl_m=40,SWC Independent Ltd,swcindependent.co.uk
https://financialadvisers.co.uk/financial-planning/perth/?pl_p=16&pl_m=40,Michael Stokes,michaelstokes.co.uk
https://financialadvisers.co.uk/financial-planning/perth/?pl_p=16&pl_m=40,Calton Wealth Management Ltd,caltonwm.com
https://financialadvisers.co.uk/financial-planning/perth/?pl_p=16&pl_m=40,Reddington Wealth Management Ltd,reddingtonfp.co.uk
https://financialadvisers.co.uk/financial-planning/perth/?pl_p=17&pl_m=40,Waverton Wealth Planning LLP,wavertonwealth.co.uk
https://financialadvisers.co.uk/financial-planning/perth/?pl_p=17&pl_m=40,Verity Financial Planners Ltd,verityfpl.co.uk
https://financialadvisers.co.uk/financial-planning/perth/?pl_p=17&pl_m=40,Apex Mortgage Advice Limited,
https://financialadvisers.co.uk/financial-planning/perth/?pl_p=17&pl_m=40,Tweed Wealth Management Ltd,tweedwealth.co.uk
https://financialadvisers.co.uk/financial-planning/perth/?pl_p=17&pl_m=40,Balatoni Financial Planning Ltd,partnership.sjp.co.uk/partner/conradbalatoni
https://financialadvisers.co.uk/financial-planning/perth/?pl_p=17&pl_m=40,Anderson Strathern Asset Management Limited,andersonstrathernam.co.uk
https://financialadvisers.co.uk/financial-planning/perth/?pl_p=17&pl_m=40,Clarity Independant Financial Advisors Ltd,clarityifa.com
https://financialadvisers.co.uk/financial-planning/perth/?pl_p=17&pl_m=40,Clarity Independent Wealth Management Limited,
https://financialadvisers.co.uk/financial-planning/perth/?pl_p=17&pl_m=40,Aitken Financial Services Ltd,aitkenfs.co.uk
https://financialadvisers.co.uk/financial-planning/perth/?pl_p=17&pl_m=40,QMPF Llp,qmpf.co.uk
https://financialadvisers.co.uk/financial-planning/perth/?pl_p=17&pl_m=40,Fraser & Reid Wealth Management Limited,frwml.co.uk
https://financialadvisers.co.uk/financial-planning/perth/?pl_p=17&pl_m=40,Forth Capital Advisers Limited,forthcapital.com
https://financialadvisers.co.uk/financial-planning/perth/?pl_p=17&pl_m=40,Morton Fraser MacRoberts LLP,mfmac.com
https://financialadvisers.co.uk/financial-planning/perth/?pl_p=17&pl_m=40,Neil Renton,futurefinancialservices.co.uk
https://financialadvisers.co.uk/financial-planning/perth/?pl_p=17&pl_m=40,Kate Philip,katephilip.com
https://financialadvisers.co.uk/financial-planning/perth/?pl_p=18&pl_m=40,Select Wealth Managers Ltd.,selectwealth.co.uk
https://financialadvisers.co.uk/financial-planning/perth/?pl_p=18&pl_m=40,Adrian Hanger,adhwealthmanagement.co.uk
https://financialadvisers.co.uk/financial-planning/perth/?pl_p=18&pl_m=40,Steven John O'Neill,sbcfinancial.co.uk
https://financialadvisers.co.uk/financial-planning/perth/?pl_p=18&pl_m=40,Seven Hills Financial Planning Ltd,sevenhillswealth.co.uk
https://financialadvisers.co.uk/financial-planning/perth/?pl_p=18&pl_m=40,Sunflower Financial Planning Ltd,sunflowerfinancialplanning.co.uk
https://financialadvisers.co.uk/financial-planning/perth/?pl_p=18&pl_m=40,GMB Portfolio Services Limited,gmbportfolio.co.uk
https://financialadvisers.co.uk/financial-planning/perth/?pl_p=18&pl_m=40,AKC Independent Financial Advisers Ltd,akcifa.com
https://financialadvisers.co.uk/financial-planning/perth/?pl_p=18&pl_m=40,Chris Ness Wealth Management Limited,chrisnesswm.co.uk
https://financialadvisers.co.uk/financial-planning/perth/?pl_p=18&pl_m=40,MCM Financial Limited,
https://financialadvisers.co.uk/financial-planning/perth/?pl_p=18&pl_m=40,Lucy Logan,calderwoodfinancial.co.uk
https://financialadvisers.co.uk/financial-planning/perth/?pl_p=18&pl_m=40,ERG Financial Planning Limited,ergfinancialplanning.com
https://financialadvisers.co.uk/financial-planning/perth/?pl_p=18&pl_m=40,LBFA Limited,lbfa.co.uk
https://financialadvisers.co.uk/financial-planning/perth/?pl_p=18&pl_m=40,Venture Financial Services Ltd,venturefinancial.co.uk
https://financialadvisers.co.uk/financial-planning/perth/?pl_p=18&pl_m=40,INVEST RETIRE PROTECT LTD,mandgwealth.com/investretireprotect
https://financialadvisers.co.uk/financial-planning/perth/?pl_p=18&pl_m=40,Shipra Kohli,
https://financialadvisers.co.uk/financial-planning/perth/?pl_p=19&pl_m=40,JMB Wealth Solutions Ltd,partnership.sjp.co.uk/partner/jmbwealthsolutions
https://financialadvisers.co.uk/financial-planning/perth/?pl_p=19&pl_m=40,CNS FINANCIAL SOLUTIONS LIMITED,cnsfinancial.co.uk
https://financialadvisers.co.uk/financial-planning/perth/?pl_p=19&pl_m=40,Niven Financial Ltd,nivenfinancial.co.uk
https://financialadvisers.co.uk/financial-planning/perth/?pl_p=19&pl_m=40,Global Advice Group Ltd,gag-ltd.com
https://financialadvisers.co.uk/financial-planning/perth/?pl_p=19&pl_m=40,Oliver Asset Management Ltd,oliverassetmgmt.co.uk
https://financialadvisers.co.uk/financial-planning/perth/?pl_p=19&pl_m=40,Professional Money Management Ltd,personalmm.co.uk
https://financialadvisers.co.uk/financial-planning/perth/?pl_p=19&pl_m=40,Swilcan Financial Partners Limited,swilcanfinancialpartners.co.uk
https://financialadvisers.co.uk/financial-planning/perth/?pl_p=19&pl_m=40,Financial Succession Limited,financial-succession.co.uk
https://financialadvisers.co.uk/financial-planning/perth/?pl_p=19&pl_m=40,Findlay & Co Financial Solutions Ltd,findlaycofs.co.uk
https://financialadvisers.co.uk/financial-planning/perth/?pl_p=19&pl_m=40,Active Asset Management (Scotland) Limited,
https://financialadvisers.co.uk/financial-planning/perth/?pl_p=19&pl_m=40,Strategic Wealth Solutions Limited,strategicwealthsolutions.co.uk
https://financialadvisers.co.uk/financial-planning/perth/?pl_p=19&pl_m=40,4ways Financial Solutions LLP,4waysfinancialsolutions.co.uk
https://financialadvisers.co.uk/financial-planning/perth/?pl_p=19&pl_m=40,Medical & Professional CFP Ltd,wealthprofessional.co.uk
https://financialadvisers.co.uk/financial-planning/perth/?pl_p=19&pl_m=40,Rutland Independent Wealth Management LLP,rutlandindependent.co.uk
https://financialadvisers.co.uk/financial-planning/perth/?pl_p=19&pl_m=40,Renton Wealth Management Ltd,2plan.com
https://financialadvisers.co.uk/financial-planning/perth/?pl_p=20&pl_m=40,Cathcart Financial Planning Limited,
https://financialadvisers.co.uk/financial-planning/perth/?pl_p=20&pl_m=40,Fidra Wealth Management Ltd,fidrawealth.com
https://financialadvisers.co.uk/financial-planning/perth/?pl_p=20&pl_m=40,Summerside Independent Ltd,
https://financialadvisers.co.uk/financial-planning/perth/?pl_p=20&pl_m=40,Toner Wealth Ltd,partnership.sjp.co.uk/partner/andrewtoner
https://financialadvisers.co.uk/financial-planning/perth/?pl_p=20&pl_m=40,Sebastien Zamora Wealth Management Ltd,sebastienzamora.co.uk
https://financialadvisers.co.uk/financial-planning/perth/?pl_p=20&pl_m=40,Robert MacIntyre,
https://financialadvisers.co.uk/financial-planning/perth/?pl_p=20&pl_m=40,Keith Roseburgh Financial Limited,keithroseburgh.co.uk
https://financialadvisers.co.uk/financial-planning/perth/?pl_p=20&pl_m=40,Kilgour Wealth Management Limited,kilgourwealth.co.uk
https://financialadvisers.co.uk/financial-planning/perth/?pl_p=20&pl_m=40,M & W Mortgages Limited,
https://financialadvisers.co.uk/financial-planning/perth/?pl_p=20&pl_m=40,Torphin Financial Planning Ltd,torphin.co.uk
https://financialadvisers.co.uk/financial-planning/perth/?pl_p=20&pl_m=40,ARIES FINANCIAL LTD,ariesfinancial.co.uk
https://financialadvisers.co.uk/financial-planning/perth/?pl_p=20&pl_m=40,Argyll Independent Ltd,argyll-bute.gov.uk
https://financialadvisers.co.uk/financial-planning/perth/?pl_p=20&pl_m=40,Steven Auldjo,dynamicws.co.uk
https://financialadvisers.co.uk/financial-planning/perth/?pl_p=20&pl_m=40,Guthrie Wealth Consultancy Ltd,guthriewealthconsultancy.co.uk
https://financialadvisers.co.uk/financial-planning/perth/?pl_p=20&pl_m=40,Kenneth Murphy,partnership.sjp.co.uk/partner/kennethmurphy
https://financialadvisers.co.uk/financial-planning/perth/?pl_p=21&pl_m=40,KEY FINANCIAL WEALTH SOLUTIONS LIMITED,mandgwealth.com/keyfinancialwealthsolutions
https://financialadvisers.co.uk/financial-planning/perth/?pl_p=21&pl_m=40,Gosford Financial Services Ltd,gosfordfs.co.uk
https://financialadvisers.co.uk/financial-planning/perth/?pl_p=21&pl_m=40,McInroy & Wood Ltd,mcinroy-wood.co.uk
https://financialadvisers.co.uk/financial-planning/perth/?pl_p=21&pl_m=40,CFind (Scotland) Ltd,
https://financialadvisers.co.uk/financial-planning/perth/?pl_p=21&pl_m=40,Miller Associates Limited,millerassociates.co.uk
https://financialadvisers.co.uk/financial-planning/perth/?pl_p=21&pl_m=40,Alistair Young Financial Ltd,alistairyoung.2plan.com
https://financialadvisers.co.uk/financial-planning/perth/?pl_p=21&pl_m=40,Brian Innes and Lynn Innes,
https://financialadvisers.co.uk/financial-planning/perth/?pl_p=21&pl_m=40,Jamieson Financial Planning Ltd,jamiesonfp.co.uk
https://financialadvisers.co.uk/financial-planning/perth/?pl_p=21&pl_m=40,O'Sullivan Associates,ifa-lothians.com
https://financialadvisers.co.uk/financial-planning/perth/?pl_p=21&pl_m=40,Wilson Financial Advice Ltd,wilsonfinancialadvice.co.uk
https://financialadvisers.co.uk/financial-planning/perth/?pl_p=21&pl_m=40,Burt Financial Planning Ltd,burtfinancialplanning.co.uk
https://financialadvisers.co.uk/financial-planning/perth/?pl_p=21&pl_m=40,Optimal Financial Solutions Ltd,optimalfinancial.co.uk
